Data,Polaridade,Subjetividade,Sentiment,qtde
20130102,2.5,7.333333333333333,1.3125,4
20130103,0.0,1.0,0.0,1
20130107,0.23636363636363641,3.0545454545454547,0.15625000000000003,2
20130108,-0.1,2.1,-0.09090909090909091,2
20130109,1.8,4.0,0.9,2
20130110,0.15454545454545457,2.731818181818182,0.10798487544483988,2
20130111,0.5,3.6,0.2625,2
20130114,0.5,2.5,0.3333333333333333,2
20130115,0.85,3.8535714285714286,0.52693198005698,3
20130116,0.375,2.8,0.20833333333333331,2
20130117,0.2625,2.45,0.1810344827586207,2
20130118,0.0,2.0,0.0,2
20130121,0.03484848484848482,6.0606060606060606,0.01620370370370368,4
20130122,0.0,2.0,0.0,2
20130123,0.25,3.25,0.2,3
20130124,0.4666666666666666,2.4333333333333336,0.3255813953488372,2
20130125,0.6166666666666667,2.6666666666666665,0.37000000000000005,2
20130128,0.5528409090909091,2.6553030303030303,0.408059036118505,2
20130129,0.8,3.0,0.5258741258741259,2
20130130,0.2,2.625,0.12307692307692308,2
20130131,0.07083333333333333,2.4291666666666667,0.04956268221574344,2
20130201,0.3,3.4,0.2142857142857143,3
20130204,1.1166666666666667,6.133333333333333,0.6029411764705883,5
20130205,0.0,2.0,0.0,2
20130206,0.85,3.15,0.5454545454545454,2
20130207,0.0,2.0,0.0,2
20130208,0.01666666666666667,1.0958333333333332,0.015209125475285176,1
20130212,0.5,1.5,0.3333333333333333,1
20130213,0.35,1.3,0.2692307692307692,1
20130214,0.6666666666666666,2.7,0.392156862745098,2
20130215,0.0,1.0,0.0,1
20130218,0.2,2.2,0.16666666666666669,2
20130219,0.1,1.4,0.07142857142857144,1
20130220,0.0,1.0,0.0,1
20130221,0.08333333333333343,3.0,0.02529761904761907,2
20130222,0.9916666666666667,3.2,0.6323529411764706,2
20130225,1.475,3.75,0.7857142857142858,2
20130226,0.0,2.0,0.0,2
20130227,0.0625,2.75,0.07500000000000001,2
20130228,0.0,2.0,0.0,2
20130301,1.0,3.0,0.5,2
20130304,1.7333333333333334,5.65,0.9444444444444445,4
20130305,2.55,9.6,1.4955357142857144,7
20130306,2.166666666666667,6.433333333333334,1.1860795454545454,4
20130307,1.7,6.525,1.1734743265993266,5
20130308,0.55,2.85,0.37037037037037035,2
20130311,0.1875,2.05,0.17857142857142858,2
20130312,0.5,3.0,0.25,2
20130313,0.8181818181818181,3.25,0.42954545454545456,2
20130314,0.5590909090909091,4.25,0.32727272727272727,3
20130315,0.125,2.716666666666667,0.11477272727272728,2
20130317,0.1233766233766234,1.2845238095238094,0.09604852978346957,1
20130319,0.42500000000000004,4.05,0.17832167832167836,3
20130320,0.0,3.0,0.0,2
20130321,0.0,2.5,0.0,2
20130322,0.45,5.2,0.20238095238095233,4
20130325,1.375,5.225,0.8802083333333333,4
20130326,0.0,1.0,0.0,1
20130327,0.875,2.6,0.546875,2
20130401,0.875,2.6,0.546875,2
20130402,0.3125,2.225,0.25510204081632654,2
20130403,0.0,1.0,0.0,1
20130404,0.9,4.4,0.5357142857142858,3
20130408,0.0,1.0,0.0,1
20130409,0.4375,1.8,0.24305555555555555,1
20130410,0.875,5.666666666666666,0.546875,5
20130411,0.45,2.9,0.2976190476190476,2
20130412,0.0,2.0,0.0,1
20130415,0.9018939393939392,5.4772727272727275,0.6294146825396825,4
20130417,0.0,3.0,0.0,2
20130418,0.09,1.1766666666666665,0.0764872521246459,1
20130419,0.09375,4.6,0.07109375,3
20130422,0.6333333333333334,5.208333333333333,0.4000000000000001,4
20130424,0.7916666666666667,3.2777777777777777,0.4782608695652174,2
20130425,0.5625,5.95,0.39746543778801846,5
20130426,0.01818181818181817,3.7272727272727275,0.010526315789473677,2
20130429,0.5,2.5,0.3333333333333333,2
20130430,0.28125,2.7666666666666666,0.16875,2
20130502,0.1,2.2,0.08333333333333334,2
20130503,1.875,3.2,1.171875,2
20130506,1.3645833333333335,7.3583333333333325,0.9404761904761905,6
20130507,0.5625,3.8,0.40064102564102566,3
20130508,0.5,3.0,0.3333333333333333,2
20130509,0.125,2.35,0.08636363636363638,2
20130510,1.4306818181818182,4.252272727272728,0.9535034779050736,3
20130513,1.1125,3.7500000000000004,0.7676542207792207,3
20130514,0.8875,5.1,0.5862903225806452,4
20130515,1.4928571428571429,3.567857142857143,0.8143507972665147,2
20130516,0.475,3.4,0.3392857142857143,3
20130517,2.4875,9.427777777777779,1.3691899490868562,6
20130518,0.625,1.8333333333333335,0.3409090909090909,1
20130520,0.625,5.949999999999999,0.44735023041474653,5
20130521,2.375,5.699999999999999,1.5104166666666667,4
20130522,0.1363636363636364,1.5,0.09090909090909094,1
20130523,0.625,4.757142857142857,0.23214285714285715,3
20130524,1.8590909090909091,6.195454545454545,1.193064120809614,4
20130527,-0.04999999999999999,6.15,-0.080952380952381,5
20130528,0.2116666666666667,2.2533333333333334,0.16888297872340427,2
20130529,0.375,6.3125,0.3190543071161049,6
20130531,0.4375,2.3,0.3365384615384615,2
20130603,0.14375,6.6375,0.05481283422459893,6
20130604,0.4312878787878788,3.7406818181818187,0.314876378373708,3
20130605,0.875,4.15,0.5178571428571428,3
20130606,0.26249999999999996,2.5,0.16801948051948054,2
20130607,1.25,4.25,0.7,3
20130610,1.268181818181818,4.75,0.9904428904428904,4
20130611,0.1,2.4,0.07142857142857144,2
20130612,2.3,8.0,1.15,4
20130613,2.525,9.758333333333335,1.4207488738738738,7
20130614,0.13712121212121206,3.121212121212121,0.09718749999999994,2
20130617,0.3854166666666666,3.658333333333333,0.2324120603015075,3
20130618,0.0,1.0,0.0,1
20130619,1.1569444444444443,3.3055555555555554,0.6426544766708701,2
20130620,-0.25,1.0,-0.25,1
20130621,-0.09583333333333335,1.5166666666666666,-0.0631868131868132,1
20130624,0.25,3.25,0.2,3
20130625,0.6306818181818181,3.7272727272727275,0.4653846153846154,3
20130626,1.0931818181818183,6.527272727272727,0.7151474961819789,5
20130627,0.0,1.0,0.0,1
20130628,0.4,3.5,0.2833333333333333,2
20130701,0.625,3.4,0.3392857142857143,2
20130703,0.3219696969696969,2.6774891774891776,0.2407910628019323,2
20130704,0.06818181818181818,2.2606060606060607,0.05408653846153845,2
20130705,0.125,1.4,0.08928571428571429,1
20130708,0.1202020202020202,2.2373737373737375,0.09714285714285713,2
20130709,0.4464285714285715,2.571428571428571,0.28409090909090917,2
20130710,0.125,2.4,0.08928571428571429,2
20130711,1.1375,3.4000000000000004,0.6805555555555555,2
20130712,0.75,1.75,0.42857142857142855,1
20130715,1.0,2.0,0.5,1
20130717,0.2666666666666667,2.6166666666666667,0.16494845360824745,2
20130718,0.5860389610389609,3.0487012987012987,0.3858391608391608,2
20130719,0.7666666666666666,1.9166666666666665,0.4,1
20130722,0.1704545454545454,1.4545454545454546,0.11718749999999994,1
20130724,0.125,1.1666666666666667,0.10714285714285714,1
20130729,1.0,3.75,0.5,2
20130730,0.0,1.0,0.0,1
20130731,0.7083333333333334,2.8666666666666667,0.37946428571428575,2
20130801,0.0,1.0,0.0,1
20130802,1.0,3.05,0.6559139784946236,2
20130805,0.75,5.5,0.4583333333333333,4
20130806,0.3571428571428572,1.5714285714285714,0.22727272727272732,1
20130807,0.28686868686868694,2.570707070707071,0.2221428571428572,2
20130808,0.4204545454545454,2.987878787878788,0.2802309782608695,2
20130809,0.4375,2.65,0.26515151515151514,2
20130812,0.0,3.0,0.0,3
20130814,0.8714285714285714,4.571428571428571,0.4965909090909092,3
20130815,0.0125,2.1,0.011363636363636364,2
20130816,-0.15,2.9124999999999996,-0.09917355371900827,2
20130819,0.85625,4.125,0.5525641025641026,3
20130820,-0.4,5.8,-0.28717948717948716,5
20130821,0.3125,2.25,0.25,2
20130822,0.1704545454545454,2.4545454545454546,0.11718749999999994,2
20130823,1.7708333333333333,7.441666666666667,0.9904233870967741,5
20130826,0.1704545454545454,2.4545454545454546,0.11718749999999994,2
20130827,0.6525,4.916666666666667,0.43957513768686074,4
20130828,1.0950000000000002,3.95,0.5548717948717949,2
20130829,0.4534090909090909,3.1545454545454543,0.27895574924572575,2
20130830,0.375,2.9,0.19736842105263158,2
20130902,0.3787878787878787,2.484848484848485,0.2551020408163264,2
20130903,0.3105555555555556,3.6644444444444444,0.23587779973649542,3
20130904,0.6852272727272727,4.127272727272727,0.43904428904428905,3
20130905,3.3442708333333333,17.979166666666664,1.8601169061785499,11
20130906,2.171875,9.979861111111111,1.265794922974659,7
20130909,10.125595238095238,35.408928571428575,5.41373252217954,20
20130910,0.8625,6.333333333333334,0.5135032041501373,4
20130911,2.0,15.8,1.1754679144385025,11
20130912,0.8863636363636365,10.704545454545455,0.5437500000000001,8
20130913,2.5,11.797916666666666,1.492483172258453,8
20130916,4.4,14.488888888888889,2.293237565296389,8
20130917,0.25,3.6666666666666665,0.15000000000000002,3
20130918,1.325,4.483333333333333,0.8634072580645161,3
20130919,1.4848484848484849,7.227272727272727,0.9460656874214654,5
20130920,0.9556818181818181,7.339772727272727,0.6353283118829101,6
20130923,4.05,18.950000000000003,2.4593487394957982,14
20130924,1.3333333333333333,6.783333333333333,0.7543478260869565,5
20130925,1.784848484848485,12.439177489177489,1.058279749146622,9
20130926,4.25,13.35,2.408333333333333,8
20130927,0.8921428571428571,8.317142857142857,0.6446975811382591,6
20130929,0.3125,3.0,0.15625,2
20130930,1.9673701298701298,11.42965367965368,1.1266370869033047,8
20131001,0.5625,7.625,0.3138528138528139,6
20131002,0.5125,5.5,0.34601427983780925,4
20131003,-0.1875,4.9,-0.13392857142857142,4
20131004,0.4541666666666666,3.466666666666667,0.30965909090909083,3
20131007,0.8098484848484848,10.625,0.5211229946524063,8
20131008,0.46875,3.072222222222222,0.26785714285714285,2
20131009,1.1541666666666668,5.266666666666667,0.7883771929824561,4
20131010,10.139289321789322,43.66633477633478,5.738854646482246,28
20131011,1.4881944444444444,10.50138888888889,0.8859272786561787,7
20131014,0.9283333333333335,6.961666666666667,0.5944490823695499,5
20131015,0.6704545454545454,5.954545454545455,0.45052083333333326,5
20131016,0.341919191919192,2.798989898989899,0.24664256198347115,2
20131017,0.7625,6.883333333333333,0.452116935483871,4
20131018,0.5,3.0,0.25,2
20131021,0.625,4.5,0.4166666666666667,4
20131022,1.209375,7.433333333333334,0.7835094795101272,6
20131023,0.5,4.125,0.25,3
20131024,0.2,4.375,0.14545454545454548,3
20131025,0.45,2.55,0.2903225806451613,2
20131028,1.0,7.425000000000001,0.7661343555403568,6
20131029,0.525,3.8999999999999995,0.3583776595744681,3
20131030,0.55,2.95,0.2820512820512821,2
20131031,0.45,4.3,0.27884615384615385,3
20131101,1.4125,3.35,0.8055555555555556,2
20131104,0.5113636363636365,5.454545454545455,0.46875,5
20131105,1.312121212121212,9.284848484848485,0.8001417048179638,7
20131106,0.3125,2.333333333333333,0.234375,2
20131107,0.1742424242424243,4.16969696969697,0.09315342328835587,3
20131108,-0.125,2.1,-0.11363636363636363,2
20131111,0.75,5.075,0.43009205983889526,4
20131112,0.03333333333333333,3.3666666666666667,0.024390243902439025,3
20131113,1.4166666666666667,4.566666666666666,0.8490953947368423,3
20131114,0.0,2.0,0.0,2
20131118,0.6708333333333334,3.783333333333333,0.3761682242990655,3
20131119,0.8,4.083333333333334,0.5228070175438596,3
20131121,1.0204545454545453,4.454545454545455,0.5421874999999999,3
20131122,1.0,3.0,0.5,2
20131125,2.4098484848484847,9.352272727272728,1.444517390289449,6
20131126,1.0267857142857144,4.535714285714286,0.5808080808080809,3
20131127,0.625,4.75,0.35714285714285715,4
20131128,0.0,1.0,0.0,1
20131129,0.01666666666666667,2.033333333333333,0.01612903225806452,2
20131201,0.0,1.0,0.0,1
20131202,4.220265151515151,24.579166666666666,2.5501912598895355,17
20131203,0.6,5.3,0.3269230769230769,4
20131204,1.7,7.333333333333333,1.0364583333333335,5
20131205,3.947897727272727,32.964444444444446,2.5312436104357765,25
20131206,0.8125,3.95,0.5441176470588236,3
20131209,0.16666666666666669,2.6166666666666667,0.14950980392156865,2
20131210,2.4916666666666667,12.266666666666666,1.3875925925925927,8
20131211,0.5746212121212121,5.734848484848484,0.39285714285714285,4
20131212,0.4181818181818182,2.9272727272727272,0.2760084925690021,2
20131213,2.0,4.3,1.2692307692307692,3
20131216,1.125,3.15,0.7472826086956522,2
20131217,0.248015873015873,2.473015873015873,0.1683728448275862,2
20131218,1.4732142857142856,5.586904761904762,0.9514221290994587,4
20131219,0.4113636363636365,8.442045454545454,0.2629645862552594,7
20131220,1.1484848484848484,8.601515151515152,0.6882776108834479,6
20131223,2.1375,7.5,1.175,4
20131224,0.3571428571428571,1.5357142857142856,0.23255813953488372,1
20131225,0.0,1.0,0.0,1
20131226,1.3105902777777778,12.655555555555555,0.8725816550862172,10
20131227,0.6,3.8,0.4270833333333333,3
20131230,0.793560606060606,3.3106060606060606,0.4769230769230769,2
20140102,0.0,2.05,0.0,2
20140103,0.4375,2.55,0.282258064516129,2
20140106,0.625,2.5,0.4166666666666667,2
20140107,0.15,1.2777777777777777,0.11739130434782609,1
20140108,0.0,1.0,0.0,1
20140109,0.01818181818181817,2.2772727272727273,0.014234875444839848,2
20140110,1.0454545454545454,3.3181818181818183,0.5344827586206896,2
20140113,0.7200757575757576,5.656060606060606,0.4542601774341232,4
20140114,1.5696969696969698,10.81287878787879,1.0532396331738436,8
20140115,2.7958333333333334,10.716666666666667,1.609505772005772,6
20140116,0.4375,4.675,0.282258064516129,4
20140117,1.0,3.0,0.5,2
20140121,1.474621212121212,6.467508417508417,0.8802631745790221,4
20140122,0.5056818181818181,4.6744949494949495,0.2858362939320652,3
20140123,0.6931818181818182,4.3939393939393945,0.38858695652173914,3
20140124,-0.16805555555555557,3.613888888888889,-0.12728937728937728,3
20140127,1.8,4.308333333333334,1.2581845238095237,3
20140128,0.5,2.0,0.25,1
20140129,1.0,1.9,0.5263157894736842,1
20140130,2.1375,5.34,1.1507034632034634,3
20140131,0.9204545454545454,4.929545454545455,0.5445407152842497,3
20140203,0.9287878787878787,8.204545454545455,0.6405208333333332,7
20140204,0.5125,1.8,0.2847222222222222,1
20140205,1.865909090909091,6.936363636363636,1.1056537126756691,4
20140206,0.15984848484848477,4.827272727272727,0.09810066476733137,4
20140207,0.0,1.125,0.0,1
20140210,1.1791666666666667,9.741666666666667,0.7299169902262685,7
20140211,2.7033333333333336,7.77,1.5585590070357096,5
20140212,1.25,7.357142857142858,0.625,4
20140214,2.1083333333333334,11.066098484848487,1.3318674359057896,8
20140217,1.9935606060606061,5.043939393939394,1.152080639948287,3
20140218,0.2409090909090909,5.661363636363636,0.15584092792046395,4
20140219,0.6842803030303031,2.9469696969696972,0.4619474125288079,2
20140220,0.9261363636363636,6.481818181818182,0.5271065283400809,4
20140221,0.863181818181818,9.469772727272726,0.6136313928056214,6
20140224,-0.5,4.0,-0.25,3
20140225,0.6579545454545455,8.746212121212121,0.4501270933014353,7
20140226,1.85,7.3999999999999995,1.1323099415204678,5
20140227,2.235952380952381,12.564285714285713,1.2844523362816045,9
20140228,0.25,2.25,0.2,2
20140305,0.25,2.875,0.17616421568627452,2
20140306,0.5,5.0,0.25,4
20140307,2.75,13.379166666666666,1.8397901533494754,10
20140308,0.5125,1.55,0.33064516129032256,1
20140310,1.7026785714285715,16.008928571428573,0.9506714927114857,12
20140311,1.85,6.8,1.235897435897436,5
20140312,0.7875,3.0083333333333333,0.5179570895522387,2
20140313,2.0708333333333333,19.40416666666667,1.2206394609712687,14
20140314,2.0,11.0,1.0,7
20140317,3.1626136363636363,18.871351010101005,1.924672352659184,12
20140318,0.7326515151515152,6.594393939393939,0.4873160996490597,5
20140319,2.37739898989899,14.403367003367004,1.506742463120697,10
20140320,4.403787878787879,18.42651515151515,2.406558416736169,12
20140321,1.8875000000000002,11.562499999999998,1.1646781168661915,8
20140324,4.008333333333333,25.911904761904758,2.460949157225753,20
20140325,0.70625,5.083333333333334,0.45975877192982456,4
20140326,1.9928210678210678,11.765025252525254,1.2337707469447607,8
20140327,1.0208333333333333,7.333333333333333,0.7016546162402669,6
20140328,0.2571428571428571,2.6357142857142857,0.1416490486257928,2
20140331,0.9681818181818181,19.118939393939392,0.710619655351127,15
20140401,1.5333333333333334,10.95,1.077466393255867,9
20140402,4.603030303030303,24.799783549783548,2.74878892274059,17
20140403,0.29166666666666674,9.662500000000001,0.2133845086847094,6
20140404,3.7333333333333334,24.224999999999998,2.600320950801676,18
20140407,1.793939393939394,14.665909090909091,1.2528569838102095,12
20140408,0.45,14.7,0.2647058823529412,14
20140409,0.05833333333333329,5.566666666666666,0.010241596638655426,4
20140410,0.9375,1.8,0.5208333333333334,1
20140411,0.375,1.7,0.22058823529411764,1
20140414,1.625,3.375,0.95,2
20140415,0.0,2.125,0.0,2
20140416,0.5866666666666667,2.586666666666667,0.3697478991596639,2
20140417,0.13333333333333328,2.6333333333333333,0.1057692307692307,2
20140422,1.1704545454545454,4.454545454545455,0.6171875,3
20140423,0.4375,2.55,0.282258064516129,2
20140424,0.7903409090909091,6.163636363636364,0.4261131303952749,4
20140425,0.010606060606060563,6.982575757575757,0.009264099436603307,6
20140428,0.875,4.75,0.4642857142857143,3
20140429,0.9895833333333334,4.033333333333333,0.5803571428571429,3
20140430,0.6222222222222222,6.930555555555555,0.31801948051948054,5
20140502,0.25,4.616666666666666,0.16129032258064516,4
20140505,2.5125,12.35,1.5521722802024036,9
20140506,2.521590909090909,9.713636363636363,1.5839996971073753,6
20140508,0.06666666666666667,2.9333333333333336,0.046511627906976744,2
20140509,0.7037878787878789,6.916098484848485,0.4440344327754075,5
20140512,1.705681818181818,12.171022727272726,1.0039127539127541,8
20140513,0.52,1.8199999999999998,0.28571428571428575,1
20140514,1.5833333333333333,7.180555555555555,1.2340397697540553,6
20140515,1.4333333333333331,7.733333333333333,0.7152504472271914,5
20140516,0.2166666666666667,4.271794871794872,0.15230052743799802,3
20140519,0.1,2.4,0.07142857142857144,2
20140520,0.2,3.2,0.16666666666666669,2
20140521,1.7041666666666666,7.083333333333333,0.9786255411255412,5
20140522,0.6666666666666666,20.0,0.41414141414141425,13
20140523,0.5681818181818181,5.377272727272727,0.4125412541254124,5
20140526,1.9931818181818182,9.343939393939394,1.070805837223027,5
20140527,0.95,3.3166666666666664,0.581039755351682,2
20140528,0.0,1.0,0.0,1
20140529,-0.007575757575757576,1.3115530303030303,-0.0057761732851985565,1
20140530,0.4030303030303031,3.737878787878788,0.30154220779220786,3
20140602,0.875,9.275,0.5260063319764812,8
20140603,2.5791666666666666,12.55,1.5580296694544005,9
20140604,0.4375,1.55,0.282258064516129,1
20140605,0.2232142857142857,1.2857142857142856,0.1736111111111111,1
20140606,1.275,5.15,0.7361111111111112,3
20140609,3.5125,10.4,2.3858025592370944,7
20140610,0.3,6.55,0.1935483870967742,6
20140611,0.1,1.4,0.07142857142857144,1
20140613,0.0,2.0,0.0,2
20140616,0.4,1.8,0.22222222222222224,1
20140618,1.75,4.6125,1.2097069597069596,3
20140620,0.0,1.0,0.0,1
20140624,0.3,1.4,0.2142857142857143,1
20140625,0.09393939393939395,2.949242424242424,0.06481965499215891,2
20140626,0.75,6.111111111111111,0.4885057471264368,5
20140630,-0.007575757575757576,1.3115530303030303,-0.0057761732851985565,1
20140701,0.1363636363636364,3.4545454545454546,0.09375000000000003,3
20140703,0.6681818181818182,4.439772727272727,0.3600699164886386,3
20140707,0.6,2.0,0.3,1
20140708,0.8,1.75,0.4571428571428572,1
20140710,0.0,1.0,0.0,1
20140711,0.4375,4.55,0.282258064516129,4
20140714,1.4875,4.733333333333333,0.9142913033758104,3
20140715,0.0,2.1,0.0,2
20140716,0.3,2.8,0.17948717948717946,2
20140717,0.0,1.5,0.0,1
20140718,0.5,1.5,0.3333333333333333,1
20140721,0.3465909090909091,1.735858585858586,0.1996654058772185,1
20140722,0.0,1.0,0.0,1
20140723,0.1363636363636364,3.5795454545454546,0.09375000000000003,3
20140724,0.5,1.5,0.3333333333333333,1
20140725,0.8875,5.785,0.5010940146809713,4
20140728,0.4583333333333333,3.7,0.2696078431372549,3
20140729,0.7375,5.383333333333334,0.4458944281524926,4
20140730,0.0,1.0,0.0,1
20140731,0.125,1.5416666666666665,0.08108108108108109,1
20140801,0.0,4.5,0.0,3
20140804,0.02916666666666667,4.391666666666667,0.02095808383233533,4
20140805,1.9249999999999998,10.9375,1.0139054785793917,8
20140806,0.9181818181818182,5.027272727272727,0.6071428571428572,4
20140808,1.413888888888889,5.288888888888889,0.912918613707165,4
20140811,0.0,1.0,0.0,1
20140813,0.9125,5.6499999999999995,0.574274871238818,4
20140814,0.0,1.0666666666666667,0.0,1
20140815,0.2,2.2,0.16666666666666669,2
20140818,2.5625,11.6,1.4723583151426953,7
20140819,0.4,6.135714285714286,0.25515838419064224,5
20140820,0.4375,4.55,0.282258064516129,4
20140821,0.6363636363636365,2.9545454545454546,0.42708333333333337,2
20140822,0.0,1.0,0.0,1
20140825,0.3666666666666666,2.3333333333333335,0.2749999999999999,2
20140826,0.05,1.3,0.038461538461538464,1
20140827,0.30643939393939396,10.902575757575757,0.18234175766428246,9
20140828,0.5,4.9,0.2631578947368421,4
20140829,0.4375,1.55,0.282258064516129,1
20140901,0.3,2.7,0.17647058823529413,2
20140902,0.0,1.0,0.0,1
20140903,0.475,1.8,0.2638888888888889,1
20140904,0.15,2.25,0.12,2
20140905,0.0,1.0,0.0,1
20140908,0.5,2.5,0.3333333333333333,2
20140909,0.3181818181818182,1.4772727272727273,0.21538461538461537,1
20140910,0.0,1.0,0.0,1
20140911,0.4666666666666666,1.7000000000000002,0.2745098039215686,1
20140912,1.4833333333333334,5.366666666666667,0.8320912732127685,3
20140915,0.4,1.35,0.2962962962962963,1
20140916,0.0,1.0,0.0,1
20140917,0.0,1.0,0.0,1
20140918,0.0,1.0,0.0,1
20140919,0.0,1.0,0.0,1
20140922,0.85,6.0,0.425,5
20140923,0.7166666666666666,5.333333333333334,0.42047619047619045,4
20140924,0.5,3.0,0.25,2
20140925,1.0666666666666669,7.433333333333334,0.6765684786911202,6
20140926,0.4444444444444444,2.833333333333333,0.3125,2
20140929,0.925,2.6833333333333336,0.5930288461538462,2
20140930,0.15,1.3444444444444443,0.1115702479338843,1
20141001,-0.05,1.05,-0.047619047619047616,1
20141002,-0.2,1.4,-0.14285714285714288,1
20141003,0.0,1.6,0.0,1
20141006,0.525,5.449999999999999,0.32472527472527474,4
20141007,0.0,1.0,0.0,1
20141008,0.1666666666666667,1.5833333333333335,0.10526315789473686,1
20141009,0.9,3.45,0.5258620689655172,2
20141010,1.1363636363636365,2.8,0.8601398601398601,2
20141011,0.1363636363636364,1.5,0.09090909090909094,1
20141012,1.3068181818181819,7.0,0.7045454545454545,4
20141013,0.0,1.0,0.0,1
20141014,0.15,1.65,0.09090909090909091,1
20141015,0.2166666666666667,2.6,0.13541666666666669,2
20141016,0.5,3.0,0.25,2
20141017,0.0,1.0,0.0,1
20141019,0.0,1.0,0.0,1
20141020,-0.1666666666666667,1.6666666666666665,-0.10000000000000003,1
20141021,0.1363636363636364,2.4545454545454546,0.09375000000000003,2
20141022,0.0,1.0,0.0,1
20141023,1.0287878787878788,3.5999999999999996,0.7913752913752913,3
20141024,0.0,1.0,0.0,1
20141027,0.05,1.3,0.038461538461538464,1
20141028,0.0,1.0,0.0,1
20141029,-0.09375,2.3,-0.07211538461538461,2
20141030,0.0,1.0,0.0,1
20141031,0.25,3.0,0.125,2
20141103,0.5833333333333333,5.0,0.3883861236802413,4
20141104,1.0333333333333332,3.033333333333333,0.6811594202898551,2
20141105,1.9704545454545455,7.766666666666667,1.0635294583465316,5
20141106,1.725,3.4000000000000004,1.0190972222222223,2
20141107,0.8875,4.56875,0.5366537717601547,3
20141110,0.0,1.5,0.0,1
20141111,-0.05,1.85,-0.02702702702702703,1
20141112,0.35,2.75,0.19999999999999998,2
20141113,0.009374999999999994,2.6052083333333336,0.005840363400389354,2
20141114,0.3,1.6,0.18749999999999997,1
20141117,1.3875,6.9,0.7943722943722943,4
20141118,0.0,1.0,0.0,1
20141119,0.0,1.0,0.0,1
20141120,0.0,1.0,0.0,1
20141121,0.54,3.7079166666666667,0.366448200528918,3
20141124,0.0,1.0,0.0,1
20141125,-0.2,1.3,-0.15384615384615385,1
20141126,0.0,2.0,0.0,2
20141127,0.575,2.875,0.406060606060606,2
20141128,0.0,2.0,0.0,2
20141201,0.35,7.15,0.20478983382209184,6
20141202,3.896742424242423,40.83,2.321226972572973,29
20141203,1.4,7.699999999999999,0.8891129032258063,6
20141204,0.5863636363636364,4.5,0.39090909090909093,3
20141205,3.7691540404040405,36.3259595959596,2.435170207956508,27
20141208,0.4,4.333333333333334,0.23414634146341462,3
20141209,0.6,3.6,0.4242424242424242,3
20141210,0.6218750000000001,4.3375,0.36742254153569825,3
20141211,0.35,1.55,0.2258064516129032,1
20141212,0.25,3.0,0.125,2
20141215,0.375,2.0,0.1875,1
20141216,0.85,3.5833333333333335,0.5203947368421051,2
20141217,0.3571428571428572,1.5714285714285714,0.22727272727272732,1
20141218,0.2467532467532468,1.5357142857142856,0.16067653276955607,1
20141219,0.5,2.0,0.25,1
20141222,0.25,1.25,0.2,1
20141223,0.0,1.0666666666666667,0.0,1
20141224,0.7124999999999999,1.4875,0.47899159663865537,1
20141225,0.0,1.0,0.0,1
20141226,0.625,1.6,0.390625,1
20141229,0.55,6.583333333333333,0.291787235752753,4
20141230,0.5333333333333333,1.5,0.35555555555555557,1
20141231,0.2121212121212121,1.3598484848484849,0.15598885793871864,1
20150101,0.0,2.0,0.0,2
20150102,0.6,3.65,0.3287671232876712,2
20150105,-0.16666666666666666,5.3999999999999995,-0.09803921568627452,4
20150106,0.4967532467532468,4.762987012987013,0.3595769682726205,4
20150107,1.9722222222222223,5.444444444444445,1.291769801980198,4
20150108,4.740252525252526,23.977777777777778,2.638323622323622,14
20150109,1.65,7.166666666666667,0.9168831168831169,4
20150112,2.7325757575757574,11.403030303030302,1.750448850744796,8
20150113,0.9,5.6,0.5,4
20150114,0.2666666666666666,7.266666666666666,0.16326530612244894,6
20150115,1.3,5.5,0.7428571428571429,4
20150116,1.5416666666666665,8.333333333333332,0.9916666666666666,6
20150119,1.7543650793650793,13.646031746031747,1.0718565988223248,8
20150121,1.4,12.1,0.9247311827956988,10
20150122,-0.025000000000000022,5.375,-0.05913043478260871,4
20150123,0.0,2.0,0.0,2
20150126,0.9333333333333333,8.522222222222222,0.5890989988876529,6
20150127,0.0,4.0,0.0,4
20150128,2.925,16.85,1.714516129032258,10
20150129,0.65,5.116666666666667,0.41711229946524064,4
20150130,0.675,24.40833333333333,0.4486960566766059,20
20150131,0.4666666666666666,6.95,0.3163841807909604,6
20150201,2.670833333333334,58.84166666666666,1.804232232774672,42
20150202,-0.5303030303030304,32.50454545454545,-0.48961269363398296,24
20150203,4.1460606060606064,44.14242424242425,2.4574305303854054,32
20150204,4.975851370851373,62.600483405483395,3.1493673342265027,46
20150205,1.5404761904761906,33.27142857142857,0.8771222896465868,22
20150206,1.12,20.788333333333334,0.7408493659835402,16
20150207,1.0,3.0,0.6666666666666666,2
20150208,0.0,2.0,0.0,2
20150209,1.272727272727273,6.909090909090909,0.6875,4
20150210,1.275,8.6,0.9409937888198758,6
20150211,3.5547619047619055,57.039285714285725,1.6963567075027446,40
20150212,2.666666666666667,18.0,1.6501831501831503,12
20150213,1.9,9.5,1.1823983169705472,6
20150216,1.4909090909090912,5.236363636363636,1.1416445623342177,4
20150217,1.0,7.199999999999999,0.5625,4
20150218,0.0,4.0,0.0,4
20150219,1.2999999999999998,8.3,0.7857142857142858,6
20150220,2.5,6.4,1.5166666666666666,4
20150223,2.7030303030303027,18.212878787878786,1.5737262116739528,12
20150224,2.5,18.183333333333334,1.3833553726058951,12
20150225,1.0,3.2,0.625,2
20150226,-0.050000000000000044,10.6,-0.17669172932330834,8
20150227,2.272727272727273,6.909090909090909,1.1875,4
20150302,0.7,5.1,0.4516129032258064,4
20150303,1.0,5.066666666666666,0.6666666666666666,4
20150305,0.4,13.1,0.25391849529780564,10
20150306,3.272727272727273,20.409090909090907,1.8541666666666665,14
20150307,0.0,2.0,0.0,2
20150308,0.3571428571428572,2.571428571428571,0.27777777777777785,2
20150309,0.0,6.0,0.0,6
20150310,1.7,4.0,0.85,2
20150311,2.0,13.333333333333334,1.25,10
20150312,1.7047619047619047,37.5547619047619,1.2335839691757127,30
20150313,0.48333333333333345,19.05,-0.09116402116402114,14
20150316,2.6000000000000005,17.766666666666666,1.6927702484793483,14
20150317,0.2857142857142856,9.035714285714285,0.16017316017316013,6
20150318,2.375,10.6,1.4305555555555554,8
20150319,1.6666666666666665,6.666666666666668,1.0303030303030303,4
20150320,2.75,8.2,1.7604166666666665,6
20150321,0.8,3.0,0.5333333333333333,2
20150322,2.0,4.0,1.0,2
20150323,1.5242424242424242,11.236363636363636,0.9710406634563937,8
20150324,-0.09999999999999998,8.05,-0.1208791208791209,6
20150325,3.5,18.2,2.0416666666666665,12
20150326,1.0,6.666666666666666,0.625,4
20150327,0.0,6.0,0.0,6
20150330,1.7642857142857142,11.742857142857144,0.9255725190839694,8
20150331,-0.1272727272727272,13.554545454545455,-0.1487179487179487,12
20150401,0.0,18.138888888888886,-0.08181818181818176,14
20150402,3.323809523809524,10.568253968253968,2.428671794383906,8
20150403,0.0,4.0,0.0,4
20150405,0.9,3.1,0.5806451612903226,2
20150406,1.8,7.3,1.090909090909091,6
20150407,1.2,5.6,0.6666666666666666,4
20150408,0.08333333333333334,4.666666666666666,0.06250000000000001,4
20150409,0.875,13.251923076923077,0.39803921568627454,10
20150410,0.3363636363636364,4.654545454545454,0.2534246575342466,4
20150413,2.75,10.375,1.3699059561128526,6
20150414,0.2,6.3999999999999995,0.14285714285714288,4
20150415,0.0,4.0,0.0,4
20150416,2.95,12.350000000000001,1.6812271062271065,8
20150417,1.2142857142857144,7.642857142857142,0.8545454545454547,6
20150420,0.5,4.5,0.4,4
20150421,1.3166666666666667,5.4,0.9624542124542124,4
20150422,1.4166666666666667,14.066666666666666,0.8067817014446227,10
20150423,1.85,6.0,0.925,4
20150424,1.5454545454545459,14.951515151515153,1.0416666666666667,10
20150427,2.6,7.6,1.3333333333333335,4
20150428,1.0,7.0,0.6666666666666666,6
20150429,0.8,7.0,0.4,4
20150430,1.7000000000000002,13.25,0.9307692307692308,10
20150501,-0.10000000000000003,4.6,-0.07692307692307694,4
20150504,0.2363636363636364,12.754545454545456,0.18505338078291816,10
20150505,0.5,4.666666666666666,0.375,4
20150506,0.0,4.0,0.0,4
20150507,1.2,5.5,0.6857142857142857,4
20150508,0.6,6.4,0.5,6
20150510,0.7678571428571428,3.3714285714285714,0.45550847457627114,2
20150511,1.9333333333333336,8.266666666666666,1.155249569707401,6
20150512,0.5714285714285714,5.071428571428571,0.37209302325581395,4
20150513,0.7,10.0,0.35,6
20150514,1.05,5.1,0.6774193548387097,4
20150515,0.6,4.4,0.5,4
20150518,2.7,10.0,2.117948717948718,8
20150519,0.5,3.2592592592592595,0.30681818181818177,2
20150520,2.8,11.866666666666665,1.5875,8
20150521,2.7666666666666666,13.233333333333333,1.7857142857142856,10
20150522,3.036363636363636,11.921212121212122,1.6927453769559033,8
20150525,2.75,16.45,1.6014492753623188,12
20150526,3.2,11.2,1.8484848484848484,8
20150527,1.0,5.0,0.6666666666666666,4
20150528,0.8,7.6,0.4444444444444445,6
20150529,1.3,10.25,0.8,8
20150601,3.7,13.2,2.0,8
20150602,0.0,2.0,0.0,2
20150603,-0.09999999999999998,5.3,-0.02857142857142858,4
20150604,0.9000000000000001,6.300000000000001,0.48695652173913045,4
20150605,1.6285714285714286,6.7857142857142865,0.957029309488326,4
20150608,0.7333333333333334,5.4,0.4313725490196078,4
20150609,0.022727272727272818,7.609090909090909,0.0023148148148148806,6
20150610,2.8,5.4,2.10989010989011,4
20150611,0.8500000000000001,7.233333333333333,0.6280788177339901,6
20150612,0.5238095238095238,5.423809523809524,0.30598052851182195,4
20150615,-0.8,5.2,-0.5,4
20150616,1.5,5.666666666666666,1.0416666666666665,4
20150617,0.16,5.54,0.0903954802259887,4
20150618,1.7000000000000002,9.083333333333334,1.0761534046959602,6
20150619,3.0,16.0,2.000870074348834,12
20150622,4.12984126984127,17.26396825396825,2.4159011040778866,10
20150623,0.5,4.666666666666666,0.375,4
20150624,4.582142857142857,13.17142857142857,2.470574387947269,8
20150625,0.0,12.0,0.0,12
20150626,2.3499999999999996,8.3,1.3974358974358974,6
20150629,0.6000000000000001,9.3,0.4398826979472141,8
20150630,1.0571428571428572,8.371428571428572,0.6655405405405406,6
20150701,1.2279761904761908,6.3769841269841265,0.7679960026232785,4
20150702,2.0,7.9,1.0256410256410258,6
20150703,2.0454545454545454,9.283333333333333,1.304081632653061,6
20150706,0.0,4.0,0.0,4
20150707,0.1,4.9,0.06896551724137931,4
20150708,2.0999999999999996,7.025,1.1993106244931062,4
20150709,1.1625,13.13888888888889,0.6467926914355486,8
20150710,0.2,4.8,0.14285714285714288,4
20150713,2.0,4.6,1.5384615384615383,4
20150714,1.692099567099567,10.779220779220779,1.1447124304267162,8
20150715,0.8,5.8,0.4210526315789474,4
20150716,0.7142857142857144,7.142857142857142,0.45454545454545464,6
20150717,0.7555555555555556,5.444444444444445,0.43870967741935485,4
20150720,2.0,9.0,1.1666666666666665,6
20150721,2.272727272727273,12.90909090909091,1.3541666666666665,8
20150722,0.0,4.133333333333333,0.0,4
20150723,0.0,4.0,0.0,4
20150724,0.0,5.0,0.0,4
20150727,1.75,5.666666666666666,1.2083333333333335,4
20150728,1.0,5.0,0.6666666666666666,4
20150729,0.0,4.0,0.0,4
20150730,0.0,4.0,0.0,4
20150731,1.04,6.0,0.52,4
20150803,1.0,5.2,0.625,4
20150804,0.0,4.0,0.0,4
20150805,1.6704545454545454,12.387878787878789,0.888157894736842,8
20150806,1.0,5.2,0.625,4
20150807,2.0,6.0,1.0,4
20150809,2.0,4.0,1.0,2
20150810,3.05,10.938888888888888,1.6703277009728623,6
20150811,0.8,4.85,0.5614035087719298,4
20150812,1.7142857142857144,9.142857142857142,0.9545454545454546,6
20150813,0.0,4.0,0.0,4
20150814,-0.13333333333333336,4.683333333333334,-0.09937888198757765,4
20150817,0.25,5.125,0.16,4
20150818,2.6217532467532467,9.262987012987013,1.4149751243781095,6
20150819,0.5,4.5,0.4,4
20150820,1.6,7.65,0.8287671232876712,4
20150821,1.0113636363636362,7.054545454545455,0.6622023809523808,6
20150824,1.692857142857143,8.942857142857143,0.9892344497607657,6
20150825,0.0,4.133333333333333,0.0,4
20150826,-0.11363636363636365,4.837878787878788,-0.08403361344537816,4
20150827,-0.017045454545454558,7.154545454545455,-0.011538461538461546,6
20150828,1.8,8.6,1.1111111111111112,6
20150831,0.5,6.6,0.3846153846153846,6
20150901,1.5863636363636364,6.754545454545454,0.8931174089068825,4
20150902,1.075,5.6,0.5972222222222222,4
20150903,0.0,6.0,0.0,6
20150904,2.3613636363636363,12.454545454545455,1.2906050955414012,8
20150905,1.0,3.2,0.625,2
20150906,1.0,3.0,0.6666666666666666,2
20150907,0.5,2.6666666666666665,0.375,2
20150908,0.13636363636363635,4.454545454545455,0.1111111111111111,4
20150909,2.3,6.6,1.3658986175115209,4
20150910,1.15,7.699999999999999,0.787878787878788,6
20150911,1.2,5.8,0.8095238095238095,4
20150914,0.3409090909090908,4.909090909090909,0.2343749999999999,4
20150915,4.015842490842491,15.858791208791208,2.3256989398630266,10
20150916,0.5,5.0,0.3333333333333333,4
20150917,0.0,4.0,0.0,4
20150918,1.5,5.7,0.8108108108108107,4
20150919,1.0,5.0,0.6666666666666666,4
20150921,-0.21666666666666654,7.466666666666665,-0.16964285714285704,6
20150922,1.95,12.200000000000001,1.1310803891449055,8
20150923,1.5571428571428572,9.838095238095239,1.1117698726394378,8
20150924,0.9863636363636364,8.454545454545455,0.5710526315789474,6
20150925,0.65,5.5,0.37142857142857144,4
20150928,0.0,2.0,0.0,2
20150929,2.3,8.866666666666667,1.339080459770115,6
20150930,1.5,8.0,0.75,4
20151001,1.6666666666666665,8.266666666666666,1.074829931972789,6
20151002,0.0,6.0,0.0,6
20151003,0.0,3.0,0.0,2
20151005,1.45,5.8,0.7631578947368421,4
20151006,0.0,4.0,0.0,4
20151007,0.0,6.0,0.0,4
20151008,0.4,5.6,0.28571428571428575,4
20151009,3.75,10.9,2.0168067226890756,6
20151010,0.0,2.0,0.0,2
20151011,0.0,2.0,0.0,2
20151012,3.6,7.9,1.8205128205128207,4
20151013,0.8,5.4,0.5934065934065935,4
20151014,0.6666666666666666,5.333333333333333,0.4,4
20151015,0.8663780663780665,6.001154401154402,0.5714835728952773,4
20151016,-0.2,4.2,-0.18181818181818182,4
20151019,2.025,11.200000000000001,1.2147435897435899,8
20151020,3.3863636363636362,10.554545454545455,1.8452380952380951,6
20151021,1.2000000000000002,14.525000000000002,0.6857142857142857,10
20151022,2.5,12.766666666666666,1.4752475247524752,10
20151023,0.35714285714285715,7.671428571428571,0.2674501424501424,6
20151026,3.0863636363636364,10.454545454545455,1.7403508771929825,6
20151027,0.75,5.6,0.41666666666666663,4
20151028,0.42499999999999993,5.566666666666666,0.2659110723626852,4
20151029,0.3,5.333333333333334,0.21575984990619135,4
20151030,1.0,9.2,0.625,6
20151102,0.6477272727272729,6.059090909090909,0.42559523809523814,4
20151103,0.37272727272727285,13.50909090909091,0.2589285714285715,10
20151104,0.11590909090909102,8.69659090909091,0.06010229310438524,6
20151105,0.12857142857142856,6.285714285714286,-0.03864168618266983,4
20151106,0.7785714285714286,16.892857142857142,0.5100154083204931,14
20151108,-1.1625,21.670833333333334,-0.5444,16
20151109,0.4,8.8,0.24285714285714288,6
20151110,1.25,12.966666666666667,0.7794117647058824,10
20151111,0.7,36.766666666666666,0.6323696145124718,26
20151112,0.0,8.666666666666666,0.0,8
20151113,1.225,17.866666666666667,1.075,12
20151114,10.469047619047618,261.52619047619066,6.658482908664906,192
20151115,9.099999999999998,201.10000000000005,5.825603288076142,142
20151116,6.219444444444445,113.76388888888886,4.144408264775547,84
20151117,0.8,20.8,0.5714285714285715,20
20151118,5.500000000000001,30.7,3.5278033794162824,22
20151120,1.0666666666666667,9.733333333333334,0.6955128205128205,8
20151122,1.0,7.0,0.6666666666666666,6
20151123,1.0,19.333333333333336,0.6666666666666666,18
20151124,1.97939393939394,21.493333333333332,1.362635791881075,18
20151125,0.0,2.0,0.0,2
20151126,0.0,6.0,0.0,6
20151128,0.0,2.0,0.0,2
20151201,7.036785714285714,175.70707070707067,4.340467815323595,136
20151204,8.222943722943722,181.65173160173157,5.743473331449399,144
20151207,0.3333333333333334,13.966666666666667,0.28571428571428575,12
20151208,0.0,6.0,0.0,6
20151210,0.0,6.6,0.0,4
20151214,0.0,2.0,0.0,2
20151215,3.1666666666666665,18.5,2.0666666666666664,12
20151221,1.2916666666666665,11.966666666666665,0.7462978304768807,8
20170101,0.0,1.0,0.0,1
20170102,0.4,4.5,0.26666666666666666,4
20170103,1.8624999999999998,5.65,1.1883081896551724,4
20170104,-0.3,6.9,-0.11011904761904762,5
20170105,0.0,1.0,0.0,1
20170106,0.875,3.6,0.546875,3
20170109,1.0,3.0,0.5,2
20170110,0.875,2.6,0.546875,2
20170111,0.4375,2.6,0.2734375,2
20170112,0.6,2.8499999999999996,0.42045454545454547,2
20170113,0.35,2.35,0.25925925925925924,2
20170116,-0.19999999999999998,2.8499999999999996,-0.145320197044335,2
20170117,1.2583333333333333,5.566666666666666,0.8166920731707317,4
20170118,0.0,1.0,0.0,1
20170123,0.6272727272727273,3.245454545454545,0.3823529411764706,2
20170124,1.05,4.55,0.532258064516129,3
20170125,-0.0068181818181818205,2.643939393939394,-0.004057807481989412,2
20170126,0.0,1.0,0.0,1
20170127,0.0,2.0,0.0,2
20170130,2.99375,11.6,1.7756696428571428,8
20170131,1.225,2.95,0.8061342592592593,2
20170201,0.9857142857142857,3.1357142857142857,0.6235465116279069,2
20170202,1.35,3.4,0.75,2
20170203,0.3333333333333333,2.6666666666666665,0.2,2
20170205,0.125,1.2,0.10416666666666667,1
20170206,3.25,8.75,2.0014880952380953,6
20170207,0.0,1.0,0.0,1
20170208,0.3,1.2,0.25,1
20170209,0.38,2.63,0.23312883435582823,2
20170214,0.9333333333333332,5.300000000000001,0.5264976958525345,4
20170215,0.0,1.0,0.0,1
20170216,0.85,2.0,0.425,1
20170220,0.0,1.0,0.0,1
20170221,1.6583333333333332,4.891666666666667,1.024951923076923,3
20170222,1.525,6.7785714285714285,0.9536267405512928,5
20170223,0.75,3.675,0.44776119402985076,3
20170227,0.0,1.0,0.0,1
20170301,0.1,1.5,0.06666666666666667,1
20170302,1.35,6.0625,0.8,4
20170303,0.5,1.625,0.3076923076923077,1
20170306,1.4,4.2,0.8749999999999999,3
20170307,0.35,2.8,0.19444444444444442,2
20170308,0.5,2.0,0.25,1
20170309,0.0,1.0,0.0,1
20170310,0.0,1.0,0.0,1
20170313,0.1125,2.4125,0.07964601769911504,2
20170315,1.3181818181818181,6.827272727272727,0.7755698005698005,5
20170317,0.0,1.0,0.0,1
20170320,0.0,7.3999999999999995,0.0,6
20170321,-0.3,1.4,-0.2142857142857143,1
20170322,0.625,6.75,0.3413978494623656,5
20170323,0.25,1.3333333333333333,0.1875,1
20170324,0.0,1.0,0.0,1
20170327,0.0,1.0,0.0,1
20170328,-0.04166666666666667,1.3916666666666666,-0.029940119760479045,1
20170331,0.05,1.05,0.047619047619047616,1
20170403,0.95,3.5,0.55,2
20170404,0.0,1.0,0.0,1
20170406,0.0,1.0,0.0,1
20170407,1.875,6.365,1.0312003968253969,4
20170411,0.8181818181818181,3.2272727272727275,0.5175438596491228,2
20170417,0.875,4.6,0.484375,3
20170418,-0.15,3.1375,-0.10810810810810811,2
20170424,1.8238636363636365,6.187878787878788,1.140625,4
20170425,0.25,3.0,0.125,2
20170426,0.2840909090909091,1.4886363636363635,0.1908396946564886,1
20170427,0.25,2.3333333333333335,0.21428571428571427,2
20170428,0.5,3.2,0.33333333333333337,2
20170502,0.0,1.0,0.0,1
20170503,0.16,1.54,0.10389610389610389,1
20170508,0.03333333333333333,1.0666666666666667,0.03125,1
20170510,0.0,1.0,0.0,1
20170512,0.1,1.1,0.09090909090909091,1
20170517,0.25,4.0,0.125,3
20170518,0.1,1.0,0.1,1
20170519,0.0,2.0,0.0,2
20170522,0.0,1.0,0.0,1
20170523,0.1363636363636364,1.5,0.09090909090909094,1
20170524,2.5056818181818183,9.927272727272728,1.551088110403397,7
20170526,0.4375,1.55,0.282258064516129,1
20170529,0.4583333333333333,1.7000000000000002,0.2696078431372549,1
20170530,0.0,2.142857142857143,0.0,2
20170531,0.2,1.2,0.16666666666666669,1
20170606,3.797222222222222,18.53333333333333,2.1957247096874757,14
20170607,0.34375,3.825,0.18835616438356165,3
20170609,0.0,1.0,0.0,1
20170613,0.0,1.0,0.0,1
20170614,3.0458333333333334,15.954166666666664,1.9714725763669032,12
20170619,0.0,2.5,0.0,2
20170621,0.1,1.1,0.09090909090909091,1
20170622,0.15,4.1,0.03409090909090909,3
20170623,0.03333333333333333,1.0666666666666667,0.03125,1
20170626,0.0,1.0,0.0,1
20170627,0.0,2.0,0.0,2
20170628,0.0,1.0,0.0,1
20170630,0.375,2.6,0.234375,2
20170703,0.5,4.5,0.3333333333333333,3
20170704,0.6000000000000001,4.875,0.5075757575757576,4
20170705,0.9083333333333333,2.666666666666667,0.578125,2
20170706,0.9,5.0,0.45,3
20170707,0.0,2.0,0.0,2
20170710,0.25,2.25,0.2,2
20170711,2.8,23.829166666666666,1.6457595870206487,18
20170712,0.25,3.25,0.2,3
20170713,-0.04999999999999999,3.95,-0.027586206896551696,3
20170714,0.6,1.8,0.3333333333333333,1
20170717,0.1,1.1,0.09090909090909091,1
20170718,3.9182539682539685,22.73531746031746,2.5660681019799876,18
20170719,1.3655555555555556,9.992222222222221,0.9137123305698119,8
20170720,0.7,3.6,0.43749999999999994,3
20170724,0.8,1.4,0.5714285714285715,1
20170725,0.30000000000000004,3.4,0.3214285714285715,2
20170726,1.1875,3.425,0.6896367521367521,2
20170727,0.0,1.0,0.0,1
20170728,0.0,1.0,0.0,1
20170801,2.3464285714285715,11.099107142857143,1.6043249310746661,8
20170802,0.012500000000000011,5.3,0.02188940092165899,4
20170804,0.5,4.5,0.3333333333333333,4
20170807,0.1,1.1,0.09090909090909091,1
20170808,1.2,4.7,0.6617647058823529,3
20170809,1.1,6.944444444444445,0.6199575371549894,5
20170810,0.5113636363636365,5.329545454545455,0.33617424242424243,4
20170815,-0.2916666666666667,1.5,-0.19444444444444445,1
20170816,1.5,2.8,1.1025641025641024,2
20170817,0.1363636363636364,1.4545454545454546,0.09375000000000003,1
20170818,1.4318181818181817,5.73939393939394,0.911752740664611,4
20170821,0.0,1.0,0.0,1
20170822,1.7875,5.300000000000001,1.0102339181286548,3
20170823,0.0,1.0,0.0,1
20170824,1.3175,5.57,0.8355419418375623,4
20170825,0.75,3.033333333333333,0.44814241486068107,2
20170829,0.1666666666666667,1.4,0.11904761904761908,1
20170901,1.5833333333333335,7.958333333333333,0.944713712576239,6
20170904,1.4083333333333332,4.316666666666666,0.881155303030303,3
20170906,1.1,8.049999999999999,0.7962962962962963,7
20170907,0.0,1.0,0.0,1
20170911,-0.25,1.25,-0.2,1
20170912,0.0,1.0,0.0,1
20170913,0.0,2.0,0.0,2
20170914,0.2666666666666667,1.2833333333333332,0.20779220779220786,1
20170918,0.0,1.0,0.0,1
20170919,1.010732323232323,3.9237373737373735,0.6809120018975332,3
20170921,0.375,3.675,0.375,3
20170922,-0.04583333333333333,7.754166666666666,-0.02141203703703703,7
20170925,0.0,1.0,0.0,1
20170926,0.06666666666666667,2.083333333333333,0.06153846153846154,2
20170927,0.0,1.0,0.0,1
20170928,0.7875,3.1,0.5080645161290323,2
20170929,0.0,1.0,0.0,1
20171002,2.2375,11.600000000000001,1.5109438142502658,9
20171004,0.5875,1.3,0.4519230769230769,1
20171005,1.475,4.2125,0.9339717741935484,3
20171009,1.375,4.633333333333333,0.8802083333333333,3
20171010,0.7,1.6,0.43749999999999994,1
20171011,0.0,2.0,0.0,2
20171013,1.2,6.1,0.7708333333333333,5
20171016,0.1,1.0,0.1,1
20171017,2.109090909090909,9.263636363636364,1.3422736829087312,7
20171018,0.46818181818181814,4.027272727272727,0.29222447073474467,3
20171019,0.2958333333333333,1.3666666666666667,0.2164634146341463,1
20171020,-0.25,3.5,-0.16666666666666666,3
20171023,1.175,3.8000000000000003,0.796875,3
20171024,-0.1,2.1,-0.09090909090909091,2
20171025,1.875,4.6,1.046875,3
20171026,0.0,2.0,0.0,2
20171030,0.0,2.0,0.0,2
20171031,1.075,3.8000000000000003,0.7302083333333333,3
20171101,-0.07250000000000001,2.71,-0.042397660818713455,2
20171102,0.1,1.4,0.07142857142857144,1
20171105,0.8727272727272728,8.50909090909091,0.6117424242424243,7
20171106,0.8333333333333333,2.7,0.6111111111111112,2
20171107,0.1,1.0,0.1,1
20171108,1.2,3.4,0.7017543859649122,2
20171109,-0.1,1.1,-0.09090909090909091,1
20171110,0.9375,3.85,0.6574074074074074,3
20171112,0.0,1.0,0.0,1
20171114,0.3,1.2,0.25,1
20171115,0.0,1.6,0.0,1
20171120,0.0,1.0,0.0,1
20171121,0.825,5.366666666666667,0.5146341463414634,4
20171122,-0.1,1.1,-0.09090909090909091,1
20171124,0.0,2.0,0.0,2
20171127,0.6,3.1,0.34090909090909094,2
20171128,0.03333333333333333,1.0666666666666667,0.03125,1
20171129,0.0,1.0,0.0,1
20171130,0.5333333333333333,1.7333333333333334,0.30769230769230765,1
20171201,0.25,1.3333333333333333,0.1875,1
20171202,0.265,5.55,0.19382667969179015,4
20171204,-0.03181818181818183,2.463636363636364,-0.0415016034710432,2
20171205,0.19090909090909092,4.433333333333334,0.1590909090909091,4
20171206,3.8509036796536793,35.085183982683986,2.4512417849622308,27
20171207,3.1392207792207794,14.265357142857141,2.1431465271871786,10
20171208,2.76017316017316,21.4396645021645,1.7135024902388036,16
20171211,0.3833333333333333,9.002777777777778,0.24328003928844263,7
20171212,0.35,2.4333333333333336,0.27840909090909094,2
20171213,0.4,4.65,0.28571428571428575,4
20171214,0.1,1.4,0.07142857142857144,1
20171215,0.0,1.0,0.0,1
20171218,0.0,1.0,0.0,1
20171219,2.9666666666666663,14.104166666666668,1.9280356402818066,11
20171220,5.451704545454546,25.470265151515157,3.5425788588283282,19
20171221,1.5375,8.850000000000001,1.0255208333333332,7
20171222,1.280681818181818,5.452272727272727,0.8348448426573426,4
20171226,0.5,1.5,0.3333333333333333,1
20171228,-0.15,1.2,-0.125,1
