data,preabe,premax,premin,premed,preult,preofc,preofv,ibov,aber_dol,fech_dol
20130102,43.0,44.76,43.0,44.24,44.1,44.09,44.1,62550.1,2.0409,2.0415
20130103,43.5,44.07,43.35,43.64,43.35,43.34,43.35,63312.46,2.0458,2.0464
20130104,43.34,43.35,42.11,42.58,42.53,42.5,42.53,62523.06,2.0419,2.0425
20130107,42.53,42.88,41.63,42.04,41.84,41.8,41.84,61932.54,2.0306,2.0312
20130108,41.77,42.23,41.46,41.72,41.51,41.51,41.53,61127.84,2.028,2.0286
20130109,41.71,42.05,41.36,41.73,41.7,41.68,41.7,61578.58,2.0411,2.0417
20130110,41.81,42.21,41.76,42.01,42.14,42.08,42.14,61678.31,2.0352,2.0358
20130111,41.75,42.02,40.93,41.22,41.27,41.24,41.27,61497.43,2.0335,2.0341
20130114,41.6,41.69,41.03,41.33,41.43,41.38,41.43,62080.79,2.0328,2.0334
20130115,41.1,41.47,40.8,41.04,41.16,41.15,41.16,61727.61,2.0368,2.0374
20130116,41.23,41.23,40.31,40.6,40.9,40.83,40.9,61787.35,2.0403,2.0409
20130117,40.61,41.24,40.55,40.91,40.98,40.98,41.05,62194.06,2.0405,2.0411
20130118,41.09,41.3,40.53,40.77,40.61,40.61,40.64,61956.14,2.0435,2.0441
20130121,40.69,40.77,40.29,40.49,40.58,40.41,40.58,61899.71,2.0415,2.042
20130122,40.69,41.15,40.45,40.88,41.15,40.98,41.15,61692.29,2.0466,2.0471
20130123,41.25,41.33,40.71,40.88,40.85,40.77,40.85,61966.26,2.0388,2.0394
20130124,41.0,41.16,39.73,40.46,40.0,39.92,40.0,61169.83,2.0338,2.0344
20130128,39.88,39.94,38.73,39.05,38.79,38.78,38.79,60027.07,2.0235,2.0241
20130129,39.01,39.35,38.42,38.9,39.24,39.2,39.24,60406.33,1.9906,1.9912
20130130,39.2,39.24,38.7,38.94,38.75,38.71,38.75,59336.7,1.9894,1.99
20130131,38.79,40.3,38.79,39.68,40.26,40.22,40.27,59761.49,1.9877,1.9883
20130201,40.26,41.11,40.26,40.74,40.85,40.85,40.87,60351.16,1.9838,1.9843
20130204,40.58,40.77,39.92,40.25,40.45,40.45,40.49,59575.66,1.9888,1.9893
20130205,40.41,41.26,39.33,39.87,39.7,39.66,39.7,59444.97,1.9875,1.9881
20130206,39.88,40.41,39.4,40.05,40.15,40.15,40.22,58951.07,1.9878,1.9884
20130207,39.8,40.41,38.93,39.27,39.03,39.03,39.07,58372.46,1.9783,1.9789
20130208,39.26,39.44,38.69,39.11,39.34,39.33,39.34,58497.83,1.963,1.9636
20130213,39.54,39.54,38.96,39.12,39.11,39.11,39.12,58405.74,1.9665,1.967
20130214,39.11,39.11,38.34,38.59,38.58,38.58,38.69,58077.31,1.966,1.9666
20130215,38.5,38.67,38.06,38.34,38.3,38.28,38.3,57903.3,1.9594,1.96
20130218,38.37,38.37,37.78,38.0,38.04,38.04,38.1,57613.9,1.967,1.9676
20130219,38.17,38.69,37.65,38.05,37.65,37.65,37.69,57314.4,1.9591,1.9597
20130220,37.64,37.7,36.44,36.99,36.44,36.44,36.45,56177.6,1.9564,1.957
20130221,36.01,36.7,35.79,36.21,36.7,36.09,36.7,56154.68,1.9715,1.972
20130222,36.74,36.96,35.61,36.08,35.72,35.72,35.74,56697.06,1.9699,1.9705
20130225,35.82,36.23,35.59,35.87,35.88,35.88,36.0,56617.56,1.967,1.9676
20130226,35.67,36.75,35.42,36.06,36.6,36.54,36.6,56948.87,1.9812,1.9818
20130227,36.79,37.0,35.94,36.48,37.0,36.92,37.0,57273.88,1.9801,1.9807
20130228,36.38,38.16,36.3,37.62,37.8,37.68,37.8,57424.29,1.9749,1.9754
20130301,37.01,37.44,36.67,36.95,36.75,36.74,36.75,56883.99,1.9843,1.9848
20130304,36.26,36.26,35.32,35.65,35.64,35.63,35.64,56499.17,1.9822,1.9827
20130305,36.0,36.23,35.45,35.77,35.45,35.45,35.58,55950.73,1.9688,1.9693
20130306,35.9,37.63,35.5,36.6,37.4,37.31,37.4,57940.14,1.9668,1.9673
20130307,37.7,38.07,37.05,37.49,37.38,37.3,37.38,58846.81,1.9636,1.9642
20130308,37.03,37.73,35.98,36.64,36.34,36.33,36.34,58432.75,1.9522,1.9528
20130311,36.49,36.81,35.82,36.4,36.67,36.6,36.67,58544.79,1.9546,1.9552
20130312,36.67,37.06,36.24,36.53,36.29,36.29,36.31,58208.61,1.9579,1.9585
20130313,36.25,36.34,34.86,35.39,34.86,34.86,34.95,57385.9,1.9614,1.9619
20130314,35.12,35.3,34.19,34.68,35.0,34.99,35.0,57281.02,1.9671,1.9676
20130315,35.11,35.55,34.73,34.99,34.73,34.73,34.86,56869.28,1.9743,1.9749
20130318,34.45,35.02,34.13,34.61,35.02,35.0,35.02,56972.96,1.9865,1.9871
20130319,34.36,34.51,33.5,33.81,33.58,33.58,33.6,56361.24,1.9824,1.983
20130320,33.83,34.53,33.59,34.21,34.35,34.32,34.35,56030.03,1.9862,1.9868
20130321,34.27,34.7,33.9,34.37,34.64,34.41,34.64,55576.67,1.9925,1.9931
20130322,34.74,34.85,34.31,34.56,34.71,34.71,34.72,55243.4,2.012,2.0126
20130325,34.8,34.8,33.83,34.24,34.25,34.2,34.25,54873.12,2.0134,2.014
20130326,34.5,34.65,34.17,34.43,34.45,34.45,34.53,55671.39,2.0081,2.0087
20130327,34.41,35.13,33.95,34.77,35.13,35.13,35.14,56034.29,2.0179,2.0185
20130328,34.94,35.29,34.62,34.88,34.9,34.76,34.9,56352.09,2.0132,2.0138
20130401,34.81,34.92,33.94,34.18,33.94,33.94,34.0,55902.18,2.018,2.0186
20130402,34.2,34.26,33.18,33.57,33.2,33.2,33.25,54889.1,2.0173,2.0179
20130403,33.18,35.35,33.06,34.29,35.35,35.1,35.35,55562.74,2.0233,2.0239
20130404,34.95,35.2,34.09,34.4,34.19,34.17,34.19,54648.15,2.0195,2.0201
20130405,33.74,34.83,33.44,34.29,34.56,34.55,34.56,55050.6,2.0029,2.0035
20130408,34.6,34.88,34.08,34.54,34.7,34.7,34.71,55092.31,1.9897,1.9902
20130409,34.99,36.6,34.99,36.11,36.19,36.18,36.26,55912.04,1.9855,1.9861
20130410,36.43,36.81,34.85,35.8,35.0,34.99,35.03,56186.56,1.9804,1.981
20130411,35.15,35.29,33.89,34.3,34.14,34.14,34.18,55400.91,1.9731,1.9736
20130412,34.12,35.86,33.34,34.15,34.58,34.4,34.58,54962.65,1.9755,1.9761
20130415,33.55,33.86,32.46,32.94,32.46,32.46,32.6,52949.93,1.9784,1.979
20130416,33.05,33.31,32.69,33.11,33.2,33.0,33.2,53990.83,1.9897,1.9903
20130417,31.7,32.46,31.07,31.69,32.46,32.44,32.46,52881.96,1.9933,1.9939
20130418,32.45,32.78,31.72,32.15,31.9,31.9,31.91,53165.91,2.0146,2.0152
20130419,32.34,32.54,31.54,32.03,32.1,32.1,32.17,53928.92,2.0084,2.0089
20130422,32.14,32.56,31.8,32.26,32.56,32.39,32.56,54297.73,2.0148,2.0154
20130423,32.53,33.54,32.07,33.12,33.4,33.09,33.4,54884.75,2.0164,2.017
20130424,33.58,34.37,33.42,33.88,33.58,33.58,33.67,54984.23,2.0238,2.0244
20130425,34.54,34.95,34.07,34.41,34.23,34.17,34.23,54963.32,2.0114,2.0119
20130426,34.0,34.19,33.08,33.4,33.13,33.13,33.2,54252.04,1.9995,2.0001
20130429,33.62,34.07,33.21,33.65,33.6,33.59,33.6,54887.25,1.9993,1.9999
20130430,33.84,34.25,33.18,33.86,34.25,34.15,34.25,55910.37,2.0011,2.0017
20130502,33.45,33.85,33.12,33.43,33.49,33.2,33.49,55321.93,2.0089,2.0095
20130503,34.0,34.49,33.57,34.05,33.8,33.69,33.8,55488.08,2.0088,2.0093
20130506,33.91,34.31,33.63,33.9,33.83,33.83,34.01,55429.88,2.0137,2.0143
20130507,34.01,34.85,33.87,34.51,34.85,34.63,34.85,56274.66,2.0104,2.011
20130508,34.79,35.31,34.74,35.06,34.96,34.96,34.99,55804.8,2.0024,2.003
20130509,34.66,35.41,34.66,35.1,35.15,35.06,35.15,55447.56,2.0046,2.0051
20130510,34.99,35.2,34.16,34.42,34.24,34.23,34.24,55107.8,2.0225,2.0231
20130513,33.96,34.16,33.44,33.62,33.44,33.44,33.6,54447.77,2.0144,2.015
20130514,33.57,33.6,32.67,33.0,32.79,32.78,32.79,54666.82,2.0057,2.0063
20130515,32.62,32.75,31.91,32.35,32.1,32.05,32.1,54936.41,2.0227,2.0233
20130516,31.97,32.11,31.24,31.59,31.35,31.35,31.41,54772.62,2.0249,2.0254
20130517,31.96,32.07,31.54,31.74,31.65,31.64,31.65,55164.27,2.0348,2.0354
20130520,31.66,32.89,31.35,32.31,32.89,32.73,32.89,55700.77,2.0328,2.0333
20130521,33.02,33.26,32.62,32.96,33.15,32.99,33.15,56265.32,2.0396,2.0402
20130522,33.2,33.54,32.29,32.76,32.62,32.58,32.62,56429.27,2.0381,2.0387
20130523,31.74,32.01,31.47,31.76,32.01,31.87,32.01,56349.91,2.0531,2.0537
20130524,31.58,31.84,31.51,31.66,31.7,31.7,31.74,56406.21,2.0489,2.0495
20130527,31.7,31.97,31.6,31.83,31.85,31.85,31.87,56395.94,2.0521,2.0527
20130528,32.2,32.21,31.3,31.63,31.3,31.3,31.4,56036.26,2.061,2.0616
20130529,31.0,31.42,30.87,31.12,31.05,31.05,31.27,54634.69,2.0888,2.0894
20130531,31.55,31.67,30.34,30.82,30.45,30.45,30.48,53506.08,2.1314,2.1319
20130603,30.86,31.64,30.79,31.23,31.6,31.6,31.61,53944.36,2.1349,2.1355
20130604,32.0,32.08,31.13,31.67,32.0,32.0,32.05,54017.9,2.1276,2.1282
20130605,31.65,31.97,30.83,31.26,30.92,30.92,30.94,52798.63,2.1229,2.1235
20130606,30.95,31.28,30.44,30.82,31.28,31.2,31.28,52884.83,2.1244,2.125
20130607,30.65,31.42,30.64,30.95,30.77,30.77,30.78,51618.63,2.1367,2.1372
20130610,30.59,30.82,30.33,30.52,30.46,30.46,30.48,51316.65,2.1501,2.1506
20130611,29.98,30.13,29.7,29.92,29.71,29.71,29.8,49769.93,2.1515,2.1521
20130612,30.01,30.02,29.09,29.41,29.39,29.3,29.39,49180.58,2.1415,2.142
20130613,29.32,30.95,29.31,30.49,30.89,30.89,30.92,50414.89,2.1441,2.1447
20130614,30.95,31.32,30.06,30.53,30.08,30.08,30.1,49332.34,2.1361,2.1367
20130617,30.5,30.81,30.3,30.5,30.4,30.39,30.4,49088.65,2.1532,2.1538
20130618,30.2,31.32,30.03,30.82,31.03,31.03,31.1,49464.94,2.17,2.1706
20130619,30.91,31.24,30.67,30.91,30.71,30.7,30.71,47893.06,2.1738,2.1744
20130620,29.94,31.1,29.66,30.5,30.95,30.84,30.95,48214.43,2.2517,2.2523
20130621,30.35,31.02,30.2,30.59,30.45,30.45,30.47,47056.04,2.2642,2.2648
20130624,29.85,30.06,28.62,29.0,28.89,28.88,28.89,45965.05,2.2509,2.2515
20130625,29.3,29.69,28.99,29.31,29.4,29.4,29.5,46893.04,2.218,2.2185
20130626,29.5,29.63,28.34,28.83,28.45,28.45,28.56,47171.98,2.1969,2.1975
20130627,28.6,29.03,28.44,28.73,28.45,28.45,28.46,47609.46,2.184,2.1846
20130628,28.44,29.25,28.23,28.9,29.1,28.82,29.1,47457.13,2.215,2.2156
20130701,28.91,29.74,28.91,29.41,29.49,29.44,29.49,47229.59,2.2292,2.2297
20130702,29.1,29.58,28.18,28.71,28.5,28.48,28.52,45228.95,2.2407,2.2412
20130703,28.35,28.99,28.02,28.47,28.39,28.39,28.4,45044.03,2.2628,2.2634
20130704,29.05,29.67,29.05,29.4,29.47,29.47,29.51,45763.16,2.2589,2.2595
20130705,28.85,29.15,27.89,28.47,28.7,28.7,28.78,45210.49,2.2639,2.2645
20130708,28.75,28.99,28.17,28.55,28.39,28.35,28.39,45075.5,2.2577,2.2583
20130710,29.02,29.44,28.66,29.13,28.97,28.97,29.05,45483.43,2.2691,2.2697
20130711,29.93,30.45,29.85,30.14,30.32,30.32,30.36,46626.26,2.2666,2.2672
20130712,30.2,30.22,29.77,29.93,29.84,29.81,29.84,45533.24,2.2664,2.267
20130715,30.35,30.35,29.86,30.04,30.13,29.95,30.13,46738.9,2.2543,2.2548
20130716,30.42,31.28,30.3,30.8,31.23,31.23,31.28,46869.29,2.2347,2.2353
20130717,31.46,32.12,31.4,31.82,31.84,31.73,31.84,47407.31,2.2366,2.2372
20130718,31.65,32.27,31.54,31.79,31.65,31.64,31.65,47656.92,2.2291,2.2297
20130719,31.31,31.64,30.71,30.97,30.9,30.9,30.92,47400.23,2.2358,2.2364
20130722,30.85,31.55,30.81,31.35,31.41,31.41,31.46,48574.09,2.238,2.2386
20130723,31.75,32.1,31.54,31.91,32.02,31.98,32.02,48819.52,2.2261,2.2267
20130724,32.0,32.24,31.58,31.79,31.91,31.83,31.91,48374.23,2.2342,2.2348
20130725,31.6,32.29,31.55,31.96,32.26,32.08,32.26,49066.75,2.2491,2.2497
20130726,32.11,32.37,31.71,32.07,32.26,32.26,32.27,49422.05,2.2483,2.2488
20130729,31.96,32.27,31.75,31.93,31.84,31.8,31.84,49212.33,2.2603,2.2609
20130730,31.77,32.09,31.06,31.24,31.06,31.06,31.2,48561.78,2.2729,2.2734
20130731,30.99,31.39,30.93,31.13,31.02,31.02,31.08,48234.49,2.2897,2.2903
20130801,31.51,31.75,31.27,31.42,31.33,31.3,31.33,49140.78,2.2908,2.2914
20130802,31.31,31.84,31.1,31.36,31.25,31.18,31.25,48474.04,2.2927,2.2933
20130805,31.25,31.85,31.2,31.54,31.55,31.46,31.55,48436.44,2.3004,2.301
20130806,31.45,31.58,30.96,31.11,31.31,31.21,31.31,47421.85,2.2949,2.2955
20130807,31.11,32.28,31.07,31.92,32.0,32.0,32.02,47446.71,2.3022,2.3028
20130808,32.32,33.49,32.32,32.95,33.18,33.18,33.23,48928.82,2.2876,2.2882
20130809,33.6,35.19,33.48,34.57,34.75,34.75,34.99,49874.9,2.2743,2.2748
20130812,35.02,35.88,34.96,35.54,35.5,35.45,35.51,50299.49,2.2716,2.2722
20130813,35.97,36.18,35.26,35.67,35.61,35.55,35.61,50600.55,2.3029,2.3035
20130814,35.47,36.28,35.36,35.9,35.78,35.78,35.89,50895.92,2.3112,2.3118
20130815,35.25,36.53,35.22,36.08,36.15,36.15,36.2,50908.34,2.3428,2.3434
20130816,36.21,36.69,36.0,36.38,36.6,36.47,36.6,51538.78,2.3559,2.3565
20130819,36.3,36.86,36.11,36.46,36.41,36.4,36.41,51574.09,2.3974,2.398
20130820,35.91,36.25,35.38,35.69,35.38,35.3,35.42,50507.02,2.3937,2.3943
20130821,35.1,35.63,34.68,35.2,35.01,35.0,35.01,50405.2,2.4163,2.4169
20130822,35.73,36.41,35.48,36.09,36.26,36.26,36.3,51397.66,2.4451,2.4457
20130823,36.18,36.43,35.71,36.06,36.12,36.01,36.12,52197.06,2.3862,2.3868
20130826,35.77,36.45,35.77,36.14,35.9,35.9,36.05,51429.48,2.3699,2.3705
20130827,35.5,35.82,35.16,35.4,35.27,35.18,35.27,50091.55,2.3992,2.3998
20130828,35.3,35.43,34.25,34.82,34.84,34.77,34.84,49866.92,2.3509,2.3515
20130829,34.8,34.99,33.99,34.28,34.0,34.0,34.03,49921.88,2.3572,2.3578
20130830,34.1,34.42,33.64,34.21,34.42,34.1,34.42,50011.75,2.3719,2.3725
20130902,35.29,35.71,34.91,35.46,35.62,35.62,35.65,51835.15,2.3637,2.3643
20130903,35.55,35.9,35.23,35.6,35.85,35.69,35.85,51625.5,2.3891,2.3897
20130904,35.41,36.0,35.21,35.63,36.0,36.0,36.01,51716.16,2.3532,2.3538
20130905,35.8,36.17,35.42,35.85,35.99,35.86,35.99,52351.86,2.3308,2.3314
20130906,36.28,36.4,35.62,35.9,35.88,35.73,35.88,53749.42,2.2973,2.2979
20130909,35.9,37.2,35.71,36.85,36.95,36.92,36.95,54251.85,2.2862,2.2868
20130910,37.0,38.31,36.98,37.78,37.85,37.85,37.93,53979.03,2.2773,2.2779
20130911,37.83,38.24,36.85,37.52,37.14,37.1,37.14,53570.46,2.2941,2.2947
20130912,37.14,37.24,36.55,36.85,36.95,36.85,36.95,53307.09,2.2763,2.2769
20130913,36.99,36.99,36.26,36.58,36.5,36.4,36.5,53797.51,2.2779,2.2785
20130916,36.7,36.93,36.21,36.48,36.39,36.39,36.43,53821.63,2.2643,2.2649
20130917,36.27,36.54,35.8,36.31,36.49,36.19,36.49,54271.25,2.2611,2.2617
20130918,36.39,36.68,36.08,36.4,36.53,36.53,36.54,55702.9,2.2483,2.2489
20130919,36.83,36.83,36.02,36.31,36.38,36.19,36.38,55095.69,2.2029,2.2036
20130920,36.2,36.36,35.46,35.72,35.67,35.67,35.75,54110.03,2.2047,2.2053
20130923,35.76,36.35,35.61,36.02,36.01,35.93,36.01,54602.38,2.2026,2.2033
20130924,36.09,36.09,35.32,35.47,35.45,35.42,35.47,54431.05,2.2025,2.2031
20130925,35.45,35.91,35.45,35.71,35.75,35.75,35.77,54261.11,2.2218,2.2224
20130926,35.81,36.09,35.53,35.8,36.0,36.0,36.03,53782.97,2.2279,2.2285
20130927,35.78,35.9,35.01,35.27,35.16,35.1,35.16,53738.92,2.2565,2.2571
20130930,34.5,34.95,34.22,34.55,34.46,34.42,34.46,52338.19,2.2294,2.23
20131001,34.75,34.75,33.82,34.24,34.5,34.4,34.5,53179.46,2.2118,2.2123
20131002,34.25,34.76,34.1,34.45,34.51,34.35,34.51,53100.18,2.2082,2.2088
20131003,34.55,34.85,33.83,34.23,34.04,34.01,34.04,52489.86,2.2063,2.2069
20131004,34.13,34.4,33.56,33.97,34.4,34.4,34.41,52848.97,2.2045,2.2051
20131007,34.09,34.46,33.91,34.14,34.09,34.09,34.12,52417.1,2.2081,2.2087
20131008,34.1,34.1,33.52,33.68,33.61,33.61,33.65,52312.44,2.201,2.2016
20131009,33.87,33.87,32.82,33.2,33.2,33.04,33.2,52547.71,2.2048,2.2054
20131010,33.44,33.6,32.94,33.25,33.45,33.42,33.45,52996.64,2.1844,2.185
20131011,33.3,33.91,33.24,33.64,33.77,33.71,33.77,53149.62,2.1815,2.1821
20131014,33.49,35.38,33.36,34.54,35.34,35.2,35.35,54170.6,2.1811,2.1817
20131015,35.32,36.28,35.04,35.68,35.63,35.53,35.63,54980.64,2.1812,2.1818
20131016,35.51,35.79,35.27,35.5,35.44,35.44,35.49,55973.03,2.1623,2.1629
20131017,35.1,36.23,35.1,35.89,35.86,35.86,35.91,55358.13,2.1605,2.1611
20131018,35.19,35.52,34.71,35.0,34.94,34.94,34.99,55378.46,2.161,2.1616
20131021,35.26,35.49,34.97,35.27,35.38,35.35,35.38,56077.43,2.1732,2.1738
20131022,35.34,36.25,35.15,35.86,35.89,35.87,35.9,56460.38,2.1754,2.176
20131023,35.6,35.6,34.84,35.11,35.05,34.93,35.05,55440.03,2.1821,2.1826
20131024,35.05,35.37,34.74,34.98,35.05,34.97,35.05,54877.15,2.1997,2.2003
20131025,34.91,35.09,34.51,35.03,35.07,35.03,35.08,54154.15,2.1842,2.1848
20131028,35.1,35.49,34.92,35.28,35.31,35.3,35.39,55073.37,2.184,2.1846
20131029,35.6,35.6,34.75,35.01,35.14,35.1,35.14,54538.8,2.1798,2.1804
20131030,35.34,35.51,34.79,35.12,35.02,34.96,35.02,54172.82,2.1882,2.1888
20131031,35.14,35.75,34.89,35.45,35.75,35.66,35.75,54256.2,2.202,2.2026
20131101,35.82,36.9,35.76,36.57,36.9,36.77,36.9,54013.24,2.2462,2.2468
20131104,36.79,37.9,36.79,37.6,37.9,37.69,37.9,54436.92,2.242,2.2426
20131105,38.05,38.46,37.81,38.12,37.83,37.83,37.9,53831.85,2.2741,2.2747
20131106,38.2,38.59,38.02,38.34,38.47,38.33,38.47,53384.6,2.2779,2.2785
20131107,38.62,38.93,36.98,37.65,37.23,37.23,37.25,52740.79,2.2819,2.2825
20131108,36.9,37.23,36.53,36.81,36.75,36.75,36.8,52248.86,2.3164,2.317
20131111,36.75,37.28,36.53,36.98,36.95,36.95,37.05,52623.87,2.3136,2.3142
20131112,37.0,37.1,35.59,36.03,35.79,35.7,35.79,51804.33,2.3356,2.3362
20131113,35.3,35.74,34.7,35.4,35.53,35.53,35.55,52230.29,2.3228,2.3234
20131114,35.87,36.22,35.54,35.88,35.88,35.88,35.89,53451.6,2.3283,2.3289
20131118,36.15,36.63,35.93,36.25,36.25,36.25,36.26,54307.04,2.2822,2.2828
20131119,36.06,36.23,35.47,35.86,35.6,35.6,35.64,53032.91,2.2656,2.2662
20131121,35.03,35.56,34.91,35.2,35.02,35.02,35.17,52688.02,2.3061,2.3067
20131122,34.73,35.49,34.7,35.22,35.33,35.26,35.33,52800.74,2.2906,2.2913
20131125,35.48,35.51,34.55,34.92,34.65,34.65,34.67,52263.51,2.2865,2.2871
20131126,34.5,34.69,33.54,33.91,33.54,33.54,33.76,51446.91,2.3034,2.304
20131127,33.9,34.68,33.7,34.31,34.24,34.16,34.24,51861.21,2.3052,2.3058
20131128,35.54,35.55,34.97,35.26,35.2,35.01,35.2,51846.83,2.3202,2.3208
20131129,35.35,35.87,35.17,35.56,35.87,35.71,35.87,52482.49,2.3243,2.3249
20131202,35.31,35.68,35.04,35.37,35.41,35.41,35.5,51244.87,2.3443,2.3449
20131203,35.05,35.61,34.98,35.21,35.08,35.0,35.08,50348.89,2.3552,2.3558
20131204,35.38,35.56,35.07,35.31,35.22,35.22,35.4,50215.79,2.3734,2.374
20131205,35.23,36.05,35.23,35.77,35.63,35.63,35.69,50787.63,2.3741,2.3747
20131206,36.0,36.07,35.49,35.75,35.56,35.56,35.65,50944.27,2.3519,2.3525
20131209,35.53,35.95,35.47,35.8,35.9,35.87,35.9,51165.38,2.3218,2.3225
20131210,35.79,36.2,35.35,35.59,35.42,35.42,35.43,50993.02,2.3096,2.3102
20131211,35.43,35.48,34.7,35.08,34.7,34.7,34.74,50067.99,2.3256,2.3262
20131212,35.0,35.0,34.27,34.52,34.55,34.55,34.56,50121.61,2.3333,2.3338
20131213,35.0,35.0,34.12,34.36,34.33,34.33,34.38,50051.18,2.3348,2.3354
20131216,34.33,34.68,34.27,34.43,34.39,34.3,34.39,50279.61,2.3249,2.3255
20131217,34.17,34.81,34.13,34.37,34.27,34.2,34.27,50090.35,2.3215,2.3221
20131218,34.57,34.57,34.15,34.36,34.37,34.3,34.37,50563.43,2.3268,2.3274
20131219,34.8,35.11,34.42,34.69,35.11,35.0,35.11,51633.43,2.3522,2.3528
20131220,34.75,35.08,34.25,34.54,34.45,34.38,34.45,51185.74,2.3811,2.3817
20131223,34.45,34.72,34.27,34.55,34.56,34.45,34.56,51356.1,2.37,2.3706
20131226,34.83,34.9,34.53,34.67,34.71,34.6,34.71,51221.01,2.3501,2.3507
20131227,34.89,35.68,34.76,35.33,35.5,35.41,35.5,51266.56,2.3532,2.3538
20131230,35.88,36.11,35.51,35.82,35.71,35.71,35.89,51507.16,2.342,2.3426
20140102,35.91,36.05,34.57,35.1,34.81,34.67,34.81,50341.25,2.3969,2.3975
20140103,34.81,34.81,33.81,33.98,33.81,33.81,33.84,50981.09,2.3734,2.3741
20140106,33.63,34.09,33.39,33.8,34.09,34.01,34.09,50973.62,2.3783,2.3789
20140107,34.01,34.35,33.12,33.61,33.25,33.21,33.25,50430.02,2.3628,2.3634
20140108,33.49,33.64,33.27,33.46,33.48,33.4,33.48,50576.64,2.3773,2.3779
20140109,33.48,33.48,32.15,32.74,32.29,32.24,32.29,49321.68,2.3954,2.396
20140110,32.26,32.86,32.17,32.48,32.25,32.2,32.25,49696.45,2.3813,2.3819
20140113,32.06,32.45,31.87,32.1,32.04,31.96,32.04,49426.9,2.3485,2.3491
20140114,31.96,32.26,31.73,31.96,32.02,31.83,32.02,49703.1,2.3611,2.3617
20140115,32.1,32.52,31.83,32.25,32.45,32.45,32.51,50105.37,2.3465,2.347
20140116,32.98,33.36,32.59,32.95,32.83,32.71,32.83,49696.28,2.3677,2.3683
20140117,32.81,32.96,32.37,32.55,32.49,32.43,32.49,49181.86,2.3595,2.3601
20140120,32.16,32.44,31.56,32.03,31.79,31.7,31.79,48708.41,2.3329,2.3335
20140121,31.86,31.89,31.03,31.38,31.08,31.04,31.08,48542.07,2.3602,2.3608
20140122,31.33,32.01,31.11,31.67,31.81,31.81,31.84,49299.66,2.3595,2.3601
20140123,31.3,31.8,30.92,31.26,30.93,30.93,30.94,48320.64,2.3755,2.3761
20140124,30.81,31.4,30.75,31.12,31.25,31.24,31.25,47787.38,2.4123,2.4129
20140127,31.34,31.46,30.7,31.06,31.12,31.12,31.2,47701.05,2.4038,2.4044
20140128,31.78,32.06,31.65,31.82,31.75,31.75,31.87,47840.93,2.4159,2.4165
20140129,31.75,33.57,31.48,32.65,33.1,33.1,33.18,47556.78,2.439,2.4397
20140130,33.12,33.38,32.41,32.8,32.5,32.5,32.52,47244.26,2.4218,2.4224
20140131,32.18,33.16,32.04,32.77,33.05,33.04,33.05,47638.99,2.4257,2.4263
20140203,32.97,33.0,32.09,32.4,32.13,32.13,32.25,46147.52,2.4084,2.409
20140204,32.52,32.95,31.97,32.56,32.67,32.67,32.73,46964.22,2.4171,2.4177
20140205,32.75,33.61,32.66,33.33,33.5,33.5,33.52,46624.39,2.4101,2.4106
20140206,34.0,34.78,33.69,34.39,34.26,34.26,34.3,47738.09,2.4035,2.4041
20140207,34.28,34.63,33.79,34.16,34.05,34.05,34.12,48073.6,2.3811,2.3817
20140210,33.93,34.43,33.57,33.85,33.64,33.63,33.64,47710.82,2.393,2.3936
20140211,34.0,34.63,33.6,34.31,34.49,34.35,34.5,48462.79,2.407,2.4076
20140212,34.65,34.87,34.3,34.51,34.46,34.46,34.53,48216.89,2.408,2.4086
20140213,34.25,34.45,33.81,34.11,34.32,34.32,34.42,47812.83,2.4232,2.4238
20140214,34.5,34.95,34.25,34.73,34.84,34.82,34.84,48201.11,2.3919,2.3924
20140217,34.96,35.09,34.49,34.77,34.49,34.49,34.64,47576.33,2.3864,2.387
20140218,34.65,35.19,34.5,34.9,34.57,34.57,34.6,46599.76,2.3977,2.3983
20140219,34.55,35.09,34.37,34.79,34.92,34.92,34.98,47150.83,2.398,2.3986
20140220,34.73,34.91,34.5,34.67,34.52,34.52,34.55,47288.61,2.3793,2.3799
20140221,34.75,34.88,34.4,34.6,34.61,34.61,34.62,47380.24,2.3619,2.3625
20140224,34.57,34.57,33.66,33.93,33.67,33.67,33.77,47393.5,2.3385,2.3391
20140225,33.2,33.24,32.39,32.69,32.51,32.51,32.59,46715.91,2.3361,2.3367
20140226,32.57,32.96,32.18,32.61,32.52,32.52,32.71,46599.21,2.3448,2.3454
20140227,33.1,33.55,32.66,33.18,33.01,33.01,33.19,47606.75,2.3431,2.3436
20140228,33.04,33.2,32.57,32.99,33.0,32.99,33.0,47094.4,2.3327,2.3334
20140305,32.35,32.74,31.76,32.08,31.85,31.85,31.9,46589.0,2.3234,2.324
20140306,32.11,32.18,31.74,31.83,31.75,31.75,31.89,47093.13,2.3088,2.3094
20140307,31.5,31.68,30.44,30.86,30.55,30.55,30.6,46244.07,2.3376,2.3382
20140310,30.01,30.19,29.5,29.82,30.04,30.04,30.05,45533.2,2.3404,2.341
20140311,30.3,30.49,29.48,29.77,29.55,29.55,29.63,45697.62,2.3455,2.3461
20140312,29.5,30.32,29.31,30.07,30.11,30.11,30.16,45861.81,2.3643,2.3649
20140313,30.25,30.56,29.22,29.67,29.3,29.3,29.46,45443.83,2.348,2.3486
20140314,29.34,29.66,29.08,29.35,29.26,29.26,29.28,44965.66,2.3631,2.3638
20140317,29.27,30.05,29.25,29.57,29.31,29.31,29.49,45117.8,2.3513,2.3518
20140318,29.53,29.98,29.27,29.7,29.81,29.81,29.9,46150.96,2.3516,2.3522
20140319,29.8,30.21,29.48,29.79,29.61,29.61,29.69,46567.23,2.3333,2.3338
20140320,29.49,30.13,29.26,29.82,29.88,29.73,29.88,47278.48,2.3414,2.342
20140321,29.7,30.77,29.65,30.43,30.43,30.31,30.43,47380.94,2.3239,2.3245
20140324,30.6,30.78,30.28,30.53,30.58,30.58,30.75,47993.42,2.3242,2.3248
20140325,31.0,31.21,30.69,30.92,30.82,30.76,30.82,48180.14,2.3118,2.3124
20140326,31.25,31.31,30.46,30.73,30.47,30.47,30.59,47965.61,2.3113,2.3119
20140327,30.91,31.19,30.64,31.0,31.11,31.03,31.11,49646.79,2.2824,2.283
20140328,31.3,31.51,30.71,31.05,31.01,31.01,31.17,49768.06,2.2597,2.2603
20140331,31.3,32.0,31.3,31.57,31.42,31.42,31.46,50414.92,2.2624,2.263
20140401,31.7,31.84,31.05,31.32,31.36,31.36,31.39,50270.37,2.2614,2.262
20140402,31.36,33.02,31.34,32.38,32.53,32.53,32.6,51701.05,2.2705,2.2711
20140403,32.4,33.06,32.12,32.69,32.91,32.86,32.94,51408.21,2.2805,2.2811
20140404,33.15,33.35,32.48,32.77,32.48,32.48,32.65,51081.78,2.2414,2.242
20140407,32.99,33.43,32.69,33.15,33.34,33.2,33.34,52155.28,2.232,2.2326
20140408,33.66,34.44,33.13,33.81,33.26,33.26,33.37,51629.07,2.1968,2.1974
20140409,33.2,33.46,32.74,33.08,32.98,32.98,33.0,51185.4,2.2105,2.2111
20140410,32.9,33.09,32.5,32.76,32.8,32.6,32.8,51127.48,2.1982,2.1987
20140411,32.62,32.97,32.15,32.64,32.97,32.9,32.97,51867.29,2.2053,2.2059
20140414,33.02,33.24,32.76,32.98,32.89,32.89,33.03,51596.55,2.209,2.2096
20140415,31.8,32.25,30.25,30.88,30.94,30.94,31.01,50454.35,2.2251,2.2257
20140416,31.15,31.42,30.92,31.13,31.08,31.08,31.2,51200.56,2.2336,2.2342
20140417,31.15,31.91,31.05,31.49,31.65,31.54,31.67,52111.85,2.2476,2.2482
20140422,31.37,31.37,30.71,30.91,30.71,30.71,30.74,51976.86,2.2443,2.2449
20140423,30.7,30.8,30.21,30.36,30.29,30.29,30.37,51569.69,2.242,2.2426
20140424,30.5,31.15,30.27,30.66,30.79,30.75,30.79,51817.45,2.2223,2.2229
20140425,30.6,30.7,30.08,30.24,30.32,30.3,30.32,51399.35,2.2319,2.2325
20140428,29.91,30.0,29.14,29.57,29.59,29.59,29.69,51383.68,2.2364,2.237
20140429,29.88,29.96,29.62,29.79,29.78,29.77,29.85,51838.61,2.2193,2.2199
20140430,29.38,29.67,28.72,29.36,29.4,29.4,29.45,51626.69,2.2354,2.236
20140502,29.61,30.39,29.38,30.13,30.2,30.15,30.2,52980.31,2.2215,2.2221
20140505,30.29,30.44,29.77,30.05,30.11,30.01,30.11,53446.17,2.228,2.2286
20140506,29.9,30.42,29.78,30.03,29.82,29.82,29.85,53779.74,2.2316,2.2322
20140507,29.89,30.24,29.67,29.96,29.97,29.97,30.09,54052.74,2.2276,2.2282
20140508,30.14,30.2,29.22,29.52,29.47,29.47,29.51,53422.37,2.2101,2.2107
20140509,29.52,29.67,29.22,29.44,29.22,29.22,29.32,53100.34,2.2186,2.2192
20140512,29.9,30.7,29.69,30.34,30.6,30.55,30.6,54052.9,2.2158,2.2164
20140513,30.55,30.93,30.4,30.69,30.65,30.65,30.74,53907.46,2.2095,2.2101
20140514,30.74,31.48,30.72,31.27,31.39,31.34,31.39,54412.54,2.2123,2.2129
20140515,31.25,31.43,30.82,31.08,31.1,31.03,31.1,53855.54,2.216,2.2166
20140516,30.85,30.86,30.18,30.49,30.4,30.4,30.44,53975.76,2.2104,2.211
20140519,30.1,30.1,29.45,29.62,29.47,29.46,29.54,53353.1,2.2105,2.2111
20140520,29.45,29.65,28.85,29.08,28.86,28.86,28.99,52366.19,2.215,2.2156
20140521,29.2,29.39,28.89,29.05,28.89,28.89,28.94,52203.37,2.2105,2.2111
20140522,29.18,29.81,29.17,29.4,29.34,29.34,29.45,52806.22,2.2125,2.2131
20140523,29.49,29.58,29.12,29.29,29.26,29.26,29.3,52626.41,2.2181,2.2187
20140526,29.45,29.77,29.39,29.53,29.6,29.51,29.6,52932.91,2.2203,2.2209
20140527,29.45,29.7,29.09,29.29,29.09,29.09,29.15,52173.98,2.2348,2.2354
20140528,29.06,29.25,28.86,29.05,29.09,29.09,29.16,52639.75,2.2399,2.2405
20140529,29.25,29.34,28.85,29.16,29.34,29.18,29.34,52239.34,2.2245,2.2251
20140530,28.65,28.94,28.29,28.47,28.4,28.4,28.45,51239.34,2.2384,2.239
20140602,28.77,29.37,28.65,29.17,29.14,29.1,29.14,51605.83,2.2634,2.264
20140603,29.14,29.2,28.68,28.84,28.85,28.85,28.94,52032.38,2.2648,2.2654
20140604,28.8,29.24,28.76,28.94,28.92,28.82,28.92,51832.98,2.2796,2.2802
20140605,28.92,29.23,28.75,29.0,28.78,28.77,28.78,51558.79,2.2689,2.2695
20140606,29.4,29.6,29.14,29.4,29.37,29.37,29.44,53128.66,2.2439,2.2445
20140609,29.41,29.8,29.36,29.59,29.63,29.63,29.7,54273.16,2.233,2.2336
20140610,29.68,29.75,29.08,29.36,29.44,29.4,29.44,54604.34,2.229,2.2296
20140611,29.9,29.93,29.31,29.6,29.64,29.46,29.65,55102.44,2.2301,2.2307
20140613,28.75,29.04,28.48,28.58,28.6,28.6,28.62,54806.64,2.2341,2.2347
20140616,28.75,28.75,28.21,28.43,28.42,28.42,28.57,54629.55,2.2307,2.2313
20140617,28.41,28.48,28.26,28.36,28.45,28.45,28.47,54299.95,2.248,2.2486
20140618,28.5,28.96,28.43,28.76,28.85,28.82,28.85,55202.54,2.2528,2.2534
20140620,28.8,28.99,28.5,28.76,28.77,28.63,28.77,54638.19,2.2374,2.238
20140623,29.1,29.38,28.91,29.14,29.11,29.11,29.19,54210.05,2.2189,2.2195
20140624,29.1,29.29,28.64,28.99,28.71,28.71,28.8,54280.78,2.2211,2.2217
20140625,28.59,29.07,28.47,28.75,28.66,28.66,28.85,53425.74,2.2046,2.2052
20140626,28.99,29.75,28.99,29.43,29.34,29.34,29.51,53506.75,2.2083,2.2089
20140627,29.29,29.54,29.0,29.17,29.06,29.06,29.12,53157.3,2.1969,2.1975
20140630,29.01,29.32,28.81,29.07,29.24,29.2,29.24,53168.22,2.2019,2.2025
20140630,29.01,29.32,28.81,29.07,29.24,29.2,29.24,53168.22,2.2019,2.2025
20140701,29.5,29.97,29.5,29.73,29.65,29.65,29.7,53171.49,2.2048,2.2054
20140702,29.8,30.53,29.73,30.27,30.44,30.37,30.44,53028.78,2.2127,2.2134
20140703,30.56,31.38,30.56,30.99,31.04,31.04,31.05,53874.58,2.2275,2.2281
20140704,31.17,31.25,31.0,31.14,31.22,31.22,31.24,54055.9,2.2143,2.2149
20140707,31.0,31.21,30.61,30.78,30.8,30.8,30.9,53801.83,2.2195,2.2201
20140708,30.95,31.02,30.57,30.75,30.81,30.64,30.81,53634.69,2.2144,2.215
20140710,30.82,30.98,30.51,30.74,30.8,30.68,30.8,54592.75,2.2231,2.2237
20140711,30.8,31.0,30.4,30.72,30.7,30.7,30.77,54785.93,2.2222,2.2228
20140714,30.95,31.2,30.8,30.98,30.86,30.86,30.94,55743.98,2.217,2.2176
20140715,30.9,31.29,30.9,31.08,31.06,31.06,31.19,55973.61,2.2189,2.2195
20140716,31.37,32.08,31.37,31.91,31.92,31.92,31.94,55717.36,2.2187,2.2193
20140717,31.8,31.93,31.44,31.66,31.48,31.48,31.56,55637.51,2.2397,2.2403
20140718,32.0,32.0,31.4,31.7,31.45,31.42,31.45,57012.9,2.2356,2.2362
20140721,31.49,31.72,31.23,31.46,31.56,31.56,31.69,57633.92,2.2232,2.2238
20140722,31.8,32.14,31.8,31.99,31.87,31.87,32.1,57983.32,2.2123,2.2129
20140723,31.8,32.21,31.72,31.89,31.73,31.73,31.83,57419.96,2.2196,2.2202
20140724,32.06,32.6,31.99,32.33,32.34,32.34,32.37,57977.56,2.2198,2.2204
20140725,32.3,32.5,32.25,32.39,32.38,32.38,32.41,57821.08,2.2287,2.2293
20140728,32.57,33.05,32.57,32.89,32.82,32.82,32.91,57695.72,2.2296,2.2302
20140729,33.0,33.25,32.82,32.99,32.92,32.92,33.0,57118.81,2.2272,2.2278
20140730,32.95,32.99,32.15,32.42,32.22,32.22,32.35,56877.97,2.2441,2.2447
20140731,32.09,32.95,32.03,32.47,32.55,32.55,32.62,55829.41,2.2668,2.2674
20140801,32.45,32.55,31.65,31.97,31.77,31.77,31.82,55902.87,2.26,2.2607
20140804,31.86,32.14,31.55,31.87,32.14,31.98,32.14,56616.33,2.2571,2.2577
20140805,32.0,32.0,31.56,31.72,31.62,31.6,31.62,56202.1,2.275,2.2756
20140806,31.63,32.07,31.55,31.87,31.8,31.8,31.98,56487.18,2.2784,2.279
20140807,32.05,32.14,31.54,31.68,31.6,31.6,31.7,56188.05,2.2796,2.2802
20140808,31.5,31.91,31.36,31.67,31.61,31.61,31.69,55572.93,2.298,2.2986
20140811,32.0,32.31,31.84,32.03,31.84,31.84,31.97,56613.32,2.2773,2.2779
20140812,31.85,32.05,31.72,31.88,32.01,31.9,32.01,56442.34,2.2764,2.277
20140813,31.75,31.82,31.0,31.37,31.34,31.34,31.35,55581.19,2.2686,2.2692
20140814,31.1,31.25,30.27,30.63,30.59,30.59,30.64,55780.41,2.2697,2.2703
20140815,30.9,31.1,30.66,30.93,31.0,30.95,31.0,56963.65,2.2684,2.269
20140818,31.2,31.3,30.8,31.13,31.24,31.2,31.24,57560.72,2.2589,2.2595
20140819,31.05,31.53,30.91,31.27,31.25,31.25,31.3,58449.29,2.2581,2.2587
20140820,31.39,31.9,31.25,31.59,31.77,31.77,31.87,58878.24,2.2544,2.255
20140821,31.7,31.96,31.43,31.6,31.56,31.56,31.57,58992.11,2.2576,2.2582
20140822,31.44,31.45,31.16,31.3,31.37,31.26,31.37,58407.32,2.2772,2.2778
20140825,31.53,31.53,31.13,31.22,31.17,31.17,31.3,59735.17,2.2802,2.2808
20140826,31.05,31.38,30.82,31.12,31.02,31.02,31.2,59821.45,2.2742,2.2748
20140827,31.2,31.22,30.68,30.9,30.68,30.68,30.79,60950.57,2.2585,2.2591
20140828,30.07,30.23,29.11,29.44,29.33,29.33,29.35,60290.87,2.2493,2.2499
20140829,29.5,29.65,28.81,29.11,29.12,29.12,29.13,61288.15,2.239,2.2396
20140901,29.45,29.5,28.88,29.06,28.95,28.95,29.0,61141.27,2.2358,2.2364
20140902,29.12,29.3,28.7,28.95,28.75,28.75,28.76,61895.98,2.2515,2.2521
20140903,28.86,29.5,28.76,29.12,29.0,29.0,29.12,61837.04,2.2313,2.2319
20140904,28.98,29.06,28.68,28.83,28.68,28.68,28.7,60800.02,2.235,2.2356
20140905,28.49,28.68,27.87,28.17,28.25,28.25,28.3,60681.98,2.241,2.2416
20140908,28.29,28.35,27.8,28.09,28.1,28.1,28.25,59192.75,2.2485,2.2491
20140909,28.05,28.89,28.05,28.57,28.61,28.61,28.64,58676.34,2.2807,2.2813
20140910,28.49,28.77,28.1,28.25,28.4,28.23,28.4,58198.66,2.2961,2.2967
20140911,28.49,28.55,28.19,28.4,28.36,28.36,28.44,58337.29,2.2874,2.288
20140912,28.17,28.75,28.0,28.46,28.62,28.62,28.65,56927.81,2.3244,2.3251
20140915,28.89,29.24,28.78,29.03,29.11,29.1,29.11,57948.76,2.3395,2.3401
20140916,28.98,29.57,28.81,29.22,29.15,29.15,29.34,59114.66,2.3345,2.3351
20140917,29.45,29.5,28.89,29.13,29.06,29.06,29.19,59108.19,2.3378,2.3384
20140918,28.95,29.51,28.85,29.18,29.09,29.09,29.12,58374.48,2.3661,2.3668
20140919,28.83,29.07,28.32,28.52,28.32,28.32,28.38,57788.7,2.365,2.3656
20140922,27.85,27.85,26.96,27.38,27.28,27.28,27.39,56818.11,2.3864,2.387
20140923,27.33,27.71,27.29,27.48,27.55,27.53,27.56,56540.5,2.402,2.4026
20140924,27.55,28.05,27.55,27.82,27.64,27.64,27.7,56824.42,2.4064,2.407
20140925,27.6,27.6,27.04,27.3,27.35,27.34,27.35,55962.08,2.4078,2.4085
20140926,27.41,27.56,26.97,27.19,26.97,26.97,27.09,57212.38,2.4304,2.431
20140929,26.25,26.99,26.14,26.66,26.54,26.54,26.61,54625.35,2.4516,2.4522
20140930,26.68,27.47,26.25,26.69,26.85,26.85,26.87,54115.98,2.4504,2.451
20141001,26.65,27.51,26.6,27.08,26.83,26.83,26.89,52858.43,2.4617,2.4623
20141002,26.9,27.84,26.62,27.35,27.61,27.58,27.62,53518.57,2.4779,2.4785
20141003,27.45,27.66,26.86,27.19,27.2,27.2,27.24,54539.55,2.4926,2.4932
20141006,27.95,28.14,27.22,27.54,27.34,27.33,27.34,57115.9,2.4092,2.4098
20141007,27.8,27.83,27.26,27.55,27.4,27.4,27.56,57436.33,2.4032,2.4038
20141008,27.75,27.79,27.13,27.38,27.37,27.37,27.53,57058.48,2.4065,2.4072
20141009,27.73,27.73,26.75,27.09,26.9,26.88,26.9,57267.53,2.3908,2.3914
20141010,26.75,26.91,26.25,26.48,26.25,26.25,26.44,55311.59,2.4096,2.4103
20141013,27.15,28.12,27.04,27.66,27.49,27.49,27.57,57956.53,2.3917,2.3923
20141014,27.75,28.74,27.59,28.34,28.31,28.31,28.32,58015.46,2.3985,2.3991
20141015,27.85,28.37,27.44,27.89,28.3,28.24,28.3,56135.27,2.431,2.4316
20141016,27.6,27.81,26.69,27.54,27.38,27.38,27.4,54298.33,2.4763,2.477
20141017,26.7,27.08,26.18,26.63,26.62,26.62,26.65,55723.79,2.447,2.4477
20141020,26.5,26.63,26.07,26.29,26.35,26.34,26.38,54302.57,2.4548,2.4554
20141021,26.11,26.94,25.92,26.61,26.76,26.76,26.79,52432.43,2.4791,2.4797
20141022,26.76,27.03,26.41,26.75,26.76,26.76,26.81,52411.03,2.4775,2.4781
20141023,26.41,27.59,26.3,27.1,27.25,27.24,27.25,50713.26,2.4998,2.5004
20141024,26.89,28.08,26.89,27.59,27.45,27.45,27.58,51940.73,2.4799,2.4805
20141027,26.68,27.0,26.19,26.5,26.35,26.35,26.36,50503.66,2.5335,2.5341
20141028,26.75,26.77,25.93,26.19,26.14,26.14,26.19,52330.03,2.4863,2.4869
20141029,25.99,26.32,24.76,25.16,24.76,24.75,24.8,51049.32,2.434,2.4346
20141030,23.81,24.1,23.5,23.77,23.7,23.7,23.72,52336.83,2.4113,2.4119
20141031,23.95,25.0,23.81,24.55,25.0,24.82,25.0,54628.6,2.4436,2.4442
20141103,24.7,24.9,24.31,24.7,24.9,24.69,24.9,53947.21,2.4833,2.4839
20141104,24.78,24.83,23.8,24.12,24.11,24.1,24.11,54383.59,2.5189,2.5195
20141105,23.75,24.28,23.46,23.92,24.0,24.0,24.04,53698.42,2.5162,2.5168
20141106,23.54,23.88,23.31,23.63,23.65,23.65,23.81,52637.06,2.5319,2.5325
20141107,23.66,24.35,23.66,24.05,24.02,24.02,24.15,53222.85,2.5715,2.5721
20141110,24.5,24.5,23.3,23.71,23.3,23.3,23.43,52725.38,2.5384,2.539
20141111,22.94,23.05,22.28,22.57,22.57,22.57,22.72,52474.27,2.5638,2.5644
20141112,22.59,23.05,22.5,22.65,22.52,22.52,22.6,52978.89,2.5544,2.555
20141113,22.52,22.84,22.45,22.61,22.46,22.46,22.53,51846.03,2.5719,2.5725
20141114,22.29,23.1,22.06,22.81,23.0,23.0,23.04,51772.4,2.6129,2.6136
20141117,22.93,23.18,22.75,22.93,22.93,22.93,23.07,51256.99,2.6029,2.6035
20141118,22.88,22.89,22.01,22.23,22.03,22.03,22.13,52061.86,2.5961,2.5967
20141119,21.85,22.25,21.67,22.01,22.16,22.16,22.17,53402.81,2.5843,2.5849
20141121,23.19,24.1,22.76,23.49,23.59,23.55,23.59,56084.04,2.5384,2.5391
20141124,24.0,24.13,23.47,23.77,23.7,23.7,23.74,55406.91,2.5276,2.5282
20141125,23.79,23.96,23.56,23.79,23.96,23.9,23.96,55560.81,2.523,2.5237
20141126,24.01,24.05,23.04,23.42,23.04,23.04,23.11,55098.47,2.5097,2.5103
20141127,23.26,23.74,22.98,23.26,22.98,22.98,23.16,54721.32,2.5059,2.5065
20141128,23.24,23.65,23.04,23.31,23.3,23.3,23.33,54724.0,2.5595,2.5601
20141201,22.84,23.03,22.09,22.45,22.22,22.22,22.3,52276.58,2.5618,2.5624
20141202,22.45,22.74,21.65,22.2,21.65,21.65,21.8,51612.47,2.5658,2.5664
20141203,21.83,22.2,21.62,21.88,21.95,21.86,21.95,52320.48,2.5601,2.5607
20141204,22.01,22.01,21.41,21.7,21.67,21.67,21.75,51426.87,2.5791,2.5797
20141205,21.65,22.04,21.4,21.72,21.88,21.88,21.98,51992.89,2.5882,2.5888
20141208,21.79,21.86,21.01,21.3,21.18,21.18,21.19,50274.07,2.5917,2.5923
20141209,20.41,21.08,20.29,20.68,20.7,20.69,20.71,50193.47,2.601,2.6016
20141210,20.64,20.82,19.93,20.26,19.93,19.93,20.02,49548.08,2.5925,2.5931
20141211,19.92,19.94,19.13,19.44,19.37,19.37,19.47,49861.81,2.6265,2.6271
20141212,19.27,19.69,18.91,19.16,18.91,18.91,19.05,48001.98,2.6552,2.6558
20141215,19.05,19.36,18.54,18.77,18.69,18.66,18.74,47018.68,2.6711,2.6717
20141216,18.33,19.62,18.2,19.22,19.35,19.19,19.35,47007.51,2.7397,2.7403
20141217,19.55,19.85,19.34,19.67,19.71,19.71,19.72,48713.64,2.724,2.7246
20141218,20.0,20.03,19.45,19.78,19.96,19.9,19.96,48495.7,2.6669,2.6676
20141219,20.3,21.57,20.03,21.08,21.57,21.53,21.57,49650.98,2.648,2.6486
20141222,21.89,22.01,21.15,21.44,21.37,21.36,21.37,50120.86,2.652,2.6527
20141223,21.15,22.3,21.05,21.89,22.22,22.21,22.22,50889.81,2.6769,2.6775
20141226,22.22,22.41,21.68,21.98,21.68,21.68,21.8,50144.63,2.6806,2.6812
20141229,21.7,22.25,21.7,22.1,22.11,22.0,22.11,50593.82,2.6777,2.6783
20141230,22.38,22.61,21.88,22.07,21.91,21.91,22.05,50007.41,2.6556,2.6562
20150102,21.7,21.95,21.06,21.32,21.28,21.28,21.3,48512.22,2.6923,2.6929
20150105,20.76,21.13,20.51,20.9,20.96,20.85,20.96,47516.82,2.7101,2.7107
20150106,21.27,22.13,21.07,21.71,21.8,21.74,21.8,48000.92,2.7016,2.7023
20150107,22.32,22.81,21.97,22.43,22.6,22.6,22.64,49462.91,2.6801,2.6807
20150108,22.77,22.88,22.11,22.65,22.84,22.78,22.85,49943.3,2.6913,2.6919
20150109,22.59,22.85,22.29,22.51,22.35,22.35,22.53,48840.25,2.6577,2.6583
20150112,22.11,22.65,21.93,22.28,22.64,22.59,22.64,48139.74,2.6569,2.6575
20150113,22.7,23.13,22.51,22.82,22.51,22.51,22.59,48041.67,2.6479,2.6485
20150114,21.8,22.0,20.69,21.28,20.7,20.7,20.82,47645.87,2.6216,2.6222
20150115,20.8,21.26,20.45,20.95,20.94,20.94,20.97,48026.31,2.6116,2.6122
20150116,21.05,22.22,20.85,21.71,21.88,21.73,21.88,49016.52,2.6187,2.6193
20150119,21.45,21.68,21.3,21.52,21.65,21.56,21.66,47758.01,2.6237,2.6243
20150120,22.08,22.08,21.52,21.76,21.74,21.65,21.74,47876.66,2.6241,2.6247
20150121,21.87,22.28,21.51,21.99,22.08,21.96,22.08,49224.08,2.5961,2.5968
20150122,22.35,22.87,21.76,22.18,21.91,21.91,21.95,49442.62,2.5748,2.5754
20150123,21.5,21.6,20.47,20.81,20.52,20.52,20.59,48775.3,2.585,2.5856
20150126,20.01,20.11,19.57,19.8,19.58,19.57,19.6,48576.55,2.596,2.5966
20150127,19.37,19.54,18.58,18.95,19.0,18.91,19.0,48591.23,2.5803,2.5809
20150128,18.72,19.35,18.65,18.99,18.95,18.92,18.97,47694.54,2.5791,2.5797
20150129,19.0,19.21,17.91,18.4,18.05,18.04,18.05,47762.24,2.5954,2.596
20150130,17.7,18.68,17.65,18.33,18.61,18.47,18.61,46907.68,2.6617,2.6623
20150202,18.95,19.82,18.65,19.45,19.74,19.74,19.8,47650.73,2.6888,2.6894
20150203,20.34,21.22,20.13,20.74,20.87,20.87,20.89,48963.66,2.7053,2.7059
20150204,20.88,21.17,20.16,20.57,20.55,20.55,20.63,49301.05,2.7142,2.7148
20150205,20.56,21.17,20.43,20.69,20.45,20.45,20.6,49233.85,2.738,2.7386
20150206,20.21,20.63,19.96,20.29,20.42,20.41,20.42,48792.27,2.7635,2.7641
20150209,20.25,21.86,20.21,21.36,21.59,21.59,21.6,49382.58,2.7867,2.7873
20150210,21.28,21.61,20.4,20.82,20.4,20.4,20.5,48510.28,2.8069,2.8075
20150211,20.33,21.18,20.33,20.82,21.1,21.08,21.1,48239.67,2.857,2.8576
20150212,21.7,21.87,21.27,21.63,21.58,21.58,21.6,49532.72,2.8619,2.8625
20150213,21.89,22.7,21.81,22.47,22.48,22.48,22.52,50635.92,2.8385,2.8392
20150218,22.7,23.0,22.68,22.79,22.71,22.71,22.72,51280.36,2.8424,2.843
20150219,22.88,22.88,22.04,22.21,22.1,22.1,22.18,51294.03,2.8539,2.8545
20150220,22.21,22.71,21.95,22.37,22.62,22.62,22.63,51237.7,2.8694,2.8701
20150223,22.1,22.28,21.38,21.6,21.62,21.5,21.62,51280.64,2.8805,2.8811
20150224,21.65,22.29,21.59,22.04,22.04,22.0,22.04,51874.17,2.8643,2.8649
20150225,21.83,22.26,21.8,22.07,22.14,22.11,22.14,51811.02,2.864,2.8646
20150226,21.87,21.94,20.88,21.26,21.25,21.24,21.25,51760.54,2.8721,2.8728
20150227,21.35,21.63,21.11,21.34,21.25,21.24,21.52,51583.09,2.8777,2.8782
20150302,21.16,21.25,20.39,20.66,20.56,20.51,20.56,51020.81,2.8649,2.8655
20150303,20.71,21.12,20.62,20.84,20.79,20.79,20.88,51304.1,2.9045,2.9051
20150304,20.48,20.67,20.09,20.33,20.39,20.34,20.39,50468.05,2.9798,2.9804
20150305,20.38,20.38,19.39,19.73,19.5,19.42,19.5,50365.2,2.9925,2.9931
20150306,19.45,19.87,19.07,19.48,19.59,19.58,19.6,49981.19,3.036,3.0366
20150309,19.43,19.77,19.15,19.49,19.54,19.54,19.58,49181.01,3.1012,3.1018
20150310,19.13,19.53,19.04,19.25,19.1,19.04,19.1,48293.4,3.1293,3.1299
20150311,19.13,19.18,18.78,18.92,18.86,18.86,18.9,48905.58,3.1156,3.1162
20150312,19.12,19.56,18.86,19.15,18.86,18.86,18.88,48880.4,3.1165,3.1171
20150313,18.6,19.13,18.15,18.64,18.88,18.85,18.92,48595.81,3.2258,3.2264
20150316,19.07,19.33,18.53,18.88,18.9,18.9,19.01,48848.21,3.2251,3.2257
20150317,18.98,20.0,18.97,19.59,19.88,19.87,19.88,50285.12,3.2677,3.2683
20150318,19.55,19.71,19.13,19.42,19.59,19.47,19.59,51526.19,3.2512,3.2518
20150319,19.65,19.67,19.15,19.29,19.15,19.15,19.24,50953.53,3.2635,3.2642
20150320,19.47,20.25,19.09,19.92,20.25,20.02,20.25,51966.58,3.2417,3.2423
20150323,20.33,20.46,19.88,20.27,20.38,20.34,20.38,51908.46,3.1793,3.18
20150324,20.2,20.43,19.41,19.81,19.58,19.58,19.6,51506.07,3.1304,3.131
20150325,19.74,19.94,19.28,19.65,19.76,19.76,19.78,51858.3,3.1469,3.1476
20150326,19.6,19.81,18.92,19.24,18.92,18.92,19.0,50579.85,3.1909,3.1915
20150327,18.83,18.88,18.17,18.36,18.35,18.34,18.35,50094.66,3.2253,3.2259
20150330,18.62,18.73,18.23,18.5,18.62,18.62,18.65,51243.45,3.2595,3.2601
20150331,18.31,18.37,17.83,17.98,17.94,17.94,18.0,51150.16,3.2074,3.208
20150401,17.78,17.81,17.37,17.54,17.54,17.54,17.59,52321.76,3.1549,3.1556
20150402,17.46,18.14,17.17,17.82,18.0,17.99,18.0,53123.02,3.1486,3.1492
20150406,18.24,18.5,17.88,18.22,18.13,18.13,18.14,53737.26,3.092,3.0926
20150407,18.35,19.2,18.27,18.89,19.0,18.99,19.0,53729.16,3.1225,3.1231
20150408,19.45,19.55,18.63,18.99,18.75,18.69,18.75,53661.11,3.0828,3.0834
20150409,18.45,18.93,18.19,18.74,18.8,18.79,18.8,53802.66,3.0459,3.0466
20150410,18.8,18.93,18.42,18.65,18.42,18.42,18.44,54214.11,3.0789,3.0796
20150413,18.4,18.87,18.04,18.4,18.24,18.24,18.3,54239.77,3.1005,3.1011
20150414,18.55,19.25,18.55,18.86,18.75,18.75,18.76,53981.92,3.0874,3.088
20150415,18.45,18.71,18.1,18.4,18.6,18.56,18.6,54918.74,3.0675,3.0681
20150416,18.46,18.72,18.01,18.36,18.06,18.06,18.08,54674.21,3.0243,3.0249
20150417,17.91,18.12,17.76,17.9,17.8,17.8,17.98,53954.79,3.0538,3.0544
20150420,17.86,18.12,17.71,17.86,17.73,17.72,17.73,53761.27,3.0467,3.0473
20150422,18.27,19.56,18.21,19.13,19.45,19.41,19.45,54617.36,3.018,3.0186
20150423,19.26,21.25,19.26,20.61,21.09,21.09,21.13,55684.85,3.0077,3.0084
20150424,21.95,23.55,21.9,23.08,23.2,23.2,23.21,56594.22,2.9739,2.9745
20150427,23.35,24.81,23.04,23.83,23.46,23.46,23.5,55534.5,2.9229,2.9236
20150428,23.73,24.14,22.07,22.57,22.55,22.47,22.55,55812.03,2.8937,2.8943
20150429,21.65,21.87,21.09,21.36,21.11,21.11,21.17,55325.29,2.9369,2.9375
20150430,20.6,22.76,20.37,21.55,22.65,22.65,22.73,56229.38,2.993,2.9936
20150504,24.1,24.78,23.72,24.51,24.78,24.6,24.78,57353.98,3.0748,3.0754
20150505,24.88,27.11,24.76,26.27,27.06,27.05,27.06,58051.61,3.0619,3.0626
20150506,27.5,27.89,24.88,26.32,24.93,24.93,25.05,57103.14,3.0414,3.042
20150507,25.0,25.4,23.57,24.02,23.88,23.88,23.9,56921.39,3.0415,3.0421
20150508,24.45,24.7,22.71,23.54,22.75,22.75,22.8,57149.33,2.9959,2.9966
20150511,23.26,23.94,23.07,23.38,23.28,23.26,23.28,57197.1,3.0169,3.0175
20150512,23.2,23.59,22.26,22.71,22.33,22.3,22.33,56792.05,3.0382,3.0389
20150513,22.15,22.38,21.52,21.79,21.6,21.6,21.7,56372.04,3.0096,3.0103
20150514,21.55,22.05,21.14,21.48,21.33,21.33,21.35,56656.57,3.0026,3.0032
20150515,21.35,21.65,21.19,21.34,21.28,21.28,21.34,57248.63,2.9887,2.9894
20150518,21.21,21.5,20.24,20.74,20.24,20.24,20.25,56204.23,3.0139,3.0145
20150519,20.0,20.23,19.83,20.07,20.12,20.11,20.12,55498.82,3.0278,3.0284
20150520,20.01,20.48,19.8,20.02,19.85,19.85,19.9,54901.02,3.034,3.0347
20150521,19.78,20.5,19.78,20.15,20.25,20.2,20.25,55112.05,3.0289,3.0295
20150522,20.5,20.69,20.16,20.37,20.26,20.26,20.35,54377.29,3.0647,3.0653
20150525,20.11,20.86,20.11,20.64,20.57,20.57,20.68,54609.25,3.1206,3.1212
20150526,20.64,21.18,20.5,20.92,20.79,20.65,20.79,53629.78,3.1345,3.1351
20150527,20.8,21.01,20.26,20.66,20.95,20.86,20.95,54236.25,3.1734,3.174
20150528,20.52,20.75,20.28,20.48,20.54,20.54,20.62,53976.27,3.1741,3.1748
20150529,20.49,20.69,20.05,20.32,20.05,20.05,20.07,52760.47,3.1781,3.1788
20150601,20.07,20.39,19.79,20.04,20.04,19.95,20.04,53031.31,3.1783,3.1789
20150602,20.1,21.4,20.1,20.94,21.35,21.32,21.35,54236.43,3.1437,3.1443
20150603,21.36,21.54,20.75,21.13,20.89,20.89,20.9,53522.9,3.1178,3.1184
20150605,20.5,20.99,20.32,20.63,20.6,20.52,20.6,52973.37,3.1677,3.1684
20150608,20.53,20.65,20.09,20.24,20.1,20.09,20.21,52809.63,3.1184,3.119
20150609,19.95,20.62,19.9,20.17,19.98,19.91,19.98,52815.99,3.0985,3.0991
20150610,20.55,21.35,20.39,21.05,21.21,21.15,21.21,53876.44,3.0837,3.0843
20150611,21.44,21.72,21.07,21.33,21.33,21.33,21.36,53688.51,3.1508,3.1514
20150612,21.12,21.31,20.94,21.12,21.16,21.16,21.28,53347.53,3.1101,3.1107
20150615,20.88,21.03,20.25,20.5,20.34,20.25,20.34,53137.53,3.103,3.1036
20150616,20.15,20.18,19.69,19.84,19.75,19.75,19.76,53702.15,3.1076,3.1082
20150617,19.75,19.83,19.3,19.48,19.47,19.47,19.48,53248.54,3.0983,3.0989
20150618,19.65,20.4,19.49,19.88,20.4,20.3,20.4,54238.59,3.0466,3.0472
20150619,20.14,20.35,19.85,20.22,20.32,20.31,20.32,53749.41,3.0782,3.0788
20150622,20.5,20.53,19.69,19.93,19.69,19.69,19.75,53863.67,3.0751,3.0757
20150623,20.17,20.17,19.81,19.95,19.81,19.81,19.95,53772.43,3.1036,3.1042
20150624,20.08,20.18,19.71,19.93,19.8,19.8,19.91,53842.53,3.0846,3.0852
20150625,19.85,19.88,19.13,19.32,19.32,19.32,19.33,53175.66,3.1009,3.1015
20150626,19.39,19.63,19.06,19.43,19.62,19.54,19.62,54016.97,3.1265,3.1271
20150629,19.18,19.49,19.01,19.23,19.2,19.2,19.29,53014.21,3.1383,3.139
20150630,19.04,19.2,18.16,18.44,18.29,18.28,18.29,53080.88,3.1019,3.1026
20150630,19.04,19.2,18.16,18.44,18.29,18.28,18.29,53080.88,3.1019,3.1026
20150701,18.32,18.61,17.97,18.24,18.11,18.11,18.15,52757.53,3.1185,3.1191
20150702,17.89,18.36,17.75,18.08,18.07,18.07,18.1,53106.18,3.1166,3.1173
20150703,17.9,18.08,17.56,17.7,17.68,17.62,17.68,52519.4,3.1265,3.1271
20150706,17.45,17.68,17.24,17.55,17.65,17.63,17.65,52149.37,3.1425,3.1431
20150707,17.5,18.05,16.64,17.34,17.93,17.93,17.97,52343.71,3.1803,3.1809
20150708,17.35,17.82,17.03,17.42,17.16,17.16,17.2,51781.74,3.2275,3.2282
20150710,17.99,18.05,17.11,17.56,17.11,17.11,17.2,52590.72,3.1891,3.1897
20150713,17.4,18.52,16.94,17.96,18.5,18.44,18.5,53119.47,3.1588,3.1594
20150714,18.17,18.21,17.66,17.84,17.82,17.82,17.85,53239.17,3.1224,3.123
20150715,18.08,18.19,17.11,17.46,17.11,17.11,17.18,52902.28,3.1526,3.1532
20150716,17.32,17.69,17.28,17.47,17.64,17.64,17.66,53069.75,3.1369,3.1375
20150717,17.73,17.74,17.28,17.47,17.45,17.45,17.59,52341.8,3.1826,3.1832
20150720,17.4,17.92,17.3,17.6,17.31,17.31,17.41,51600.07,3.2143,3.2149
20150721,17.41,18.03,17.2,17.67,17.55,17.55,17.57,51474.28,3.1807,3.1813
20150722,17.25,17.46,16.84,17.26,17.29,17.28,17.29,50915.78,3.2088,3.2094
20150723,17.31,17.93,17.28,17.45,17.32,17.32,17.34,49806.62,3.2844,3.285
20150724,17.32,17.55,16.54,16.87,16.79,16.79,16.82,49245.84,3.3248,3.3254
20150727,16.75,17.55,16.41,17.03,16.76,16.76,16.85,48735.54,3.3551,3.3557
20150728,17.17,18.2,17.06,17.83,18.09,18.09,18.14,49601.6,3.3808,3.3815
20150729,18.4,18.7,18.2,18.45,18.35,18.35,18.38,50245.15,3.3413,3.3419
20150730,19.1,19.81,17.39,18.39,17.45,17.45,17.56,49897.4,3.3646,3.3652
20150731,17.53,18.04,17.13,17.68,17.87,17.87,17.9,50864.77,3.3934,3.394
20150803,17.81,17.94,17.3,17.65,17.59,17.59,17.6,50138.05,3.4419,3.4425
20150804,17.92,18.31,17.92,18.1,18.1,18.09,18.1,50058.49,3.4669,3.4675
20150805,18.65,19.28,18.65,18.95,19.01,18.96,19.01,50287.27,3.4844,3.4851
20150806,18.76,19.79,18.67,19.39,19.58,19.58,19.64,50011.32,3.5341,3.5347
20150807,19.45,19.49,18.42,18.9,18.42,18.42,18.5,48577.32,3.5175,3.5181
20150810,18.55,19.56,18.33,19.18,19.35,19.34,19.35,49353.0,3.4903,3.4909
20150811,18.85,19.04,18.11,18.46,18.6,18.56,18.6,49072.34,3.4919,3.4925
20150812,18.4,19.13,18.15,18.71,18.92,18.92,19.05,48388.05,3.482,3.4826
20150813,19.0,19.5,18.44,18.7,18.48,18.48,18.6,48009.57,3.5068,3.5074
20150814,18.5,18.75,18.2,18.39,18.2,18.2,18.22,47508.41,3.4755,3.4761
20150817,18.1,18.33,17.97,18.09,18.01,18.01,18.07,47217.43,3.4739,3.4746
20150818,18.05,18.05,17.42,17.61,17.42,17.42,17.56,47450.58,3.4805,3.4811
20150819,17.4,17.49,16.68,16.98,16.84,16.84,16.89,46588.39,3.4843,3.4849
20150820,16.91,17.34,16.73,17.07,17.17,17.17,17.18,46649.23,3.4745,3.4751
20150821,16.95,17.16,16.7,16.92,16.7,16.7,16.73,45719.64,3.489,3.4896
20150824,15.14,16.4,14.77,15.58,15.4,15.4,15.43,44336.47,3.5488,3.5494
20150825,16.14,16.28,15.35,15.74,15.35,15.35,15.5,44544.85,3.5339,3.5345
20150826,15.73,15.95,15.28,15.57,15.9,15.9,15.98,46038.08,3.632,3.6326
20150827,16.2,17.69,16.18,17.1,17.69,17.51,17.69,47715.27,3.5549,3.5555
20150828,17.45,18.39,17.21,17.65,17.31,17.31,17.33,47153.87,3.5784,3.579
20150831,17.02,18.09,16.96,17.66,17.92,17.92,18.06,46625.52,3.6461,3.6467
20150901,17.31,17.96,17.1,17.43,17.1,17.05,17.1,45477.06,3.6719,3.6725
20150902,17.52,18.2,17.26,17.8,18.11,18.11,18.12,46463.96,3.7307,3.7314
20150903,18.18,19.37,18.1,18.89,18.73,18.73,18.85,47365.87,3.7753,3.776
20150904,18.35,18.6,18.05,18.26,18.24,18.24,18.3,46497.72,3.798,3.7986
20150908,18.97,19.2,18.63,18.92,18.93,18.93,19.0,46762.07,3.8021,3.8028
20150909,19.4,19.94,18.94,19.34,19.06,19.06,19.12,46657.1,3.7864,3.787
20150910,18.7,20.06,18.66,19.72,19.94,19.94,20.0,46503.99,3.8691,3.8698
20150911,20.23,20.56,19.17,19.63,19.45,19.35,19.45,46400.51,3.8692,3.8698
20150914,19.32,19.59,18.8,19.09,19.15,19.14,19.15,47281.52,3.8647,3.8653
20150915,19.1,19.26,18.52,18.76,18.6,18.6,18.66,47364.07,3.8593,3.8599
20150916,18.82,19.27,18.63,18.93,19.04,19.04,19.25,48553.1,3.8361,3.8368
20150917,18.88,20.28,18.88,19.73,19.49,19.49,19.86,48551.08,3.8915,3.8921
20150918,19.46,20.41,19.39,19.95,19.91,19.83,19.91,47264.08,3.9015,3.9021
20150921,20.01,20.28,19.63,20.02,19.93,19.93,19.94,46590.2,3.9815,3.9821
20150922,19.45,19.71,18.84,19.27,19.46,19.46,19.49,46264.61,4.0419,4.0425
20150923,19.46,19.65,18.9,19.17,18.9,18.9,18.93,45340.11,4.1034,4.1041
20150924,18.35,18.99,18.35,18.68,18.45,18.45,18.54,45291.97,4.1942,4.1949
20150925,18.66,18.92,17.82,18.12,17.93,17.93,17.98,44831.46,3.9472,3.9479
20150928,17.7,17.7,16.57,16.75,16.59,16.59,16.64,43956.63,4.0093,4.0099
20150929,16.8,17.18,16.43,16.76,16.48,16.48,16.52,44131.82,4.1165,4.1172
20150930,16.96,17.05,16.33,16.61,16.58,16.57,16.58,45059.34,3.9722,3.9729
20151001,16.81,17.51,16.71,17.2,17.22,17.21,17.22,45313.27,3.9788,3.9794
20151002,17.08,17.93,16.87,17.44,17.82,17.82,17.95,47033.46,4.0003,4.001
20151005,18.1,18.39,18.0,18.16,18.14,18.14,18.21,47598.07,3.9135,3.9141
20151006,18.35,18.55,18.0,18.33,18.31,18.31,18.32,47735.11,3.8561,3.8567
20151007,19.3,20.3,19.3,19.86,20.15,20.03,20.15,48914.32,3.8053,3.806
20151008,20.07,20.18,19.68,19.96,20.06,19.96,20.06,49106.56,3.8511,3.8517
20151009,20.53,20.83,20.2,20.66,20.79,20.72,20.79,49338.41,3.738,3.7386
20151013,19.97,20.0,18.55,19.05,18.58,18.58,18.68,47362.64,3.8243,3.825
20151014,18.7,19.17,18.6,18.8,18.7,18.7,18.79,46710.44,3.8501,3.8507
20151015,18.86,19.05,18.43,18.78,18.97,18.97,19.05,47161.15,3.8337,3.8344
20151016,18.86,18.86,18.2,18.49,18.42,18.42,18.75,47236.1,3.8432,3.8438
20151019,18.41,18.55,17.71,18.0,17.8,17.77,17.88,47447.31,3.9009,3.9015
20151020,17.9,17.97,17.35,17.55,17.61,17.52,17.61,47076.55,3.865,3.8656
20151021,17.6,18.28,17.59,17.97,18.09,18.03,18.09,47025.87,3.938,3.9386
20151022,18.2,19.0,18.17,18.57,18.51,18.42,18.51,47772.14,3.9354,3.936
20151023,19.25,19.33,18.35,18.88,18.6,18.6,18.61,47596.59,3.8982,3.8988
20151026,18.55,18.65,17.83,18.02,17.86,17.86,17.88,47209.32,3.8575,3.8582
20151027,17.81,17.91,16.95,17.24,17.03,17.02,17.03,47042.95,3.9108,3.9114
20151028,16.86,16.92,16.4,16.63,16.57,16.5,16.57,46740.85,3.8791,3.8797
20151029,16.21,16.5,16.14,16.29,16.14,16.13,16.15,45628.35,3.9321,3.9328
20151030,16.31,17.06,16.3,16.73,17.06,17.0,17.06,45868.82,3.8582,3.8589
20151103,17.25,17.75,16.84,17.45,17.75,17.64,17.75,48053.67,3.812,3.8126
20151104,18.17,18.35,17.07,17.71,17.4,17.31,17.4,47710.1,3.768,3.7687
20151105,17.41,17.41,16.64,16.91,16.95,16.93,16.95,48046.76,3.7887,3.7893
20151106,16.16,16.36,15.59,15.88,15.67,15.67,15.68,46918.52,3.8053,3.8059
20151109,15.64,15.84,15.36,15.53,15.44,15.43,15.44,46194.92,3.7922,3.7928
20151110,15.35,15.43,15.13,15.3,15.38,15.33,15.38,46206.57,3.7975,3.7981
20151111,15.51,15.84,15.06,15.34,15.32,15.27,15.32,47065.01,3.732,3.7327
20151112,15.15,15.32,15.0,15.15,15.05,15.05,15.12,46883.58,3.799,3.7996
20151113,15.09,15.39,15.0,15.24,15.37,15.29,15.37,46517.04,3.8016,3.8023
20151116,15.38,15.53,14.99,15.16,15.05,15.05,15.09,46846.87,3.833,3.8336
20151117,15.1,15.1,14.49,14.64,14.52,14.52,14.55,47247.8,3.8045,3.8052
20151118,14.45,14.94,14.35,14.71,14.59,14.53,14.59,47435.58,3.7915,3.7921
20151119,14.88,15.0,14.5,14.7,14.64,14.64,14.65,48138.89,3.7435,3.7442
20151123,14.34,14.48,14.06,14.19,14.25,14.18,14.25,48150.27,3.7224,3.7231
20151124,14.11,14.64,13.88,14.33,14.47,14.46,14.47,48284.19,3.7075,3.7081
20151125,14.22,14.51,14.06,14.25,14.06,14.06,14.1,46866.63,3.7682,3.7688
20151126,14.12,14.27,14.09,14.16,14.19,14.14,14.19,47145.63,3.76,3.7606
20151127,14.08,14.08,13.3,13.62,13.3,13.29,13.3,45872.92,3.7392,3.7399
20151130,13.04,13.39,12.6,13.11,13.17,13.15,13.17,45120.36,3.8499,3.8506
20151201,13.0,13.32,12.59,12.9,12.84,12.82,12.84,45046.75,3.8739,3.8745
20151202,12.84,13.03,12.25,12.68,12.94,12.94,12.96,44914.53,3.8539,3.8545
20151203,12.85,13.2,12.74,12.98,12.87,12.87,12.94,46393.26,3.7964,3.797
20151204,12.84,12.9,12.16,12.36,12.35,12.34,12.38,45360.76,3.7569,3.7575
20151207,12.35,12.45,12.06,12.26,12.21,12.21,12.23,45222.7,3.747,3.7476
20151208,11.94,11.94,11.25,11.61,11.65,11.65,11.7,44443.26,3.7915,3.7921
20151209,11.95,12.42,11.79,12.15,12.08,12.08,12.1,46108.03,3.7573,3.758
20151210,12.1,12.68,12.05,12.47,12.67,12.65,12.67,45630.71,3.7679,3.7685
20151211,12.19,12.42,11.91,12.2,12.21,12.21,12.27,45262.72,3.8541,3.8548
20151214,12.18,12.55,12.18,12.38,12.46,12.46,12.48,44747.31,3.9017,3.9023
20151215,12.6,13.12,12.6,12.95,12.88,12.88,12.94,44872.47,3.8697,3.8703
20151216,12.71,13.47,12.71,13.2,13.25,13.25,13.28,45015.85,3.9351,3.9357
20151217,13.5,13.6,12.74,13.03,12.74,12.74,12.8,45261.48,3.8923,3.8929
20151218,12.32,12.96,12.32,12.83,12.89,12.85,12.89,43910.6,3.9056,3.9062
20151221,13.1,13.36,12.29,12.63,12.29,12.29,12.42,43199.95,3.9825,3.9831
20151222,12.38,12.63,12.24,12.47,12.55,12.55,12.62,43469.52,3.9764,3.977
20151223,13.12,13.57,12.92,13.32,13.22,13.22,13.24,44014.93,3.9626,3.9632
20151228,13.0,13.17,12.56,12.73,12.64,12.64,12.65,43764.34,3.918,3.9186
20151229,12.61,12.81,12.3,12.7,12.72,12.72,12.74,43653.97,3.8486,3.8492
20151230,12.88,13.14,12.63,13.0,13.03,12.98,13.03,43349.96,3.9042,3.9048
20160104,12.49,12.98,12.48,12.74,12.69,12.67,12.69,42141.04,4.038,4.0387
20160105,12.67,12.84,12.41,12.58,12.52,12.5,12.52,42419.32,4.0108,4.0114
20160106,12.08,12.11,11.59,11.86,11.6,11.59,11.6,41773.14,4.0297,4.0303
20160107,11.26,11.37,10.88,11.05,10.91,10.91,10.96,40694.72,4.0469,4.0475
20160108,11.07,11.25,10.54,10.82,10.54,10.54,10.57,40612.21,4.0244,4.025
20160111,10.5,10.76,10.14,10.34,10.24,10.23,10.24,39950.49,4.0147,4.0153
20160112,10.46,10.46,9.38,9.64,9.41,9.41,9.45,39513.83,4.0293,4.0299
20160113,9.61,9.85,8.8,9.19,9.0,9.0,9.07,38944.44,3.9857,3.9863
20160114,9.15,9.73,8.94,9.45,9.65,9.64,9.65,39500.11,4.0217,4.0223
20160115,9.17,9.51,8.99,9.26,9.37,9.37,9.38,38569.13,4.0396,4.0402
20160118,9.31,9.71,8.89,9.24,8.89,8.89,8.9,37937.27,4.0358,4.0364
20160119,9.51,9.62,9.18,9.39,9.18,9.16,9.2,38057.01,4.0297,4.0303
20160120,8.97,9.31,8.71,9.08,9.21,9.21,9.25,37645.48,4.0855,4.0861
20160121,9.21,9.8,9.14,9.49,9.14,9.14,9.26,37717.11,4.1552,4.1558
20160122,9.45,9.75,8.98,9.31,9.03,9.03,9.14,38031.22,4.1226,4.1232
20160126,8.79,9.06,8.63,8.84,8.95,8.95,8.99,37497.48,4.0961,4.0967
20160127,8.95,9.63,8.86,9.27,9.41,9.41,9.45,38376.37,4.0441,4.0448
20160128,9.41,9.91,9.19,9.38,9.33,9.33,9.35,38630.19,4.0832,4.0838
20160129,9.32,9.82,9.04,9.54,9.72,9.71,9.79,40405.99,4.0422,4.0428
20160201,9.63,9.74,9.35,9.51,9.5,9.5,9.57,40570.04,3.9979,3.9986
20160202,9.19,9.31,8.6,8.94,8.6,8.6,8.68,38596.17,3.9913,3.9919
20160203,8.75,9.18,8.7,8.94,9.01,9.0,9.06,39588.82,3.9552,3.9558
20160204,9.58,10.6,9.36,10.14,10.34,10.34,10.35,40821.74,3.8646,3.8653
20160205,10.29,10.79,10.13,10.44,10.23,10.23,10.25,40592.09,3.8969,3.8975
20160210,10.0,10.42,9.85,10.19,10.2,10.2,10.29,40376.58,3.9406,3.9412
20160211,9.95,10.06,9.61,9.83,9.87,9.87,9.95,39318.3,3.9636,3.9642
20160212,10.05,10.47,10.05,10.28,10.25,10.25,10.3,39808.05,3.9884,3.9891
20160215,10.68,10.8,10.51,10.66,10.51,10.51,10.79,40092.89,3.9879,3.9885
20160216,10.52,11.38,10.52,11.05,11.29,11.29,11.35,40947.7,4.0207,4.0213
20160217,11.69,12.7,11.51,12.11,11.91,11.91,11.98,41630.82,4.0312,4.0318
20160218,11.92,12.17,11.49,11.67,11.51,11.51,11.59,41477.63,4.0084,4.0091
20160219,11.41,12.11,11.37,11.79,11.83,11.83,11.92,41543.4,4.0486,4.0492
20160222,12.5,13.17,12.43,12.94,13.14,13.1,13.14,43234.85,3.9612,3.9618
20160223,12.98,13.44,12.32,12.57,12.38,12.38,12.42,42520.94,3.9678,3.9684
20160224,11.77,11.95,11.49,11.71,11.71,11.71,11.95,42084.56,3.9894,3.99
20160225,11.17,11.62,10.91,11.16,11.02,11.02,11.09,41887.9,3.9394,3.94
20160226,11.39,11.54,10.89,11.17,11.0,10.96,11.0,41593.08,3.9571,3.9578
20160229,11.23,12.02,11.19,11.72,11.81,11.81,11.87,42793.86,3.979,3.9796
20160301,12.2,12.96,12.14,12.65,12.81,12.81,12.85,44121.79,3.9907,3.9913
20160302,12.81,14.22,12.74,13.51,14.22,14.11,14.22,44893.48,3.911,3.9116
20160303,14.48,16.09,13.92,14.98,15.62,15.62,15.68,47193.39,3.8498,3.8504
20160304,16.72,18.33,16.03,17.18,16.55,16.55,16.7,49084.87,3.7182,3.7188
20160307,17.75,18.6,16.68,17.87,17.58,17.58,17.64,49246.1,3.7708,3.7714
20160308,16.81,17.09,15.03,15.6,15.03,15.03,15.1,49102.14,3.7807,3.7813
20160309,15.33,15.53,14.04,14.66,14.5,14.5,14.55,48665.09,3.7031,3.7037
20160310,15.0,15.0,13.28,14.01,14.0,13.99,14.0,49571.11,3.6694,3.67
20160311,14.07,14.65,13.74,14.12,13.87,13.86,13.87,49638.68,3.6265,3.6271
20160314,13.9,14.15,13.28,13.69,13.44,13.44,13.5,48867.33,3.6232,3.6239
20160315,12.99,13.51,12.81,13.2,13.48,13.37,13.48,47130.02,3.711,3.7116
20160316,13.52,14.87,13.41,14.15,14.82,14.79,14.82,47763.43,3.8073,3.8079
20160317,15.62,16.01,14.78,15.57,15.5,15.49,15.5,50913.79,3.6439,3.6445
20160318,15.89,16.1,14.94,15.34,15.33,15.17,15.33,50814.66,3.614,3.6146
20160321,15.49,15.88,14.87,15.25,15.15,15.15,15.2,51171.55,3.6223,3.6229
20160322,14.99,15.6,14.95,15.38,15.43,15.42,15.43,51010.19,3.6067,3.6073
20160323,15.29,15.37,14.05,14.44,14.12,14.12,14.15,49690.05,3.6525,3.6531
20160324,13.99,15.21,13.68,14.63,15.05,15.05,15.12,49657.39,3.6942,3.6948
20160328,15.72,15.72,14.78,15.25,15.17,15.17,15.23,50838.23,3.6401,3.6408
20160329,15.1,15.4,14.44,15.03,15.09,15.05,15.09,51154.99,3.6681,3.6687
20160330,15.38,16.36,15.32,15.81,15.54,15.51,15.54,51248.92,3.611,3.6116
20160331,15.2,15.56,14.85,15.11,15.15,15.13,15.16,50055.27,3.5583,3.5589
20160401,14.89,15.92,14.65,15.54,15.51,15.51,15.55,50561.53,3.5793,3.5799
20160404,15.61,15.91,14.75,15.15,14.79,14.79,14.84,48779.99,3.5865,3.5871
20160405,14.5,15.52,14.46,15.16,15.29,15.27,15.31,49053.62,3.6575,3.6581
20160406,15.08,15.49,14.91,15.18,15.07,15.04,15.07,48096.24,3.6743,3.6749
20160407,15.42,15.47,14.85,15.05,15.01,14.99,15.01,48513.1,3.6915,3.6921
20160408,15.5,16.34,15.36,16.05,16.24,16.15,16.24,50292.93,3.6379,3.6385
20160411,16.46,17.34,16.45,16.93,16.97,16.96,16.97,50165.47,3.5278,3.5284
20160412,17.5,19.1,17.38,18.38,18.74,18.74,18.77,52001.86,3.54,3.5406
20160413,19.76,20.59,19.3,19.92,19.57,19.57,19.77,53149.84,3.5423,3.5429
20160414,19.91,20.04,18.02,18.48,18.2,18.19,18.2,52411.02,3.512,3.5126
20160415,18.4,18.95,17.76,18.55,18.6,18.6,18.62,53227.74,3.527,3.5276
20160418,18.7,19.47,18.56,19.04,19.05,19.01,19.05,52894.08,3.5898,3.5904
20160419,19.75,20.91,19.62,20.3,20.46,20.46,20.5,53710.05,3.5532,3.5538
20160420,20.57,22.19,20.53,21.41,21.76,21.65,21.76,53630.93,3.5497,3.5503
20160422,20.01,20.57,19.19,19.83,19.33,19.33,19.39,52907.88,3.5823,3.5829
20160425,19.2,19.2,18.02,18.25,18.06,18.06,18.1,51861.71,3.5466,3.5472
20160426,18.12,19.01,17.35,18.33,18.69,18.69,18.7,53082.5,3.5294,3.5301
20160427,18.71,19.63,18.18,18.99,19.45,19.42,19.45,54477.78,3.5289,3.5295
20160428,20.47,20.88,19.45,20.27,19.79,19.76,19.79,54311.97,3.4986,3.4992
20160429,20.26,20.93,19.69,20.03,19.69,19.69,19.75,53910.51,3.4502,3.4508
20160502,20.14,20.31,19.1,19.8,19.87,19.84,19.87,53561.53,3.4985,3.4991
20160503,19.14,19.4,18.46,18.74,18.66,18.65,18.66,52260.19,3.5544,3.555
20160504,17.6,18.17,17.2,17.5,17.4,17.39,17.4,52552.8,3.5391,3.5397
20160505,17.8,17.83,16.3,16.94,16.66,16.66,16.68,51671.04,3.529,3.5296
20160506,16.37,17.43,16.17,16.95,16.88,16.88,16.9,51717.83,3.5356,3.5362
20160509,16.1,16.34,15.05,15.4,15.23,15.23,15.25,50990.06,3.538,3.5387
20160510,15.6,15.96,15.13,15.59,15.87,15.84,15.87,53070.91,3.4766,3.4772
20160511,16.23,16.45,15.58,16.09,15.94,15.94,15.99,52764.46,3.4639,3.4645
20160512,16.06,16.25,15.22,15.62,15.44,15.44,15.51,53241.31,3.4871,3.4877
20160513,15.41,15.88,14.6,15.07,14.68,14.68,14.74,51804.31,3.5035,3.5041
20160516,14.6,15.66,14.6,15.11,14.93,14.76,14.93,51802.92,3.5029,3.5035
20160517,15.18,15.74,14.61,15.24,15.13,15.13,15.24,50839.44,3.5031,3.5037
20160518,14.82,15.31,14.69,14.95,14.71,14.7,14.71,50561.7,3.5362,3.5368
20160519,14.34,14.92,14.07,14.58,14.89,14.85,14.89,50132.53,3.5997,3.6003
20160520,15.25,15.39,13.95,14.42,14.13,14.13,14.15,49722.75,3.5413,3.5419
20160523,13.66,14.68,13.66,14.35,14.44,14.42,14.44,49330.42,3.5654,3.566
20160524,14.61,14.79,13.95,14.17,14.02,14.02,14.05,49345.19,3.5485,3.5491
20160525,14.1,14.72,13.99,14.52,14.62,14.62,14.64,49482.86,3.5798,3.5804
20160527,14.7,14.91,14.29,14.52,14.29,14.28,14.29,49051.49,3.6162,3.6168
20160530,14.39,14.47,14.12,14.31,14.28,14.27,14.28,48964.34,3.5991,3.5997
20160531,14.07,14.93,13.94,14.38,14.22,14.22,14.28,48471.71,3.5945,3.5951
20160601,14.09,14.5,13.8,14.22,14.43,14.42,14.43,49012.65,3.612,3.6126
20160602,14.37,14.95,14.21,14.76,14.95,14.85,14.95,49887.24,3.5955,3.5961
20160603,15.26,16.32,15.11,15.87,16.24,16.21,16.24,50619.5,3.5403,3.5409
20160606,16.61,16.93,16.25,16.64,16.89,16.89,16.9,50431.8,3.5092,3.5098
20160607,16.84,17.35,16.48,16.8,16.57,16.57,16.61,50487.86,3.4739,3.4745
20160608,16.78,17.16,16.58,16.92,17.0,16.96,17.0,51629.29,3.3892,3.3898
20160609,16.8,16.8,15.49,15.83,15.7,15.7,15.72,51118.46,3.3811,3.3817
20160610,15.14,15.32,14.82,15.11,14.95,14.94,14.95,49422.16,3.4255,3.4261
20160613,14.66,15.49,14.5,15.19,15.2,15.2,15.23,49660.79,3.4527,3.4533
20160614,15.11,15.39,14.42,14.76,14.63,14.62,14.63,48648.29,3.4833,3.4839
20160615,14.8,15.51,14.76,15.15,15.0,14.94,15.0,48914.74,3.4762,3.4768
20160616,14.79,15.4,14.64,15.05,15.23,15.12,15.23,49411.62,3.4898,3.4904
20160617,15.64,15.93,15.08,15.37,15.28,15.16,15.28,49533.84,3.4366,3.4372
20160620,15.77,16.0,15.51,15.78,15.57,15.52,15.57,50329.36,3.3829,3.3835
20160621,15.62,15.67,15.11,15.41,15.6,15.59,15.6,50837.8,3.3891,3.3897
20160622,15.81,16.24,15.8,16.03,15.85,15.85,15.9,50156.3,3.3877,3.3883
20160623,16.26,16.64,15.95,16.35,16.59,16.55,16.59,51559.82,3.3527,3.3533
20160624,15.48,15.83,15.1,15.38,15.21,15.2,15.21,50105.26,3.3766,3.3772
20160627,15.31,15.45,14.61,14.93,14.8,14.7,14.8,49245.53,3.3928,3.3934
20160628,15.2,15.69,15.17,15.48,15.46,15.46,15.5,50006.56,3.3261,3.3267
20160629,15.88,16.04,15.65,15.84,15.71,15.71,15.77,51001.91,3.2429,3.2435
20160630,15.89,16.34,15.72,16.1,16.27,16.25,16.27,51526.93,3.2092,3.2098
20160630,15.89,16.34,15.72,16.1,16.27,16.25,16.27,51526.93,3.2092,3.2098
20160701,16.31,16.82,15.96,16.49,16.62,16.62,16.68,52233.04,3.2292,3.2298
20160704,16.86,17.15,16.86,17.01,16.97,16.97,17.0,52568.66,3.2474,3.248
20160705,16.61,17.03,15.94,16.25,16.06,16.06,16.08,51842.27,3.2898,3.2904
20160706,15.84,16.33,15.51,15.96,16.29,16.23,16.29,51901.81,3.3236,3.3242
20160707,16.35,16.74,15.73,16.11,16.02,16.0,16.02,52014.66,3.3382,3.3388
20160708,16.26,16.65,16.12,16.28,16.19,16.19,16.22,53140.74,3.2962,3.2968
20160711,16.55,16.95,16.47,16.79,16.86,16.86,16.89,53960.11,3.3025,3.3031
20160712,17.44,17.92,17.37,17.69,17.69,17.66,17.69,54256.41,3.2744,3.275
20160713,17.75,17.92,17.07,17.59,17.82,17.81,17.82,54598.28,3.289,3.2896
20160714,18.1,18.1,17.05,17.38,17.35,17.33,17.36,55480.87,3.2305,3.2311
20160715,17.36,17.67,17.13,17.39,17.34,17.34,17.4,55578.24,3.265,3.2656
20160718,17.35,17.6,17.03,17.37,17.58,17.57,17.58,56484.22,3.2628,3.2634
20160719,17.24,17.33,16.51,16.76,16.84,16.83,16.84,56698.06,3.2795,3.2801
20160720,16.83,17.03,16.4,16.63,16.51,16.5,16.51,56578.05,3.2506,3.2512
20160721,16.89,17.54,16.84,17.26,17.4,17.32,17.4,56641.49,3.2579,3.2585
20160722,17.28,17.36,16.75,17.02,17.15,17.08,17.15,57002.08,3.2848,3.2854
20160725,17.34,17.45,16.94,17.29,17.42,17.36,17.42,56872.73,3.2813,3.2819
20160726,17.46,18.6,17.39,18.17,18.42,18.42,18.46,56782.75,3.2784,3.279
20160727,18.6,19.09,18.6,18.86,18.92,18.8,18.92,56852.84,3.2814,3.282
20160728,19.06,19.2,18.38,18.89,19.04,19.04,19.05,56667.12,3.2734,3.274
20160729,18.9,18.9,18.11,18.42,18.5,18.5,18.56,57308.21,3.2384,3.239
20160801,18.8,19.08,17.9,18.37,17.9,17.9,17.91,56755.76,3.2656,3.2662
20160802,18.01,18.48,17.65,18.0,17.99,17.98,17.99,56162.38,3.2484,3.249
20160803,17.91,18.92,17.65,18.42,18.82,18.73,18.82,57076.91,3.2727,3.2733
20160804,18.58,19.09,18.37,18.79,18.76,18.76,18.8,57593.9,3.2177,3.2183
20160805,19.11,19.22,18.73,19.01,18.97,18.97,19.0,57661.14,3.1853,3.1859
20160808,19.05,19.38,18.76,19.08,18.98,18.92,18.98,57635.43,3.1765,3.1771
20160809,19.05,19.39,18.91,19.1,18.99,18.99,19.1,57689.42,3.1497,3.1503
20160810,19.19,19.22,18.09,18.32,18.09,18.09,18.18,56919.78,3.1296,3.1302
20160811,18.15,18.44,17.9,18.24,18.41,18.4,18.41,58299.57,3.1358,3.1364
20160812,18.34,18.38,17.77,18.01,17.96,17.96,17.97,58298.41,3.1596,3.1602
20160815,18.08,18.49,18.01,18.35,18.43,18.43,18.48,59145.98,3.1666,3.1672
20160816,18.58,19.25,18.55,19.01,18.98,18.97,18.98,58855.43,3.1743,3.1749
20160817,18.8,19.18,18.42,18.86,19.12,19.1,19.12,59323.83,3.2242,3.2248
20160818,19.14,19.34,18.67,18.94,18.92,18.92,19.0,59166.02,3.2209,3.2215
20160819,18.9,19.29,18.68,19.04,19.08,19.0,19.08,59098.92,3.2261,3.2267
20160822,18.94,18.94,18.28,18.53,18.38,18.38,18.45,57781.24,3.2157,3.2163
20160823,18.75,19.2,18.7,18.97,18.75,18.75,18.81,58020.03,3.2047,3.2054
20160824,18.6,18.8,18.02,18.43,18.15,18.1,18.15,57717.88,3.2366,3.2372
20160825,18.2,18.54,18.09,18.25,18.18,18.18,18.22,57722.14,3.2313,3.2319
20160826,18.31,18.6,17.55,18.09,17.71,17.7,17.71,57716.25,3.2147,3.2153
20160829,17.85,18.3,17.75,18.09,18.1,18.1,18.11,58610.39,3.2607,3.2613
20160830,18.11,18.19,17.61,17.85,17.65,17.65,17.7,58575.42,3.2519,3.2525
20160831,17.65,17.7,16.84,17.13,16.94,16.94,16.97,57901.11,3.2397,3.2403
20160901,17.05,17.53,17.02,17.35,17.44,17.44,17.46,58236.27,3.2466,3.2472
20160902,17.7,18.37,17.65,18.06,18.24,18.23,18.24,59616.4,3.2425,3.2431
20160905,18.39,18.39,17.85,17.95,17.9,17.9,17.96,59566.34,3.2715,3.2721
20160906,17.99,18.32,17.69,18.04,18.27,18.2,18.27,60129.44,3.2446,3.2452
20160908,18.01,18.17,17.66,17.78,17.79,17.79,17.8,60231.65,3.1928,3.1934
20160909,17.66,17.71,16.86,17.16,16.86,16.86,16.94,57999.73,3.2632,3.2638
20160912,16.84,17.55,16.58,17.28,17.49,17.46,17.49,58586.11,3.2848,3.2854
20160913,17.08,17.14,16.16,16.49,16.27,16.27,16.3,56820.77,3.2966,3.2972
20160914,16.5,16.86,16.36,16.68,16.64,16.64,16.7,57059.46,3.3256,3.3262
20160915,16.78,17.0,16.45,16.76,16.64,16.63,16.64,57909.49,3.332,3.3326
20160916,16.58,16.6,16.22,16.42,16.41,16.4,16.41,57079.76,3.2998,3.3004
20160919,16.75,16.92,16.49,16.72,16.66,16.65,16.66,57350.38,3.263,3.2636
20160920,16.72,16.8,16.38,16.56,16.7,16.65,16.7,57736.46,3.2534,3.254
20160921,17.21,17.65,17.1,17.34,17.65,17.6,17.65,58393.92,3.2402,3.2408
20160922,17.86,17.96,17.32,17.58,17.55,17.47,17.55,58994.17,3.2009,3.2015
20160923,17.47,17.84,17.31,17.61,17.65,17.6,17.65,58697.0,3.2236,3.2242
20160926,17.39,17.68,17.38,17.51,17.44,17.43,17.44,58053.53,3.2394,3.24
20160927,17.35,17.63,17.1,17.42,17.6,17.5,17.6,58382.49,3.2352,3.2358
20160928,17.68,18.22,17.65,18.0,18.19,18.19,18.2,59355.77,3.247,3.2476
20160929,18.21,18.42,17.87,18.14,17.99,17.98,17.99,58350.57,3.2229,3.2235
20160930,18.02,18.08,17.66,17.88,17.81,17.81,17.83,58367.05,3.2456,3.2462
20161003,17.85,18.27,17.75,18.08,18.1,18.1,18.2,59461.23,3.2332,3.2338
20161004,18.2,18.3,17.56,17.86,17.65,17.65,17.66,59339.23,3.2197,3.2203
20161005,17.88,18.01,17.71,17.86,17.86,17.8,17.86,60254.34,3.2353,3.2359
20161006,17.84,17.95,17.7,17.8,17.8,17.77,17.8,60644.24,3.2304,3.231
20161007,17.97,18.28,17.72,18.02,18.0,18.0,18.02,61108.98,3.2128,3.2134
20161010,18.24,19.09,18.16,18.78,19.05,19.0,19.05,61668.33,3.2119,3.2125
20161011,18.88,19.1,18.4,18.61,18.6,18.59,18.6,61021.85,3.213,3.2136
20161013,18.25,18.25,17.7,17.87,17.75,17.75,17.76,61118.58,3.2081,3.2087
20161014,18.1,18.33,17.97,18.1,18.02,18.01,18.02,61767.22,3.1858,3.1864
20161017,18.09,18.45,17.98,18.25,18.24,18.21,18.24,62696.11,3.1957,3.1963
20161018,18.5,18.88,18.34,18.63,18.77,18.72,18.77,63782.21,3.1868,3.1874
20161019,18.76,18.92,18.51,18.7,18.62,18.62,18.69,63505.61,3.1794,3.18
20161020,18.67,19.17,18.65,18.93,19.1,19.1,19.11,63837.85,3.1599,3.1605
20161021,19.15,20.2,18.88,19.76,19.91,19.9,19.91,64108.08,3.1587,3.1593
20161024,20.3,20.61,20.02,20.31,20.3,20.3,20.35,64059.89,3.1305,3.1311
20161025,20.83,21.35,20.62,21.07,21.35,21.3,21.35,63866.2,3.1187,3.1193
20161026,21.1,21.86,20.82,21.37,21.77,21.77,21.8,63825.69,3.1213,3.1219
20161027,22.1,22.31,21.66,22.02,22.0,21.99,22.0,64249.5,3.1423,3.1429
20161028,21.85,22.47,21.83,22.2,22.14,22.05,22.14,64307.63,3.1809,3.1815
20161031,22.15,22.34,21.66,21.99,22.08,22.07,22.08,64924.52,3.1805,3.1811
20161101,22.37,22.65,21.57,22.09,22.3,22.23,22.3,63326.42,3.2047,3.2053
20161103,22.05,22.66,21.88,22.23,21.96,21.9,21.96,61750.17,3.2304,3.231
20161104,21.81,22.12,21.44,21.7,21.61,21.61,21.63,61598.39,3.2443,3.2449
20161107,22.39,23.21,22.2,22.81,23.13,23.13,23.2,64051.65,3.2018,3.2024
20161108,23.01,24.3,22.98,23.69,23.97,23.93,23.97,64157.68,3.2018,3.2024
20161109,23.6,25.89,23.32,24.95,25.0,25.0,25.1,63258.27,3.2252,3.2258
20161110,25.96,27.41,25.8,26.65,26.87,26.86,26.87,61200.96,3.3098,3.3104
20161111,27.69,28.01,25.8,26.62,25.98,25.89,25.98,59183.51,3.4371,3.4377
20161114,25.82,26.74,25.56,26.24,26.46,26.46,26.48,59657.46,3.444,3.4446
20161116,25.09,25.32,24.17,24.78,25.15,25.07,25.15,60759.32,3.4177,3.4183
20161117,25.49,25.6,24.74,25.15,24.74,24.74,24.89,59770.47,3.4046,3.4052
20161118,24.6,24.87,23.72,24.19,24.57,24.57,24.61,59961.76,3.3911,3.3917
20161121,24.75,25.9,24.65,25.45,25.83,25.83,25.85,61070.27,3.3511,3.3517
20161122,27.07,27.88,26.9,27.44,27.77,27.73,27.77,61954.47,3.347,3.3476
20161123,27.75,28.37,27.34,28.06,28.17,28.14,28.19,61985.91,3.3921,3.3927
20161124,28.29,28.53,27.59,27.93,27.59,27.59,27.67,61395.53,3.3981,3.3987
20161125,27.53,28.9,27.51,28.44,28.9,28.81,28.9,61559.08,3.4273,3.4279
20161128,29.0,31.01,28.59,29.99,31.01,31.0,31.02,62855.5,3.399,3.3996
20161129,30.43,30.45,28.86,29.55,29.18,29.15,29.18,60986.52,3.4054,3.406
20161130,28.98,29.55,27.92,28.43,28.06,28.06,28.75,61906.36,3.3961,3.3967
20161201,29.07,30.25,27.91,29.26,28.47,28.47,28.52,59506.54,3.4356,3.4362
20161202,27.81,29.49,27.45,28.71,29.49,29.43,29.49,60316.13,3.4644,3.465
20161205,29.77,30.15,29.21,29.71,29.6,29.6,29.73,59831.73,3.4592,3.4598
20161206,29.32,30.0,29.13,29.65,30.0,29.8,30.0,61088.25,3.4348,3.4354
20161207,30.88,31.48,30.43,30.94,31.03,31.03,31.1,61414.4,3.3889,3.3895
20161208,31.3,31.65,30.0,30.62,30.13,30.03,30.13,60676.57,3.4002,3.4008
20161209,30.28,30.4,29.46,29.89,29.61,29.61,29.69,60500.62,3.3852,3.3858
20161212,29.79,30.05,29.19,29.55,29.49,29.37,29.49,59178.61,3.3691,3.3697
20161213,28.95,29.51,28.06,28.54,28.33,28.31,28.33,59280.57,3.3334,3.334
20161214,28.15,28.67,27.5,28.1,27.88,27.88,28.0,58212.12,3.3097,3.3103
20161215,27.8,28.63,27.34,28.03,28.23,27.87,28.0,58396.16,3.3824,3.383
20161216,28.28,28.59,27.75,27.95,27.75,27.75,27.83,58389.04,3.3706,3.3712
20161219,27.7,27.94,25.99,26.7,26.05,26.05,26.1,57110.99,3.3772,3.3778
20161220,26.21,26.64,25.92,26.36,26.58,26.57,26.58,57582.89,3.358,3.3586
20161221,26.71,26.94,26.22,26.47,26.48,26.48,26.49,57646.52,3.3291,3.3297
20161222,25.9,26.03,25.21,25.57,25.38,25.36,25.38,57255.22,3.3296,3.3302
20161223,25.46,25.72,25.18,25.33,25.19,25.19,25.25,57937.11,3.269,3.2696
20161226,25.33,26.07,25.14,25.82,25.99,25.99,26.03,58620.26,3.2695,3.2701
20161227,26.23,26.39,25.83,26.02,25.86,25.86,25.92,58696.69,3.277,3.2776
20161228,26.21,26.92,26.21,26.69,26.68,26.68,26.75,59781.63,3.2768,3.2774
20161229,26.68,26.85,25.5,25.86,25.68,25.68,25.69,60227.29,3.2585,3.2591
20170102,25.28,25.49,25.05,25.26,25.06,25.06,25.13,59588.7,3.2723,3.2729
20170103,25.51,26.17,25.4,25.85,26.17,26.03,26.17,61813.83,3.2626,3.2632
20170104,26.06,26.23,25.36,25.73,25.7,25.7,25.71,61589.06,3.2327,3.2333
20170105,25.98,26.9,25.78,26.56,26.68,26.68,26.69,62070.98,3.2123,3.2129
20170106,26.29,26.59,25.86,26.06,25.97,25.93,25.97,61665.37,3.2051,3.2057
20170109,26.3,26.85,26.27,26.64,26.5,26.5,26.67,61700.29,3.2091,3.2097
20170110,27.42,28.54,27.42,28.05,28.54,28.5,28.54,62131.8,3.1912,3.1918
20170111,28.81,29.19,28.33,28.86,29.13,29.13,29.14,62446.26,3.2148,3.2154
20170112,30.08,30.42,29.71,30.05,30.07,30.07,30.09,63953.93,3.1655,3.1661
20170113,29.89,31.2,29.7,30.78,30.99,30.99,31.03,63651.52,3.2028,3.2034
20170116,31.2,32.11,31.2,31.82,31.82,31.82,31.83,63831.28,3.2228,3.2234
20170117,31.23,31.3,30.49,30.84,30.57,30.57,30.64,64354.34,3.2094,3.21
20170118,30.35,32.69,30.35,31.71,32.11,32.1,32.11,64149.58,3.2205,3.2211
20170119,32.0,32.02,31.03,31.47,31.47,31.46,31.47,63950.86,3.2107,3.2113
20170120,30.99,32.43,30.95,31.67,32.1,32.1,32.22,64521.18,3.1912,3.1918
20170123,32.21,33.48,32.19,32.99,33.31,33.28,33.31,65748.63,3.1603,3.1609
20170124,34.07,34.72,33.27,34.08,34.13,34.07,34.14,65840.09,3.1643,3.1649
20170126,34.42,34.63,33.6,33.99,33.6,33.6,33.63,66190.62,3.1798,3.1804
20170127,33.48,34.2,33.41,33.73,33.7,33.7,33.72,66033.99,3.159,3.1596
20170130,33.22,33.49,32.14,32.53,32.25,32.21,32.25,64301.73,3.131,3.1316
20170131,32.7,32.95,32.11,32.32,32.18,32.18,32.21,64670.78,3.1264,3.127
20170201,32.7,33.51,32.68,32.97,32.89,32.88,32.89,64836.13,3.1473,3.1479
20170202,32.41,33.44,32.41,32.83,32.66,32.64,32.66,64578.22,3.119,3.1196
20170203,32.0,32.0,30.39,31.03,30.61,30.6,30.62,64953.93,3.1235,3.1241
20170206,30.66,30.77,29.87,30.25,29.92,29.92,29.94,63992.93,3.1173,3.1179
20170207,30.64,31.33,30.08,30.61,30.24,30.2,30.24,64198.9,3.1298,3.1304
20170208,30.79,30.82,30.04,30.35,30.59,30.47,30.59,64835.4,3.1248,3.1255
20170209,30.52,31.35,30.26,30.96,31.08,31.08,31.1,64964.89,3.1179,3.1185
20170210,32.16,32.8,32.1,32.52,32.8,32.79,32.8,66124.53,3.1149,3.1155
20170213,34.21,35.85,34.02,35.11,35.81,35.78,35.81,66967.64,3.1169,3.1175
20170214,35.53,35.56,34.03,34.71,34.4,34.4,34.6,66712.88,3.0998,3.1004
20170215,34.7,34.75,33.69,34.13,33.82,33.76,33.82,67975.58,3.0773,3.0779
20170216,33.78,34.44,33.62,34.06,33.77,33.75,33.77,67814.24,3.0504,3.051
20170217,33.61,34.3,33.39,34.01,34.07,34.07,34.11,67748.42,3.0944,3.095
20170220,35.89,36.56,35.78,36.17,36.43,36.39,36.43,68532.86,3.0912,3.0918
20170221,36.84,37.28,35.28,35.84,35.54,35.53,35.54,69052.03,3.0964,3.097
20170222,35.33,35.33,34.03,34.42,34.69,34.67,34.69,68589.54,3.0818,3.0824
20170223,35.19,35.25,32.8,33.57,33.17,33.16,33.17,67461.39,3.0632,3.0638
20170224,32.15,33.91,32.0,32.91,32.72,32.72,32.75,66662.1,3.0987,3.0993
20170301,33.05,33.38,32.85,33.18,33.17,33.16,33.17,66988.88,3.097,3.0976
20170302,33.3,33.6,31.35,31.87,31.46,31.45,31.46,65854.93,3.1132,3.1138
20170303,31.89,32.29,31.36,31.71,31.82,31.76,31.82,66785.53,3.1358,3.1364
20170306,31.4,31.61,30.68,31.07,31.1,31.1,31.19,66341.37,3.1105,3.1111
20170307,31.19,31.87,30.8,31.13,30.92,30.9,30.92,65742.32,3.1179,3.1185
20170308,31.22,31.35,29.83,30.38,30.12,30.04,30.12,64718.02,3.1471,3.1477
20170309,29.45,30.58,29.07,29.91,30.18,30.18,30.2,64585.24,3.1729,3.1735
20170310,30.66,31.02,29.65,30.12,29.65,29.65,29.72,64675.46,3.1617,3.1623
20170313,30.74,31.38,30.7,31.03,31.01,31.01,31.03,65534.3,3.1535,3.1541
20170314,30.75,31.5,30.29,31.02,31.17,31.17,31.19,64699.46,3.1633,3.1639
20170315,31.91,33.32,31.57,32.63,33.32,33.27,33.32,66234.87,3.1623,3.1629
20170316,33.62,33.84,32.28,32.65,32.53,32.46,32.53,65782.85,3.1074,3.108
20170317,32.69,32.77,31.3,31.53,31.3,31.3,31.46,64209.94,3.1069,3.1075
20170320,31.15,31.89,30.9,31.48,31.63,31.54,31.63,64884.27,3.0892,3.0898
20170321,30.89,30.97,28.95,29.59,29.04,29.04,29.06,62980.37,3.0759,3.0765
20170322,28.45,30.08,28.29,29.36,29.4,29.4,29.49,63521.33,3.0933,3.0939
20170323,29.04,29.63,28.43,29.07,29.24,29.16,29.24,63530.79,3.1242,3.1248
20170324,29.5,29.51,28.55,28.92,29.0,28.9,29.0,63853.77,3.1276,3.1282
20170327,27.99,29.62,27.25,28.61,29.39,29.38,29.39,64308.39,3.125,3.1256
20170328,29.67,30.0,29.36,29.73,29.81,29.81,29.82,64640.45,3.1297,3.1303
20170329,30.08,30.52,29.55,30.18,30.11,30.11,30.12,65528.29,3.1223,3.1229
20170330,30.0,30.39,29.75,30.14,30.1,30.1,30.13,65265.98,3.1241,3.1247
20170331,29.53,30.35,29.29,29.95,29.79,29.79,29.86,64984.07,3.1678,3.1684
20170403,29.81,30.0,29.09,29.4,29.51,29.5,29.51,65211.48,3.1161,3.1167
20170404,29.56,30.71,29.3,30.3,30.65,30.6,30.65,65768.91,3.1225,3.1231
20170405,31.0,31.48,29.27,30.27,29.45,29.45,29.46,64774.76,3.0917,3.0923
20170406,29.73,29.89,28.65,29.07,28.91,28.83,28.91,64222.72,3.1154,3.116
20170407,28.2,29.54,27.93,28.84,29.15,29.11,29.15,64593.1,3.1296,3.1302
20170410,29.14,29.27,28.38,28.81,29.03,28.9,29.03,64649.81,3.1403,3.1409
20170411,29.08,29.29,27.82,28.52,28.66,28.66,28.71,64359.79,3.1418,3.1424
20170412,27.6,28.0,27.28,27.52,27.42,27.4,27.42,63891.68,3.1457,3.1463
20170413,27.38,27.9,27.28,27.55,27.42,27.42,27.51,62826.28,3.1263,3.1269
20170417,27.25,27.47,26.68,27.11,27.43,27.43,27.44,64334.93,3.103,3.1036
20170418,26.55,26.76,26.15,26.5,26.61,26.61,26.65,64158.84,3.0952,3.0958
20170419,26.9,27.44,26.54,27.03,26.67,26.67,26.71,63406.97,3.1288,3.1294
20170420,27.29,28.1,27.12,27.74,28.05,28.04,28.05,63760.62,3.1447,3.1453
20170424,27.95,27.96,27.09,27.41,27.45,27.44,27.45,64389.01,3.1245,3.1251
20170425,27.32,28.35,27.12,27.98,28.35,28.32,28.35,65148.35,3.1571,3.1577
20170426,28.29,28.59,27.73,28.12,27.73,27.73,27.79,64861.92,3.1841,3.1847
20170427,27.89,28.16,26.42,26.88,26.83,26.8,26.84,64676.55,3.1757,3.1763
20170428,27.14,27.71,27.07,27.43,27.47,27.33,27.47,65403.25,3.1978,3.1984
20170502,27.7,28.18,27.6,27.92,28.06,27.89,28.07,66721.75,3.1718,3.1724
20170503,27.6,27.71,26.31,26.75,26.32,26.3,26.32,66093.78,3.1483,3.1489
20170504,25.95,25.95,25.06,25.31,25.35,25.35,25.36,64862.61,3.1774,3.178
20170505,25.2,26.4,25.2,25.99,26.05,26.04,26.07,65709.74,3.1758,3.1764
20170508,26.0,26.15,25.43,25.84,26.03,26.0,26.03,65526.04,3.1932,3.1938
20170509,26.4,26.82,26.18,26.52,26.5,26.48,26.5,66277.67,3.1851,3.1857
20170510,26.88,27.05,26.18,26.61,26.56,26.5,26.56,67349.73,3.16,3.1606
20170511,26.62,26.71,26.18,26.36,26.32,26.31,26.32,67537.61,3.1553,3.1559
20170512,26.68,26.7,25.74,26.07,25.91,25.91,25.92,68221.94,3.1284,3.129
20170515,26.07,26.65,25.92,26.26,26.65,26.61,26.65,68474.19,3.1005,3.1011
20170516,26.82,27.42,26.68,27.06,27.26,27.25,27.26,68684.5,3.0918,3.0924
20170517,27.33,27.48,26.63,26.91,26.84,26.84,26.85,67540.25,3.107,3.1076
20170518,25.0,27.4,25.0,26.8,26.86,26.86,26.87,61597.06,3.3756,3.3807
20170519,27.15,27.97,27.0,27.46,27.25,27.24,27.28,62639.31,3.2872,3.2878
20170522,27.25,28.17,26.92,27.69,27.92,27.8,27.93,61673.49,3.2857,3.2863
20170523,27.75,28.36,27.16,28.05,28.26,28.23,28.26,62662.48,3.2648,3.2654
20170524,28.13,28.13,27.27,27.54,27.52,27.51,27.52,63257.36,3.2623,3.2629
20170525,27.51,27.94,27.15,27.55,27.7,27.7,27.76,63226.79,3.2818,3.2824
20170526,27.49,27.92,27.33,27.76,27.86,27.74,27.86,64085.41,3.2608,3.2614
20170529,27.58,28.75,27.58,28.33,28.06,28.06,28.11,63760.94,3.2703,3.2709
20170530,28.15,28.9,27.92,28.61,28.6,28.6,28.63,63962.26,3.2653,3.2659
20170531,28.2,28.27,26.87,27.2,27.17,27.05,27.17,62711.47,3.2431,3.2437
20170601,27.15,27.37,26.49,26.79,26.67,26.65,26.7,62288.52,3.2301,3.2307
20170602,26.9,26.99,26.39,26.66,26.78,26.76,26.78,62510.69,3.2395,3.2401
20170605,26.35,26.65,26.22,26.44,26.49,26.49,26.54,62450.45,3.2814,3.282
20170606,26.31,27.16,26.31,26.86,26.58,26.57,26.69,62954.69,3.2811,3.2817
20170607,26.9,27.04,26.33,26.5,26.45,26.43,26.45,63170.73,3.2741,3.2747
20170608,26.35,27.28,26.32,26.89,27.02,27.02,27.17,62755.57,3.2832,3.2838
20170609,27.16,27.54,26.93,27.32,27.3,27.3,27.34,62210.56,3.2734,3.274
20170612,27.39,27.51,26.53,26.95,26.84,26.84,26.9,61700.23,3.298,3.2986
20170613,26.65,26.89,26.15,26.37,26.37,26.32,26.37,61828.99,3.3202,3.3208
20170614,26.64,26.73,25.81,26.19,26.1,26.02,26.1,61922.93,3.283,3.2836
20170616,25.81,26.01,25.4,25.61,25.56,25.56,25.64,61626.41,3.2886,3.2892
20170619,25.99,26.89,25.9,26.49,26.39,26.38,26.39,62014.03,3.2969,3.2975
20170620,26.12,26.14,25.52,25.76,25.71,25.71,25.8,60766.16,3.3139,3.3145
20170621,25.9,26.78,25.8,26.41,26.47,26.47,26.51,60761.74,3.3241,3.3247
20170622,26.45,27.51,26.32,27.15,27.02,27.01,27.02,61272.22,3.3356,3.3362
20170623,27.02,27.49,26.77,27.28,27.24,27.24,27.34,61087.14,3.3336,3.3342
20170626,27.34,27.67,27.3,27.51,27.47,27.47,27.5,62188.09,3.3122,3.3128
20170627,28.35,28.95,27.89,28.46,27.92,27.92,28.0,61675.46,3.3166,3.3172
20170628,28.51,28.88,28.34,28.62,28.79,28.79,28.8,62017.97,3.3024,3.303
20170629,29.12,29.37,28.51,28.96,28.9,28.85,28.9,62238.95,3.2946,3.2952
20170630,28.95,29.19,28.66,28.94,29.0,29.0,29.04,62899.97,3.3076,3.3082
20170630,28.95,29.19,28.66,28.94,29.0,29.0,29.04,62899.97,3.3076,3.3082
20170703,29.26,29.71,29.1,29.53,29.65,29.61,29.66,63279.58,3.3009,3.3015
20170704,29.46,29.62,29.36,29.51,29.62,29.6,29.62,63231.59,3.3044,3.305
20170705,29.63,29.85,28.72,29.04,28.93,28.93,28.94,63154.17,3.3187,3.3193
20170706,28.84,28.98,28.44,28.72,28.92,28.92,28.93,62470.33,3.3058,3.3064
20170707,29.12,29.38,28.43,28.81,28.89,28.88,28.89,62322.4,3.2889,3.2895
20170710,28.9,29.75,28.62,29.4,29.71,29.65,29.71,63025.47,3.2644,3.265
20170711,29.83,30.09,29.64,29.93,30.04,30.01,30.04,63832.15,3.2516,3.2522
20170712,30.2,30.29,29.47,29.82,29.9,29.9,29.97,64835.55,3.2258,3.2264
20170713,30.11,30.24,29.02,29.35,29.18,29.18,29.19,65178.35,3.2102,3.2108
20170714,29.45,29.71,29.3,29.55,29.52,29.52,29.55,65436.18,3.1893,3.1899
20170717,29.85,30.27,29.64,29.93,29.72,29.72,29.76,65212.31,3.1815,3.1821
20170718,29.9,30.04,29.52,29.75,29.9,29.83,29.9,65337.67,3.1662,3.1668
20170719,30.01,30.17,29.73,29.93,29.9,29.86,29.9,65179.92,3.1527,3.1533
20170720,29.83,29.83,28.65,28.93,28.72,28.7,28.72,64938.02,3.1396,3.1402
20170721,28.7,29.04,28.32,28.63,28.5,28.5,28.52,64684.18,3.125,3.1256
20170724,28.62,29.16,28.5,28.99,29.13,29.12,29.13,65099.55,3.1453,3.1459
20170725,29.56,30.65,29.56,30.33,30.61,30.57,30.61,65667.62,3.155,3.1556
20170726,30.9,30.9,29.65,30.07,29.66,29.66,29.7,65010.57,3.1651,3.1657
20170727,29.66,30.21,29.27,29.78,29.7,29.7,29.72,65277.38,3.1507,3.1513
20170728,29.53,30.35,29.33,30.06,30.34,30.3,30.34,65497.13,3.1451,3.1457
20170731,31.5,31.52,31.04,31.3,31.3,31.29,31.32,65920.36,3.1301,3.1307
20170801,31.25,31.25,30.7,30.96,31.06,31.01,31.06,66516.24,3.1154,3.1161
20170802,30.7,31.27,30.54,31.0,31.11,31.11,31.12,67135.99,3.1262,3.1268
20170803,31.14,31.23,30.64,30.82,30.68,30.68,30.7,66777.13,3.1188,3.1194
20170804,30.96,31.49,30.74,31.2,31.23,31.23,31.29,66897.99,3.1218,3.1224
20170807,31.6,32.43,31.59,32.18,32.42,32.33,32.42,67939.66,3.1261,3.1267
20170808,32.09,32.62,31.56,32.05,32.05,32.05,32.16,67898.94,3.1314,3.132
20170809,32.0,32.25,31.7,31.88,31.92,31.89,31.92,67671.07,3.1458,3.1464
20170810,31.79,32.03,31.39,31.64,31.5,31.47,31.5,66992.09,3.1537,3.1543
20170811,31.27,31.27,30.56,30.85,30.8,30.8,30.81,67358.59,3.1689,3.1695
20170814,30.78,31.47,30.54,31.26,31.3,31.29,31.3,68284.66,3.1882,3.1888
20170815,31.3,31.45,30.69,31.06,31.12,31.11,31.12,68355.12,3.197,3.1976
20170816,31.4,32.07,31.32,31.75,31.73,31.73,31.87,68594.29,3.1664,3.167
20170817,31.89,32.04,31.11,31.52,31.2,31.19,31.2,67976.8,3.1597,3.1603
20170818,31.8,32.05,31.41,31.75,31.55,31.55,31.65,68714.66,3.1648,3.1654
20170821,31.99,32.24,31.71,31.97,31.75,31.74,31.75,68634.65,3.1437,3.1443
20170822,32.35,32.39,31.71,32.05,31.86,31.86,31.88,70011.25,3.1533,3.1539
20170823,31.74,32.55,31.6,32.33,32.54,32.53,32.54,70477.63,3.1563,3.1569
20170824,32.56,34.0,32.33,33.43,33.88,33.85,33.88,71132.8,3.1398,3.1404
20170825,34.12,34.33,33.42,33.87,33.83,33.83,33.84,71073.65,3.1456,3.1462
20170828,33.7,34.49,33.65,34.22,34.36,34.35,34.36,71016.59,3.1557,3.1563
20170829,34.0,34.66,33.91,34.32,34.44,34.4,34.44,71329.85,3.1689,3.1695
20170830,34.5,34.71,34.24,34.42,34.34,34.34,34.35,70886.26,3.1632,3.1638
20170831,34.92,35.18,34.45,34.99,35.08,35.0,35.08,70835.05,3.1465,3.1471
20170901,35.5,35.98,35.26,35.65,35.67,35.67,35.78,71923.11,3.1327,3.1333
20170904,35.38,36.19,35.31,35.82,36.1,36.1,36.12,72128.83,3.1383,3.1389
20170905,36.5,36.69,35.18,35.84,35.6,35.58,35.6,72150.88,3.1197,3.1203
20170906,35.82,36.09,35.47,35.77,35.8,35.8,35.87,73412.41,3.1127,3.1133
20170908,35.69,36.11,34.47,34.9,34.48,34.48,34.49,73078.85,3.0902,3.0908
20170911,34.8,35.21,34.73,35.02,35.09,35.09,35.1,74319.22,3.0846,3.0852
20170912,35.37,35.73,35.23,35.51,35.26,35.26,35.28,74538.55,3.1138,3.1144
20170913,35.05,35.13,34.39,34.7,34.77,34.76,34.77,74787.57,3.1337,3.1343
20170914,34.0,34.1,33.35,33.64,33.62,33.62,33.65,74656.68,3.1348,3.1354
20170915,33.36,34.14,33.3,33.84,33.8,33.8,33.89,75756.52,3.1249,3.1255
20170918,33.81,34.31,33.78,34.15,34.25,34.24,34.25,75990.41,3.1233,3.1239
20170919,33.8,33.99,33.33,33.69,33.92,33.92,33.93,75974.18,3.1317,3.1323
20170920,33.88,34.15,32.77,33.37,33.17,33.16,33.2,76004.15,3.1275,3.1281
20170921,32.65,32.77,32.16,32.45,32.51,32.51,32.53,75604.34,3.1341,3.1347
20170922,32.15,32.38,31.85,32.02,31.91,31.9,31.91,75389.75,3.1279,3.1285
20170925,31.8,32.29,31.0,31.42,31.09,31.08,31.1,74443.47,3.1406,3.1412
20170926,31.47,31.93,31.41,31.68,31.5,31.5,31.51,74318.72,3.1668,3.1674
20170927,31.98,32.25,31.03,31.65,31.93,31.92,31.94,73796.71,3.1926,3.1932
20170928,31.51,31.85,31.28,31.56,31.75,31.72,31.75,73567.25,3.1865,3.1871
20170929,32.14,32.4,31.61,31.94,31.87,31.87,31.9,74293.51,3.1674,3.168
20171002,32.25,32.43,31.87,32.09,31.9,31.9,31.91,74359.83,3.1636,3.1642
20171003,32.09,32.68,31.76,32.27,32.68,32.64,32.68,76762.91,3.1496,3.1502
20171004,32.88,33.07,32.61,32.79,32.61,32.61,32.63,76591.44,3.1309,3.1315
20171005,33.0,33.19,32.24,32.74,32.27,32.25,32.27,76617.53,3.1341,3.1347
20171006,32.07,32.15,31.83,32.0,32.14,32.11,32.15,76054.72,3.1642,3.1648
20171009,32.05,32.1,31.26,31.55,31.5,31.49,31.5,75726.81,3.1764,3.177
20171010,31.65,31.7,30.94,31.29,31.32,31.31,31.32,76897.21,3.1682,3.1688
20171011,30.94,31.49,30.73,31.1,31.1,31.09,31.1,76659.8,3.1633,3.1639
20171013,32.1,33.1,32.0,32.55,32.91,32.91,32.96,76989.79,3.1567,3.1572
20171016,33.38,33.64,32.83,33.36,33.35,33.34,33.35,76891.84,3.1601,3.1607
20171017,33.11,33.32,32.58,32.82,32.58,32.58,32.68,76201.25,3.1763,3.1769
20171018,32.76,32.95,31.79,32.28,32.27,32.27,32.28,76591.09,3.1667,3.1673
20171019,31.75,33.07,31.71,32.37,33.0,32.99,33.0,76283.16,3.1727,3.1732
20171020,33.75,33.78,32.95,33.41,32.95,32.95,33.0,76390.51,3.1827,3.1833
20171023,33.0,33.2,32.64,32.87,32.71,32.71,32.76,75413.13,3.1997,3.2003
20171024,32.88,33.83,32.55,33.39,33.83,33.76,33.83,76350.19,3.2464,3.247
20171025,33.63,33.86,33.07,33.43,33.55,33.55,33.58,76671.13,3.2381,3.2387
20171026,33.87,33.9,32.67,33.07,32.67,32.66,32.67,75896.35,3.2438,3.2444
20171027,32.29,32.87,32.03,32.49,32.55,32.54,32.55,75975.71,3.2795,3.2801
20171030,32.19,32.93,31.84,32.39,32.35,32.34,32.35,74800.33,3.2541,3.2547
20171031,32.42,32.69,32.01,32.33,32.1,32.1,32.2,74308.49,3.2763,3.2769
20171101,32.8,33.28,32.69,32.97,32.82,32.81,32.82,73823.74,3.273,3.2736
20171103,33.2,33.54,33.0,33.35,33.54,33.53,33.54,73915.43,3.2914,3.292
20171106,33.89,34.34,33.83,34.18,34.34,34.31,34.34,74310.79,3.2845,3.2851
20171107,34.24,34.24,33.52,33.87,33.52,33.52,33.6,72414.88,3.2727,3.2733
20171108,33.81,33.95,33.45,33.75,33.94,33.93,33.94,74363.13,3.2503,3.2509
20171109,33.7,33.71,32.8,33.12,32.8,32.8,32.81,72930.69,3.2509,3.2515
20171110,32.78,33.03,32.5,32.77,32.77,32.76,32.78,72165.64,3.2655,3.2661
20171113,32.84,33.44,32.59,33.06,33.14,33.14,33.15,72475.17,3.2867,3.2873
20171114,33.02,33.1,31.94,32.44,32.16,32.15,32.17,70826.59,3.2828,3.2834
20171116,32.46,32.79,32.03,32.5,32.6,32.6,32.7,72511.79,3.2802,3.2808
20171117,32.59,33.17,32.32,32.78,32.92,32.92,32.94,73437.28,3.2782,3.2788
20171121,33.29,34.05,33.15,33.74,34.05,34.0,34.05,74594.61,3.2585,3.2591
20171122,34.4,34.97,34.28,34.7,34.74,34.72,34.74,74518.79,3.2555,3.2561
20171123,34.83,35.35,34.57,35.03,35.2,35.2,35.21,74486.58,3.2365,3.2371
20171124,35.18,35.85,35.11,35.64,35.79,35.6,35.79,74157.37,3.2294,3.23
20171127,35.46,35.78,35.08,35.36,35.41,35.4,35.41,74058.92,3.2212,3.2218
20171128,35.45,36.65,35.25,36.07,36.25,36.25,36.26,74139.72,3.2226,3.2232
20171129,36.28,36.58,35.63,35.98,35.7,35.7,35.77,72700.45,3.213,3.2136
20171130,35.7,36.08,34.93,35.29,35.14,35.09,35.14,71970.99,3.261,3.2616
20171201,35.2,35.97,34.89,35.44,35.48,35.48,35.49,72264.45,3.263,3.2636
20171204,35.96,36.98,35.85,36.54,36.83,36.83,36.85,73090.17,3.25,3.2506
20171205,36.81,37.4,36.02,36.63,36.02,36.02,36.05,72546.17,3.2316,3.2322
20171206,35.58,35.99,35.36,35.65,35.76,35.76,35.79,73268.35,3.2348,3.2354
20171207,35.05,35.5,34.9,35.22,35.34,35.3,35.34,72487.46,3.2886,3.2892
20171208,35.81,35.95,35.46,35.58,35.48,35.47,35.48,72731.84,3.2805,3.2811
20171211,35.83,36.0,35.48,35.82,35.76,35.76,35.83,72800.04,3.2839,3.2845
20171212,35.63,36.18,35.22,35.78,36.18,36.16,36.18,73813.53,3.3143,3.3149
20171213,36.43,36.48,36.05,36.23,36.11,36.11,36.14,72914.33,3.303,3.3036
20171214,35.91,36.58,35.79,36.25,36.24,36.24,36.26,72428.93,3.3326,3.3332
20171215,36.51,37.28,36.36,36.89,36.89,36.89,36.9,72607.7,3.3176,3.3182
20171218,37.49,38.02,37.34,37.69,37.84,37.83,37.84,73115.45,3.2875,3.2881
20171219,37.71,38.1,37.64,37.87,37.85,37.85,37.95,72680.37,3.2877,3.2883
20171220,37.97,39.21,37.97,38.81,39.15,39.12,39.15,73367.03,3.2903,3.2909
20171221,39.1,39.73,39.08,39.49,39.73,39.7,39.74,75133.43,3.3039,3.3045
20171222,39.34,39.83,39.22,39.65,39.79,39.78,39.79,75186.53,3.3203,3.3209
20171226,39.61,40.0,39.02,39.61,39.85,39.84,39.85,75707.73,3.3194,3.32
20171227,39.8,40.21,39.63,39.88,39.86,39.86,39.88,76072.54,3.3024,3.3031
20171228,40.01,40.26,39.93,40.14,40.26,40.24,40.26,76402.08,3.3074,3.308
