data,preabe,premax,premin,premed,preult,preofc,preofv,ibov,dowjones
20130102,43.0,44.76,43.0,44.24,44.1,44.09,44.1,62550.1,13412.55
20130103,43.5,44.07,43.35,43.64,43.35,43.34,43.35,63312.46,13391.36
20130104,43.34,43.35,42.11,42.58,42.53,42.5,42.53,62523.06,13435.21
20130107,42.53,42.88,41.63,42.04,41.84,41.8,41.84,61932.54,13384.29
20130108,41.77,42.23,41.46,41.72,41.51,41.51,41.53,61127.84,13328.85
20130109,41.71,42.05,41.36,41.73,41.7,41.68,41.7,61578.58,13390.51
20130110,41.81,42.21,41.76,42.01,42.14,42.08,42.14,61678.31,13471.22
20130111,41.75,42.02,40.93,41.22,41.27,41.24,41.27,61497.43,13488.43
20130114,41.6,41.69,41.03,41.33,41.43,41.38,41.43,62080.79,13507.32
20130115,41.1,41.47,40.8,41.04,41.16,41.15,41.16,61727.61,13534.89
20130116,41.23,41.23,40.31,40.6,40.9,40.83,40.9,61787.35,13511.23
20130117,40.61,41.24,40.55,40.91,40.98,40.98,41.05,62194.06,13596.02
20130118,41.09,41.3,40.53,40.77,40.61,40.61,40.64,61956.14,13649.7
20130122,40.69,41.15,40.45,40.88,41.15,40.98,41.15,61692.29,13712.21
20130123,41.25,41.33,40.71,40.88,40.85,40.77,40.85,61966.26,13779.33
20130124,41.0,41.16,39.73,40.46,40.0,39.92,40.0,61169.83,13825.33
20130128,39.88,39.94,38.73,39.05,38.79,38.78,38.79,60027.07,13881.93
20130129,39.01,39.35,38.42,38.9,39.24,39.2,39.24,60406.33,13954.42
20130130,39.2,39.24,38.7,38.94,38.75,38.71,38.75,59336.7,13910.42
20130131,38.79,40.3,38.79,39.68,40.26,40.22,40.27,59761.49,13860.58
20130201,40.26,41.11,40.26,40.74,40.85,40.85,40.87,60351.16,14009.79
20130204,40.58,40.77,39.92,40.25,40.45,40.45,40.49,59575.66,13880.08
20130205,40.41,41.26,39.33,39.87,39.7,39.66,39.7,59444.97,13979.3
20130206,39.88,40.41,39.4,40.05,40.15,40.15,40.22,58951.07,13986.52
20130207,39.8,40.41,38.93,39.27,39.03,39.03,39.07,58372.46,13944.05
20130208,39.26,39.44,38.69,39.11,39.34,39.33,39.34,58497.83,13992.97
20130213,39.54,39.54,38.96,39.12,39.11,39.11,39.12,58405.74,13982.91
20130214,39.11,39.11,38.34,38.59,38.58,38.58,38.69,58077.31,13973.39
20130215,38.5,38.67,38.06,38.34,38.3,38.28,38.3,57903.3,13981.76
20130219,38.17,38.69,37.65,38.05,37.65,37.65,37.69,57314.4,14035.67
20130220,37.64,37.7,36.44,36.99,36.44,36.44,36.45,56177.6,13927.54
20130221,36.01,36.7,35.79,36.21,36.7,36.09,36.7,56154.68,13880.62
20130222,36.74,36.96,35.61,36.08,35.72,35.72,35.74,56697.06,14000.57
20130225,35.82,36.23,35.59,35.87,35.88,35.88,36.0,56617.56,13784.17
20130226,35.67,36.75,35.42,36.06,36.6,36.54,36.6,56948.87,13900.13
20130227,36.79,37.0,35.94,36.48,37.0,36.92,37.0,57273.88,14075.37
20130228,36.38,38.16,36.3,37.62,37.8,37.68,37.8,57424.29,14054.49
20130301,37.01,37.44,36.67,36.95,36.75,36.74,36.75,56883.99,14089.66
20130304,36.26,36.26,35.32,35.65,35.64,35.63,35.64,56499.17,14127.82
20130305,36.0,36.23,35.45,35.77,35.45,35.45,35.58,55950.73,14253.77
20130306,35.9,37.63,35.5,36.6,37.4,37.31,37.4,57940.14,14296.24
20130307,37.7,38.07,37.05,37.49,37.38,37.3,37.38,58846.81,14329.49
20130308,37.03,37.73,35.98,36.64,36.34,36.33,36.34,58432.75,14397.07
20130311,36.49,36.81,35.82,36.4,36.67,36.6,36.67,58544.79,14447.29
20130312,36.67,37.06,36.24,36.53,36.29,36.29,36.31,58208.61,14450.06
20130313,36.25,36.34,34.86,35.39,34.86,34.86,34.95,57385.9,14455.28
20130314,35.12,35.3,34.19,34.68,35.0,34.99,35.0,57281.02,14539.14
20130315,35.11,35.55,34.73,34.99,34.73,34.73,34.86,56869.28,14514.11
20130318,34.45,35.02,34.13,34.61,35.02,35.0,35.02,56972.96,14452.06
20130319,34.36,34.51,33.5,33.81,33.58,33.58,33.6,56361.24,14455.82
20130320,33.83,34.53,33.59,34.21,34.35,34.32,34.35,56030.03,14511.73
20130321,34.27,34.7,33.9,34.37,34.64,34.41,34.64,55576.67,14421.49
20130322,34.74,34.85,34.31,34.56,34.71,34.71,34.72,55243.4,14512.03
20130325,34.8,34.8,33.83,34.24,34.25,34.2,34.25,54873.12,14447.75
20130326,34.5,34.65,34.17,34.43,34.45,34.45,34.53,55671.39,14559.65
20130327,34.41,35.13,33.95,34.77,35.13,35.13,35.14,56034.29,14526.16
20130328,34.94,35.29,34.62,34.88,34.9,34.76,34.9,56352.09,14578.54
20130401,34.81,34.92,33.94,34.18,33.94,33.94,34.0,55902.18,14572.85
20130402,34.2,34.26,33.18,33.57,33.2,33.2,33.25,54889.1,14662.01
20130403,33.18,35.35,33.06,34.29,35.35,35.1,35.35,55562.74,14550.35
20130404,34.95,35.2,34.09,34.4,34.19,34.17,34.19,54648.15,14606.11
20130405,33.74,34.83,33.44,34.29,34.56,34.55,34.56,55050.6,14565.25
20130408,34.6,34.88,34.08,34.54,34.7,34.7,34.71,55092.31,14613.48
20130409,34.99,36.6,34.99,36.11,36.19,36.18,36.26,55912.04,14673.46
20130410,36.43,36.81,34.85,35.8,35.0,34.99,35.03,56186.56,14802.24
20130411,35.15,35.29,33.89,34.3,34.14,34.14,34.18,55400.91,14865.14
20130412,34.12,35.86,33.34,34.15,34.58,34.4,34.58,54962.65,14865.06
20130415,33.55,33.86,32.46,32.94,32.46,32.46,32.6,52949.93,14599.2
20130416,33.05,33.31,32.69,33.11,33.2,33.0,33.2,53990.83,14756.78
20130417,31.7,32.46,31.07,31.69,32.46,32.44,32.46,52881.96,14618.59
20130418,32.45,32.78,31.72,32.15,31.9,31.9,31.91,53165.91,14537.14
20130419,32.34,32.54,31.54,32.03,32.1,32.1,32.17,53928.92,14547.51
20130422,32.14,32.56,31.8,32.26,32.56,32.39,32.56,54297.73,14567.17
20130423,32.53,33.54,32.07,33.12,33.4,33.09,33.4,54884.75,14719.46
20130424,33.58,34.37,33.42,33.88,33.58,33.58,33.67,54984.23,14676.3
20130425,34.54,34.95,34.07,34.41,34.23,34.17,34.23,54963.32,14700.8
20130426,34.0,34.19,33.08,33.4,33.13,33.13,33.2,54252.04,14712.55
20130429,33.62,34.07,33.21,33.65,33.6,33.59,33.6,54887.25,14818.75
20130430,33.84,34.25,33.18,33.86,34.25,34.15,34.25,55910.37,14839.8
20130502,33.45,33.85,33.12,33.43,33.49,33.2,33.49,55321.93,14831.58
20130503,34.0,34.49,33.57,34.05,33.8,33.69,33.8,55488.08,14973.96
20130506,33.91,34.31,33.63,33.9,33.83,33.83,34.01,55429.88,14968.89
20130507,34.01,34.85,33.87,34.51,34.85,34.63,34.85,56274.66,15056.2
20130508,34.79,35.31,34.74,35.06,34.96,34.96,34.99,55804.8,15105.12
20130509,34.66,35.41,34.66,35.1,35.15,35.06,35.15,55447.56,15082.62
20130510,34.99,35.2,34.16,34.42,34.24,34.23,34.24,55107.8,15118.49
20130513,33.96,34.16,33.44,33.62,33.44,33.44,33.6,54447.77,15091.68
20130514,33.57,33.6,32.67,33.0,32.79,32.78,32.79,54666.82,15215.25
20130515,32.62,32.75,31.91,32.35,32.1,32.05,32.1,54936.41,15275.69
20130516,31.97,32.11,31.24,31.59,31.35,31.35,31.41,54772.62,15233.22
20130517,31.96,32.07,31.54,31.74,31.65,31.64,31.65,55164.27,15354.4
20130520,31.66,32.89,31.35,32.31,32.89,32.73,32.89,55700.77,15335.28
20130521,33.02,33.26,32.62,32.96,33.15,32.99,33.15,56265.32,15387.58
20130522,33.2,33.54,32.29,32.76,32.62,32.58,32.62,56429.27,15307.17
20130523,31.74,32.01,31.47,31.76,32.01,31.87,32.01,56349.91,15294.5
20130524,31.58,31.84,31.51,31.66,31.7,31.7,31.74,56406.21,15303.1
20130528,32.2,32.21,31.3,31.63,31.3,31.3,31.4,56036.26,15409.39
20130529,31.0,31.42,30.87,31.12,31.05,31.05,31.27,54634.69,15302.8
20130531,31.55,31.67,30.34,30.82,30.45,30.45,30.48,53506.08,15115.57
20130603,30.86,31.64,30.79,31.23,31.6,31.6,31.61,53944.36,15254.03
20130604,32.0,32.08,31.13,31.67,32.0,32.0,32.05,54017.9,15177.54
20130605,31.65,31.97,30.83,31.26,30.92,30.92,30.94,52798.63,14960.59
20130606,30.95,31.28,30.44,30.82,31.28,31.2,31.28,52884.83,15040.62
20130607,30.65,31.42,30.64,30.95,30.77,30.77,30.78,51618.63,15248.12
20130610,30.59,30.82,30.33,30.52,30.46,30.46,30.48,51316.65,15238.59
20130611,29.98,30.13,29.7,29.92,29.71,29.71,29.8,49769.93,15122.02
20130612,30.01,30.02,29.09,29.41,29.39,29.3,29.39,49180.58,14995.23
20130613,29.32,30.95,29.31,30.49,30.89,30.89,30.92,50414.89,15176.08
20130614,30.95,31.32,30.06,30.53,30.08,30.08,30.1,49332.34,15070.18
20130617,30.5,30.81,30.3,30.5,30.4,30.39,30.4,49088.65,15179.85
20130618,30.2,31.32,30.03,30.82,31.03,31.03,31.1,49464.94,15318.23
20130619,30.91,31.24,30.67,30.91,30.71,30.7,30.71,47893.06,15112.19
20130620,29.94,31.1,29.66,30.5,30.95,30.84,30.95,48214.43,14758.32
20130621,30.35,31.02,30.2,30.59,30.45,30.45,30.47,47056.04,14799.4
20130624,29.85,30.06,28.62,29.0,28.89,28.88,28.89,45965.05,14659.56
20130625,29.3,29.69,28.99,29.31,29.4,29.4,29.5,46893.04,14760.31
20130626,29.5,29.63,28.34,28.83,28.45,28.45,28.56,47171.98,14910.14
20130627,28.6,29.03,28.44,28.73,28.45,28.45,28.46,47609.46,15024.49
20130628,28.44,29.25,28.23,28.9,29.1,28.82,29.1,47457.13,14909.6
20130701,28.91,29.74,28.91,29.41,29.49,29.44,29.49,47229.59,14974.96
20130702,29.1,29.58,28.18,28.71,28.5,28.48,28.52,45228.95,14932.41
20130703,28.35,28.99,28.02,28.47,28.39,28.39,28.4,45044.03,14988.55
20130705,28.85,29.15,27.89,28.47,28.7,28.7,28.78,45210.49,15135.84
20130708,28.75,28.99,28.17,28.55,28.39,28.35,28.39,45075.5,15224.69
20130710,29.02,29.44,28.66,29.13,28.97,28.97,29.05,45483.43,15291.66
20130711,29.93,30.45,29.85,30.14,30.32,30.32,30.36,46626.26,15460.92
20130712,30.2,30.22,29.77,29.93,29.84,29.81,29.84,45533.24,15464.3
20130715,30.35,30.35,29.86,30.04,30.13,29.95,30.13,46738.9,15484.26
20130716,30.42,31.28,30.3,30.8,31.23,31.23,31.28,46869.29,15451.85
20130717,31.46,32.12,31.4,31.82,31.84,31.73,31.84,47407.31,15470.52
20130718,31.65,32.27,31.54,31.79,31.65,31.64,31.65,47656.92,15548.54
20130719,31.31,31.64,30.71,30.97,30.9,30.9,30.92,47400.23,15543.74
20130722,30.85,31.55,30.81,31.35,31.41,31.41,31.46,48574.09,15545.55
20130723,31.75,32.1,31.54,31.91,32.02,31.98,32.02,48819.52,15567.74
20130724,32.0,32.24,31.58,31.79,31.91,31.83,31.91,48374.23,15542.24
20130725,31.6,32.29,31.55,31.96,32.26,32.08,32.26,49066.75,15555.61
20130726,32.11,32.37,31.71,32.07,32.26,32.26,32.27,49422.05,15558.83
20130729,31.96,32.27,31.75,31.93,31.84,31.8,31.84,49212.33,15521.97
20130730,31.77,32.09,31.06,31.24,31.06,31.06,31.2,48561.78,15520.59
20130731,30.99,31.39,30.93,31.13,31.02,31.02,31.08,48234.49,15499.54
20130801,31.51,31.75,31.27,31.42,31.33,31.3,31.33,49140.78,15628.02
20130802,31.31,31.84,31.1,31.36,31.25,31.18,31.25,48474.04,15658.36
20130805,31.25,31.85,31.2,31.54,31.55,31.46,31.55,48436.44,15612.13
20130806,31.45,31.58,30.96,31.11,31.31,31.21,31.31,47421.85,15518.74
20130807,31.11,32.28,31.07,31.92,32.0,32.0,32.02,47446.71,15470.67
20130808,32.32,33.49,32.32,32.95,33.18,33.18,33.23,48928.82,15498.32
20130809,33.6,35.19,33.48,34.57,34.75,34.75,34.99,49874.9,15425.51
20130812,35.02,35.88,34.96,35.54,35.5,35.45,35.51,50299.49,15419.68
20130813,35.97,36.18,35.26,35.67,35.61,35.55,35.61,50600.55,15451.01
20130814,35.47,36.28,35.36,35.9,35.78,35.78,35.89,50895.92,15337.66
20130815,35.25,36.53,35.22,36.08,36.15,36.15,36.2,50908.34,15112.19
20130816,36.21,36.69,36.0,36.38,36.6,36.47,36.6,51538.78,15081.47
20130819,36.3,36.86,36.11,36.46,36.41,36.4,36.41,51574.09,15010.74
20130820,35.91,36.25,35.38,35.69,35.38,35.3,35.42,50507.02,15002.99
20130821,35.1,35.63,34.68,35.2,35.01,35.0,35.01,50405.2,14897.55
20130822,35.73,36.41,35.48,36.09,36.26,36.26,36.3,51397.66,14963.74
20130823,36.18,36.43,35.71,36.06,36.12,36.01,36.12,52197.06,15010.51
20130826,35.77,36.45,35.77,36.14,35.9,35.9,36.05,51429.48,14946.46
20130827,35.5,35.82,35.16,35.4,35.27,35.18,35.27,50091.55,14776.13
20130828,35.3,35.43,34.25,34.82,34.84,34.77,34.84,49866.92,14824.51
20130829,34.8,34.99,33.99,34.28,34.0,34.0,34.03,49921.88,14840.95
20130830,34.1,34.42,33.64,34.21,34.42,34.1,34.42,50011.75,14810.31
20130903,35.55,35.9,35.23,35.6,35.85,35.69,35.85,51625.5,14833.96
20130904,35.41,36.0,35.21,35.63,36.0,36.0,36.01,51716.16,14930.87
20130905,35.8,36.17,35.42,35.85,35.99,35.86,35.99,52351.86,14937.48
20130906,36.28,36.4,35.62,35.9,35.88,35.73,35.88,53749.42,14922.5
20130909,35.9,37.2,35.71,36.85,36.95,36.92,36.95,54251.85,15063.12
20130910,37.0,38.31,36.98,37.78,37.85,37.85,37.93,53979.03,15191.06
20130911,37.83,38.24,36.85,37.52,37.14,37.1,37.14,53570.46,15326.6
20130912,37.14,37.24,36.55,36.85,36.95,36.85,36.95,53307.09,15300.64
20130913,36.99,36.99,36.26,36.58,36.5,36.4,36.5,53797.51,15376.06
20130916,36.7,36.93,36.21,36.48,36.39,36.39,36.43,53821.63,15494.78
20130917,36.27,36.54,35.8,36.31,36.49,36.19,36.49,54271.25,15529.73
20130918,36.39,36.68,36.08,36.4,36.53,36.53,36.54,55702.9,15676.94
20130919,36.83,36.83,36.02,36.31,36.38,36.19,36.38,55095.69,15636.55
20130920,36.2,36.36,35.46,35.72,35.67,35.67,35.75,54110.03,15451.09
20130923,35.76,36.35,35.61,36.02,36.01,35.93,36.01,54602.38,15401.38
20130924,36.09,36.09,35.32,35.47,35.45,35.42,35.47,54431.05,15334.59
20130925,35.45,35.91,35.45,35.71,35.75,35.75,35.77,54261.11,15273.26
20130926,35.81,36.09,35.53,35.8,36.0,36.0,36.03,53782.97,15328.3
20130927,35.78,35.9,35.01,35.27,35.16,35.1,35.16,53738.92,15258.24
20130930,34.5,34.95,34.22,34.55,34.46,34.42,34.46,52338.19,15129.67
20131001,34.75,34.75,33.82,34.24,34.5,34.4,34.5,53179.46,15191.7
20131002,34.25,34.76,34.1,34.45,34.51,34.35,34.51,53100.18,15133.14
20131003,34.55,34.85,33.83,34.23,34.04,34.01,34.04,52489.86,14996.48
20131004,34.13,34.4,33.56,33.97,34.4,34.4,34.41,52848.97,15072.58
20131007,34.09,34.46,33.91,34.14,34.09,34.09,34.12,52417.1,14936.24
20131008,34.1,34.1,33.52,33.68,33.61,33.61,33.65,52312.44,14776.53
20131009,33.87,33.87,32.82,33.2,33.2,33.04,33.2,52547.71,14802.98
20131010,33.44,33.6,32.94,33.25,33.45,33.42,33.45,52996.64,15126.07
20131011,33.3,33.91,33.24,33.64,33.77,33.71,33.77,53149.62,15237.11
20131014,33.49,35.38,33.36,34.54,35.34,35.2,35.35,54170.6,15301.26
20131015,35.32,36.28,35.04,35.68,35.63,35.53,35.63,54980.64,15168.01
20131016,35.51,35.79,35.27,35.5,35.44,35.44,35.49,55973.03,15373.83
20131017,35.1,36.23,35.1,35.89,35.86,35.86,35.91,55358.13,15371.65
20131018,35.19,35.52,34.71,35.0,34.94,34.94,34.99,55378.46,15399.65
20131021,35.26,35.49,34.97,35.27,35.38,35.35,35.38,56077.43,15392.2
20131022,35.34,36.25,35.15,35.86,35.89,35.87,35.9,56460.38,15467.66
20131023,35.6,35.6,34.84,35.11,35.05,34.93,35.05,55440.03,15413.33
20131024,35.05,35.37,34.74,34.98,35.05,34.97,35.05,54877.15,15509.21
20131025,34.91,35.09,34.51,35.03,35.07,35.03,35.08,54154.15,15570.28
20131028,35.1,35.49,34.92,35.28,35.31,35.3,35.39,55073.37,15568.93
20131029,35.6,35.6,34.75,35.01,35.14,35.1,35.14,54538.8,15680.35
20131030,35.34,35.51,34.79,35.12,35.02,34.96,35.02,54172.82,15618.76
20131031,35.14,35.75,34.89,35.45,35.75,35.66,35.75,54256.2,15545.75
20131101,35.82,36.9,35.76,36.57,36.9,36.77,36.9,54013.24,15615.55
20131104,36.79,37.9,36.79,37.6,37.9,37.69,37.9,54436.92,15639.12
20131105,38.05,38.46,37.81,38.12,37.83,37.83,37.9,53831.85,15618.22
20131106,38.2,38.59,38.02,38.34,38.47,38.33,38.47,53384.6,15746.88
20131107,38.62,38.93,36.98,37.65,37.23,37.23,37.25,52740.79,15593.98
20131108,36.9,37.23,36.53,36.81,36.75,36.75,36.8,52248.86,15761.78
20131111,36.75,37.28,36.53,36.98,36.95,36.95,37.05,52623.87,15783.1
20131112,37.0,37.1,35.59,36.03,35.79,35.7,35.79,51804.33,15750.67
20131113,35.3,35.74,34.7,35.4,35.53,35.53,35.55,52230.29,15821.63
20131114,35.87,36.22,35.54,35.88,35.88,35.88,35.89,53451.6,15876.22
20131118,36.15,36.63,35.93,36.25,36.25,36.25,36.26,54307.04,15976.02
20131119,36.06,36.23,35.47,35.86,35.6,35.6,35.64,53032.91,15967.03
20131121,35.03,35.56,34.91,35.2,35.02,35.02,35.17,52688.02,16009.99
20131122,34.73,35.49,34.7,35.22,35.33,35.26,35.33,52800.74,16064.77
20131125,35.48,35.51,34.55,34.92,34.65,34.65,34.67,52263.51,16072.54
20131126,34.5,34.69,33.54,33.91,33.54,33.54,33.76,51446.91,16072.8
20131127,33.9,34.68,33.7,34.31,34.24,34.16,34.24,51861.21,16097.33
20131129,35.35,35.87,35.17,35.56,35.87,35.71,35.87,52482.49,16086.41
20131202,35.31,35.68,35.04,35.37,35.41,35.41,35.5,51244.87,16008.77
20131203,35.05,35.61,34.98,35.21,35.08,35.0,35.08,50348.89,15914.62
20131204,35.38,35.56,35.07,35.31,35.22,35.22,35.4,50215.79,15889.77
20131205,35.23,36.05,35.23,35.77,35.63,35.63,35.69,50787.63,15821.51
20131206,36.0,36.07,35.49,35.75,35.56,35.56,35.65,50944.27,16020.2
20131209,35.53,35.95,35.47,35.8,35.9,35.87,35.9,51165.38,16025.53
20131210,35.79,36.2,35.35,35.59,35.42,35.42,35.43,50993.02,15973.13
20131211,35.43,35.48,34.7,35.08,34.7,34.7,34.74,50067.99,15843.53
20131212,35.0,35.0,34.27,34.52,34.55,34.55,34.56,50121.61,15739.43
20131213,35.0,35.0,34.12,34.36,34.33,34.33,34.38,50051.18,15755.36
20131216,34.33,34.68,34.27,34.43,34.39,34.3,34.39,50279.61,15884.57
20131217,34.17,34.81,34.13,34.37,34.27,34.2,34.27,50090.35,15875.26
20131218,34.57,34.57,34.15,34.36,34.37,34.3,34.37,50563.43,16167.97
20131219,34.8,35.11,34.42,34.69,35.11,35.0,35.11,51633.43,16179.08
20131220,34.75,35.08,34.25,34.54,34.45,34.38,34.45,51185.74,16221.14
20131223,34.45,34.72,34.27,34.55,34.56,34.45,34.56,51356.1,16294.61
20131226,34.83,34.9,34.53,34.67,34.71,34.6,34.71,51221.01,16479.88
20131227,34.89,35.68,34.76,35.33,35.5,35.41,35.5,51266.56,16478.41
20131230,35.88,36.11,35.51,35.82,35.71,35.71,35.89,51507.16,16504.29
20140102,35.91,36.05,34.57,35.1,34.81,34.67,34.81,50341.25,16441.35
20140103,34.81,34.81,33.81,33.98,33.81,33.81,33.84,50981.09,16469.99
20140106,33.63,34.09,33.39,33.8,34.09,34.01,34.09,50973.62,16425.1
20140107,34.01,34.35,33.12,33.61,33.25,33.21,33.25,50430.02,16530.94
20140108,33.49,33.64,33.27,33.46,33.48,33.4,33.48,50576.64,16462.74
20140109,33.48,33.48,32.15,32.74,32.29,32.24,32.29,49321.68,16444.76
20140110,32.26,32.86,32.17,32.48,32.25,32.2,32.25,49696.45,16437.05
20140113,32.06,32.45,31.87,32.1,32.04,31.96,32.04,49426.9,16257.94
20140114,31.96,32.26,31.73,31.96,32.02,31.83,32.02,49703.1,16373.86
20140115,32.1,32.52,31.83,32.25,32.45,32.45,32.51,50105.37,16481.94
20140116,32.98,33.36,32.59,32.95,32.83,32.71,32.83,49696.28,16417.01
20140117,32.81,32.96,32.37,32.55,32.49,32.43,32.49,49181.86,16458.56
20140121,31.86,31.89,31.03,31.38,31.08,31.04,31.08,48542.07,16414.44
20140122,31.33,32.01,31.11,31.67,31.81,31.81,31.84,49299.66,16373.34
20140123,31.3,31.8,30.92,31.26,30.93,30.93,30.94,48320.64,16197.35
20140124,30.81,31.4,30.75,31.12,31.25,31.24,31.25,47787.38,15879.11
20140127,31.34,31.46,30.7,31.06,31.12,31.12,31.2,47701.05,15837.88
20140128,31.78,32.06,31.65,31.82,31.75,31.75,31.87,47840.93,15928.56
20140129,31.75,33.57,31.48,32.65,33.1,33.1,33.18,47556.78,15738.79
20140130,33.12,33.38,32.41,32.8,32.5,32.5,32.52,47244.26,15848.61
20140131,32.18,33.16,32.04,32.77,33.05,33.04,33.05,47638.99,15698.85
20140203,32.97,33.0,32.09,32.4,32.13,32.13,32.25,46147.52,15372.8
20140204,32.52,32.95,31.97,32.56,32.67,32.67,32.73,46964.22,15445.24
20140205,32.75,33.61,32.66,33.33,33.5,33.5,33.52,46624.39,15440.23
20140206,34.0,34.78,33.69,34.39,34.26,34.26,34.3,47738.09,15628.53
20140207,34.28,34.63,33.79,34.16,34.05,34.05,34.12,48073.6,15794.08
20140210,33.93,34.43,33.57,33.85,33.64,33.63,33.64,47710.82,15801.79
20140211,34.0,34.63,33.6,34.31,34.49,34.35,34.5,48462.79,15994.77
20140212,34.65,34.87,34.3,34.51,34.46,34.46,34.53,48216.89,15963.94
20140213,34.25,34.45,33.81,34.11,34.32,34.32,34.42,47812.83,16027.59
20140214,34.5,34.95,34.25,34.73,34.84,34.82,34.84,48201.11,16154.39
20140218,34.65,35.19,34.5,34.9,34.57,34.57,34.6,46599.76,16130.4
20140219,34.55,35.09,34.37,34.79,34.92,34.92,34.98,47150.83,16040.56
20140220,34.73,34.91,34.5,34.67,34.52,34.52,34.55,47288.61,16133.23
20140221,34.75,34.88,34.4,34.6,34.61,34.61,34.62,47380.24,16103.3
20140224,34.57,34.57,33.66,33.93,33.67,33.67,33.77,47393.5,16207.14
20140225,33.2,33.24,32.39,32.69,32.51,32.51,32.59,46715.91,16179.66
20140226,32.57,32.96,32.18,32.61,32.52,32.52,32.71,46599.21,16198.41
20140227,33.1,33.55,32.66,33.18,33.01,33.01,33.19,47606.75,16272.65
20140228,33.04,33.2,32.57,32.99,33.0,32.99,33.0,47094.4,16321.71
20140305,32.35,32.74,31.76,32.08,31.85,31.85,31.9,46589.0,16360.18
20140306,32.11,32.18,31.74,31.83,31.75,31.75,31.89,47093.13,16421.89
20140307,31.5,31.68,30.44,30.86,30.55,30.55,30.6,46244.07,16452.72
20140310,30.01,30.19,29.5,29.82,30.04,30.04,30.05,45533.2,16418.68
20140311,30.3,30.49,29.48,29.77,29.55,29.55,29.63,45697.62,16351.25
20140312,29.5,30.32,29.31,30.07,30.11,30.11,30.16,45861.81,16340.08
20140313,30.25,30.56,29.22,29.67,29.3,29.3,29.46,45443.83,16108.89
20140314,29.34,29.66,29.08,29.35,29.26,29.26,29.28,44965.66,16065.67
20140317,29.27,30.05,29.25,29.57,29.31,29.31,29.49,45117.8,16247.22
20140318,29.53,29.98,29.27,29.7,29.81,29.81,29.9,46150.96,16336.19
20140319,29.8,30.21,29.48,29.79,29.61,29.61,29.69,46567.23,16222.17
20140320,29.49,30.13,29.26,29.82,29.88,29.73,29.88,47278.48,16331.05
20140321,29.7,30.77,29.65,30.43,30.43,30.31,30.43,47380.94,16302.77
20140324,30.6,30.78,30.28,30.53,30.58,30.58,30.75,47993.42,16276.69
20140325,31.0,31.21,30.69,30.92,30.82,30.76,30.82,48180.14,16367.88
20140326,31.25,31.31,30.46,30.73,30.47,30.47,30.59,47965.61,16268.99
20140327,30.91,31.19,30.64,31.0,31.11,31.03,31.11,49646.79,16264.23
20140328,31.3,31.51,30.71,31.05,31.01,31.01,31.17,49768.06,16323.06
20140331,31.3,32.0,31.3,31.57,31.42,31.42,31.46,50414.92,16457.66
20140401,31.7,31.84,31.05,31.32,31.36,31.36,31.39,50270.37,16532.61
20140402,31.36,33.02,31.34,32.38,32.53,32.53,32.6,51701.05,16573.0
20140403,32.4,33.06,32.12,32.69,32.91,32.86,32.94,51408.21,16572.55
20140404,33.15,33.35,32.48,32.77,32.48,32.48,32.65,51081.78,16412.71
20140407,32.99,33.43,32.69,33.15,33.34,33.2,33.34,52155.28,16245.87
20140408,33.66,34.44,33.13,33.81,33.26,33.26,33.37,51629.07,16256.14
20140409,33.2,33.46,32.74,33.08,32.98,32.98,33.0,51185.4,16437.18
20140410,32.9,33.09,32.5,32.76,32.8,32.6,32.8,51127.48,16170.22
20140411,32.62,32.97,32.15,32.64,32.97,32.9,32.97,51867.29,16026.75
20140414,33.02,33.24,32.76,32.98,32.89,32.89,33.03,51596.55,16173.24
20140415,31.8,32.25,30.25,30.88,30.94,30.94,31.01,50454.35,16262.56
20140416,31.15,31.42,30.92,31.13,31.08,31.08,31.2,51200.56,16424.85
20140417,31.15,31.91,31.05,31.49,31.65,31.54,31.67,52111.85,16408.54
20140422,31.37,31.37,30.71,30.91,30.71,30.71,30.74,51976.86,16514.37
20140423,30.7,30.8,30.21,30.36,30.29,30.29,30.37,51569.69,16501.65
20140424,30.5,31.15,30.27,30.66,30.79,30.75,30.79,51817.45,16501.65
20140425,30.6,30.7,30.08,30.24,30.32,30.3,30.32,51399.35,16361.46
20140428,29.91,30.0,29.14,29.57,29.59,29.59,29.69,51383.68,16448.74
20140429,29.88,29.96,29.62,29.79,29.78,29.77,29.85,51838.61,16535.37
20140430,29.38,29.67,28.72,29.36,29.4,29.4,29.45,51626.69,16580.84
20140502,29.61,30.39,29.38,30.13,30.2,30.15,30.2,52980.31,16512.89
20140505,30.29,30.44,29.77,30.05,30.11,30.01,30.11,53446.17,16530.55
20140506,29.9,30.42,29.78,30.03,29.82,29.82,29.85,53779.74,16401.02
20140507,29.89,30.24,29.67,29.96,29.97,29.97,30.09,54052.74,16518.54
20140508,30.14,30.2,29.22,29.52,29.47,29.47,29.51,53422.37,16550.97
20140509,29.52,29.67,29.22,29.44,29.22,29.22,29.32,53100.34,16583.34
20140512,29.9,30.7,29.69,30.34,30.6,30.55,30.6,54052.9,16695.47
20140513,30.55,30.93,30.4,30.69,30.65,30.65,30.74,53907.46,16715.44
20140514,30.74,31.48,30.72,31.27,31.39,31.34,31.39,54412.54,16613.97
20140515,31.25,31.43,30.82,31.08,31.1,31.03,31.1,53855.54,16446.81
20140516,30.85,30.86,30.18,30.49,30.4,30.4,30.44,53975.76,16491.31
20140519,30.1,30.1,29.45,29.62,29.47,29.46,29.54,53353.1,16511.86
20140520,29.45,29.65,28.85,29.08,28.86,28.86,28.99,52366.19,16374.31
20140521,29.2,29.39,28.89,29.05,28.89,28.89,28.94,52203.37,16533.06
20140522,29.18,29.81,29.17,29.4,29.34,29.34,29.45,52806.22,16543.08
20140523,29.49,29.58,29.12,29.29,29.26,29.26,29.3,52626.41,16606.27
20140527,29.45,29.7,29.09,29.29,29.09,29.09,29.15,52173.98,16675.5
20140528,29.06,29.25,28.86,29.05,29.09,29.09,29.16,52639.75,16633.18
20140529,29.25,29.34,28.85,29.16,29.34,29.18,29.34,52239.34,16698.74
20140530,28.65,28.94,28.29,28.47,28.4,28.4,28.45,51239.34,16717.17
20140602,28.77,29.37,28.65,29.17,29.14,29.1,29.14,51605.83,16743.63
20140603,29.14,29.2,28.68,28.84,28.85,28.85,28.94,52032.38,16722.34
20140604,28.8,29.24,28.76,28.94,28.92,28.82,28.92,51832.98,16737.53
20140605,28.92,29.23,28.75,29.0,28.78,28.77,28.78,51558.79,16836.11
20140606,29.4,29.6,29.14,29.4,29.37,29.37,29.44,53128.66,16924.28
20140609,29.41,29.8,29.36,29.59,29.63,29.63,29.7,54273.16,16943.1
20140610,29.68,29.75,29.08,29.36,29.44,29.4,29.44,54604.34,16945.92
20140611,29.9,29.93,29.31,29.6,29.64,29.46,29.65,55102.44,16843.88
20140613,28.75,29.04,28.48,28.58,28.6,28.6,28.62,54806.64,16775.74
20140616,28.75,28.75,28.21,28.43,28.42,28.42,28.57,54629.55,16781.01
20140617,28.41,28.48,28.26,28.36,28.45,28.45,28.47,54299.95,16808.49
20140618,28.5,28.96,28.43,28.76,28.85,28.82,28.85,55202.54,16906.62
20140620,28.8,28.99,28.5,28.76,28.77,28.63,28.77,54638.19,16947.08
20140623,29.1,29.38,28.91,29.14,29.11,29.11,29.19,54210.05,16937.26
20140624,29.1,29.29,28.64,28.99,28.71,28.71,28.8,54280.78,16818.13
20140625,28.59,29.07,28.47,28.75,28.66,28.66,28.85,53425.74,16867.51
20140626,28.99,29.75,28.99,29.43,29.34,29.34,29.51,53506.75,16846.13
20140627,29.29,29.54,29.0,29.17,29.06,29.06,29.12,53157.3,16851.84
20140630,29.01,29.32,28.81,29.07,29.24,29.2,29.24,53168.22,16826.6
20140701,29.5,29.97,29.5,29.73,29.65,29.65,29.7,53171.49,16956.07
20140702,29.8,30.53,29.73,30.27,30.44,30.37,30.44,53028.78,16976.24
20140703,30.56,31.38,30.56,30.99,31.04,31.04,31.05,53874.58,17068.26
20140707,31.0,31.21,30.61,30.78,30.8,30.8,30.9,53801.83,17024.21
20140708,30.95,31.02,30.57,30.75,30.81,30.64,30.81,53634.69,16906.62
20140710,30.82,30.98,30.51,30.74,30.8,30.68,30.8,54592.75,16915.07
20140711,30.8,31.0,30.4,30.72,30.7,30.7,30.77,54785.93,16943.81
20140714,30.95,31.2,30.8,30.98,30.86,30.86,30.94,55743.98,17055.42
20140715,30.9,31.29,30.9,31.08,31.06,31.06,31.19,55973.61,17060.68
20140716,31.37,32.08,31.37,31.91,31.92,31.92,31.94,55717.36,17138.2
20140717,31.8,31.93,31.44,31.66,31.48,31.48,31.56,55637.51,16976.81
20140718,32.0,32.0,31.4,31.7,31.45,31.42,31.45,57012.9,17100.18
20140721,31.49,31.72,31.23,31.46,31.56,31.56,31.69,57633.92,17051.73
20140722,31.8,32.14,31.8,31.99,31.87,31.87,32.1,57983.32,17113.54
20140723,31.8,32.21,31.72,31.89,31.73,31.73,31.83,57419.96,17086.63
20140724,32.06,32.6,31.99,32.33,32.34,32.34,32.37,57977.56,17083.8
20140725,32.3,32.5,32.25,32.39,32.38,32.38,32.41,57821.08,16960.57
20140728,32.57,33.05,32.57,32.89,32.82,32.82,32.91,57695.72,16982.59
20140729,33.0,33.25,32.82,32.99,32.92,32.92,33.0,57118.81,16912.11
20140730,32.95,32.99,32.15,32.42,32.22,32.22,32.35,56877.97,16880.36
20140731,32.09,32.95,32.03,32.47,32.55,32.55,32.62,55829.41,16563.3
20140801,32.45,32.55,31.65,31.97,31.77,31.77,31.82,55902.87,16493.37
20140804,31.86,32.14,31.55,31.87,32.14,31.98,32.14,56616.33,16569.28
20140805,32.0,32.0,31.56,31.72,31.62,31.6,31.62,56202.1,16429.47
20140806,31.63,32.07,31.55,31.87,31.8,31.8,31.98,56487.18,16443.34
20140807,32.05,32.14,31.54,31.68,31.6,31.6,31.7,56188.05,16368.27
20140808,31.5,31.91,31.36,31.67,31.61,31.61,31.69,55572.93,16553.93
20140811,32.0,32.31,31.84,32.03,31.84,31.84,31.97,56613.32,16569.98
20140812,31.85,32.05,31.72,31.88,32.01,31.9,32.01,56442.34,16560.54
20140813,31.75,31.82,31.0,31.37,31.34,31.34,31.35,55581.19,16651.8
20140814,31.1,31.25,30.27,30.63,30.59,30.59,30.64,55780.41,16713.58
20140815,30.9,31.1,30.66,30.93,31.0,30.95,31.0,56963.65,16662.91
20140818,31.2,31.3,30.8,31.13,31.24,31.2,31.24,57560.72,16838.74
20140819,31.05,31.53,30.91,31.27,31.25,31.25,31.3,58449.29,16919.59
20140820,31.39,31.9,31.25,31.59,31.77,31.77,31.87,58878.24,16979.13
20140821,31.7,31.96,31.43,31.6,31.56,31.56,31.57,58992.11,17039.49
20140822,31.44,31.45,31.16,31.3,31.37,31.26,31.37,58407.32,17001.22
20140825,31.53,31.53,31.13,31.22,31.17,31.17,31.3,59735.17,17076.87
20140826,31.05,31.38,30.82,31.12,31.02,31.02,31.2,59821.45,17106.7
20140827,31.2,31.22,30.68,30.9,30.68,30.68,30.79,60950.57,17122.01
20140828,30.07,30.23,29.11,29.44,29.33,29.33,29.35,60290.87,17079.57
20140829,29.5,29.65,28.81,29.11,29.12,29.12,29.13,61288.15,17098.45
20140902,29.12,29.3,28.7,28.95,28.75,28.75,28.76,61895.98,17067.56
20140903,28.86,29.5,28.76,29.12,29.0,29.0,29.12,61837.04,17078.28
20140904,28.98,29.06,28.68,28.83,28.68,28.68,28.7,60800.02,17069.58
20140905,28.49,28.68,27.87,28.17,28.25,28.25,28.3,60681.98,17137.36
20140908,28.29,28.35,27.8,28.09,28.1,28.1,28.25,59192.75,17111.42
20140909,28.05,28.89,28.05,28.57,28.61,28.61,28.64,58676.34,17013.87
20140910,28.49,28.77,28.1,28.25,28.4,28.23,28.4,58198.66,17068.71
20140911,28.49,28.55,28.19,28.4,28.36,28.36,28.44,58337.29,17049.0
20140912,28.17,28.75,28.0,28.46,28.62,28.62,28.65,56927.81,16987.51
20140915,28.89,29.24,28.78,29.03,29.11,29.1,29.11,57948.76,17031.14
20140916,28.98,29.57,28.81,29.22,29.15,29.15,29.34,59114.66,17131.97
20140917,29.45,29.5,28.89,29.13,29.06,29.06,29.19,59108.19,17156.85
20140918,28.95,29.51,28.85,29.18,29.09,29.09,29.12,58374.48,17265.99
20140919,28.83,29.07,28.32,28.52,28.32,28.32,28.38,57788.7,17279.74
20140922,27.85,27.85,26.96,27.38,27.28,27.28,27.39,56818.11,17172.68
20140923,27.33,27.71,27.29,27.48,27.55,27.53,27.56,56540.5,17055.87
20140924,27.55,28.05,27.55,27.82,27.64,27.64,27.7,56824.42,17210.06
20140925,27.6,27.6,27.04,27.3,27.35,27.34,27.35,55962.08,16945.8
20140926,27.41,27.56,26.97,27.19,26.97,26.97,27.09,57212.38,17113.15
20140929,26.25,26.99,26.14,26.66,26.54,26.54,26.61,54625.35,17071.22
20140930,26.68,27.47,26.25,26.69,26.85,26.85,26.87,54115.98,17042.9
20141001,26.65,27.51,26.6,27.08,26.83,26.83,26.89,52858.43,16804.71
20141002,26.9,27.84,26.62,27.35,27.61,27.58,27.62,53518.57,16801.05
20141003,27.45,27.66,26.86,27.19,27.2,27.2,27.24,54539.55,17009.69
20141006,27.95,28.14,27.22,27.54,27.34,27.33,27.34,57115.9,16991.91
20141007,27.8,27.83,27.26,27.55,27.4,27.4,27.56,57436.33,16719.39
20141008,27.75,27.79,27.13,27.38,27.37,27.37,27.53,57058.48,16994.22
20141009,27.73,27.73,26.75,27.09,26.9,26.88,26.9,57267.53,16659.25
20141010,26.75,26.91,26.25,26.48,26.25,26.25,26.44,55311.59,16544.1
20141013,27.15,28.12,27.04,27.66,27.49,27.49,27.57,57956.53,16321.07
20141014,27.75,28.74,27.59,28.34,28.31,28.31,28.32,58015.46,16315.19
20141015,27.85,28.37,27.44,27.89,28.3,28.24,28.3,56135.27,16141.74
20141016,27.6,27.81,26.69,27.54,27.38,27.38,27.4,54298.33,16117.24
20141017,26.7,27.08,26.18,26.63,26.62,26.62,26.65,55723.79,16380.41
20141020,26.5,26.63,26.07,26.29,26.35,26.34,26.38,54302.57,16399.67
20141021,26.11,26.94,25.92,26.61,26.76,26.76,26.79,52432.43,16614.81
20141022,26.76,27.03,26.41,26.75,26.76,26.76,26.81,52411.03,16461.32
20141023,26.41,27.59,26.3,27.1,27.25,27.24,27.25,50713.26,16677.9
20141024,26.89,28.08,26.89,27.59,27.45,27.45,27.58,51940.73,16805.41
20141027,26.68,27.0,26.19,26.5,26.35,26.35,26.36,50503.66,16817.94
20141028,26.75,26.77,25.93,26.19,26.14,26.14,26.19,52330.03,17005.75
20141029,25.99,26.32,24.76,25.16,24.76,24.75,24.8,51049.32,16974.31
20141030,23.81,24.1,23.5,23.77,23.7,23.7,23.72,52336.83,17195.42
20141031,23.95,25.0,23.81,24.55,25.0,24.82,25.0,54628.6,17390.52
20141103,24.7,24.9,24.31,24.7,24.9,24.69,24.9,53947.21,17366.24
20141104,24.78,24.83,23.8,24.12,24.11,24.1,24.11,54383.59,17383.84
20141105,23.75,24.28,23.46,23.92,24.0,24.0,24.04,53698.42,17484.53
20141106,23.54,23.88,23.31,23.63,23.65,23.65,23.81,52637.06,17554.47
20141107,23.66,24.35,23.66,24.05,24.02,24.02,24.15,53222.85,17573.93
20141110,24.5,24.5,23.3,23.71,23.3,23.3,23.43,52725.38,17613.74
20141111,22.94,23.05,22.28,22.57,22.57,22.57,22.72,52474.27,17614.9
20141112,22.59,23.05,22.5,22.65,22.52,22.52,22.6,52978.89,17612.2
20141113,22.52,22.84,22.45,22.61,22.46,22.46,22.53,51846.03,17652.79
20141114,22.29,23.1,22.06,22.81,23.0,23.0,23.04,51772.4,17634.74
20141117,22.93,23.18,22.75,22.93,22.93,22.93,23.07,51256.99,17647.75
20141118,22.88,22.89,22.01,22.23,22.03,22.03,22.13,52061.86,17687.82
20141119,21.85,22.25,21.67,22.01,22.16,22.16,22.17,53402.81,17685.73
20141121,23.19,24.1,22.76,23.49,23.59,23.55,23.59,56084.04,17810.06
20141124,24.0,24.13,23.47,23.77,23.7,23.7,23.74,55406.91,17817.9
20141125,23.79,23.96,23.56,23.79,23.96,23.9,23.96,55560.81,17814.94
20141126,24.01,24.05,23.04,23.42,23.04,23.04,23.11,55098.47,17827.75
20141128,23.24,23.65,23.04,23.31,23.3,23.3,23.33,54724.0,17828.24
20141201,22.84,23.03,22.09,22.45,22.22,22.22,22.3,52276.58,17776.8
20141202,22.45,22.74,21.65,22.2,21.65,21.65,21.8,51612.47,17879.55
20141203,21.83,22.2,21.62,21.88,21.95,21.86,21.95,52320.48,17912.62
20141204,22.01,22.01,21.41,21.7,21.67,21.67,21.75,51426.87,17900.1
20141205,21.65,22.04,21.4,21.72,21.88,21.88,21.98,51992.89,17958.79
20141208,21.79,21.86,21.01,21.3,21.18,21.18,21.19,50274.07,17852.48
20141209,20.41,21.08,20.29,20.68,20.7,20.69,20.71,50193.47,17801.2
20141210,20.64,20.82,19.93,20.26,19.93,19.93,20.02,49548.08,17533.15
20141211,19.92,19.94,19.13,19.44,19.37,19.37,19.47,49861.81,17596.34
20141212,19.27,19.69,18.91,19.16,18.91,18.91,19.05,48001.98,17280.83
20141215,19.05,19.36,18.54,18.77,18.69,18.66,18.74,47018.68,17180.84
20141216,18.33,19.62,18.2,19.22,19.35,19.19,19.35,47007.51,17068.87
20141217,19.55,19.85,19.34,19.67,19.71,19.71,19.72,48713.64,17356.87
20141218,20.0,20.03,19.45,19.78,19.96,19.9,19.96,48495.7,17778.15
20141219,20.3,21.57,20.03,21.08,21.57,21.53,21.57,49650.98,17804.8
20141222,21.89,22.01,21.15,21.44,21.37,21.36,21.37,50120.86,17959.44
20141223,21.15,22.3,21.05,21.89,22.22,22.21,22.22,50889.81,18024.17
20141226,22.22,22.41,21.68,21.98,21.68,21.68,21.8,50144.63,18053.71
20141229,21.7,22.25,21.7,22.1,22.11,22.0,22.11,50593.82,18038.23
20141230,22.38,22.61,21.88,22.07,21.91,21.91,22.05,50007.41,17983.07
20150102,21.7,21.95,21.06,21.32,21.28,21.28,21.3,48512.22,17832.99
20150105,20.76,21.13,20.51,20.9,20.96,20.85,20.96,47516.82,17501.65
20150106,21.27,22.13,21.07,21.71,21.8,21.74,21.8,48000.92,17371.64
20150107,22.32,22.81,21.97,22.43,22.6,22.6,22.64,49462.91,17584.52
20150108,22.77,22.88,22.11,22.65,22.84,22.78,22.85,49943.3,17907.87
20150109,22.59,22.85,22.29,22.51,22.35,22.35,22.53,48840.25,17737.37
20150112,22.11,22.65,21.93,22.28,22.64,22.59,22.64,48139.74,17640.84
20150113,22.7,23.13,22.51,22.82,22.51,22.51,22.59,48041.67,17613.68
20150114,21.8,22.0,20.69,21.28,20.7,20.7,20.82,47645.87,17427.09
20150115,20.8,21.26,20.45,20.95,20.94,20.94,20.97,48026.31,17320.71
20150116,21.05,22.22,20.85,21.71,21.88,21.73,21.88,49016.52,17511.57
20150120,22.08,22.08,21.52,21.76,21.74,21.65,21.74,47876.66,17515.23
20150121,21.87,22.28,21.51,21.99,22.08,21.96,22.08,49224.08,17554.28
20150122,22.35,22.87,21.76,22.18,21.91,21.91,21.95,49442.62,17813.98
20150123,21.5,21.6,20.47,20.81,20.52,20.52,20.59,48775.3,17672.6
20150126,20.01,20.11,19.57,19.8,19.58,19.57,19.6,48576.55,17678.7
20150127,19.37,19.54,18.58,18.95,19.0,18.91,19.0,48591.23,17387.21
20150128,18.72,19.35,18.65,18.99,18.95,18.92,18.97,47694.54,17191.37
20150129,19.0,19.21,17.91,18.4,18.05,18.04,18.05,47762.24,17416.85
20150130,17.7,18.68,17.65,18.33,18.61,18.47,18.61,46907.68,17164.95
20150202,18.95,19.82,18.65,19.45,19.74,19.74,19.8,47650.73,17361.04
20150203,20.34,21.22,20.13,20.74,20.87,20.87,20.89,48963.66,17666.4
20150204,20.88,21.17,20.16,20.57,20.55,20.55,20.63,49301.05,17673.02
20150205,20.56,21.17,20.43,20.69,20.45,20.45,20.6,49233.85,17884.88
20150206,20.21,20.63,19.96,20.29,20.42,20.41,20.42,48792.27,17824.29
20150209,20.25,21.86,20.21,21.36,21.59,21.59,21.6,49382.58,17729.21
20150210,21.28,21.61,20.4,20.82,20.4,20.4,20.5,48510.28,17868.76
20150211,20.33,21.18,20.33,20.82,21.1,21.08,21.1,48239.67,17862.14
20150212,21.7,21.87,21.27,21.63,21.58,21.58,21.6,49532.72,17972.38
20150213,21.89,22.7,21.81,22.47,22.48,22.48,22.52,50635.92,18019.35
20150218,22.7,23.0,22.68,22.79,22.71,22.71,22.72,51280.36,18029.85
20150219,22.88,22.88,22.04,22.21,22.1,22.1,22.18,51294.03,17985.77
20150220,22.21,22.71,21.95,22.37,22.62,22.62,22.63,51237.7,18140.44
20150223,22.1,22.28,21.38,21.6,21.62,21.5,21.62,51280.64,18116.84
20150224,21.65,22.29,21.59,22.04,22.04,22.0,22.04,51874.17,18209.19
20150225,21.83,22.26,21.8,22.07,22.14,22.11,22.14,51811.02,18224.57
20150226,21.87,21.94,20.88,21.26,21.25,21.24,21.25,51760.54,18214.42
20150227,21.35,21.63,21.11,21.34,21.25,21.24,21.52,51583.09,18132.7
20150302,21.16,21.25,20.39,20.66,20.56,20.51,20.56,51020.81,18288.63
20150303,20.71,21.12,20.62,20.84,20.79,20.79,20.88,51304.1,18203.37
20150304,20.48,20.67,20.09,20.33,20.39,20.34,20.39,50468.05,18096.9
20150305,20.38,20.38,19.39,19.73,19.5,19.42,19.5,50365.2,18135.72
20150306,19.45,19.87,19.07,19.48,19.59,19.58,19.6,49981.19,17856.78
20150309,19.43,19.77,19.15,19.49,19.54,19.54,19.58,49181.01,17995.72
20150310,19.13,19.53,19.04,19.25,19.1,19.04,19.1,48293.4,17662.94
20150311,19.13,19.18,18.78,18.92,18.86,18.86,18.9,48905.58,17635.39
20150312,19.12,19.56,18.86,19.15,18.86,18.86,18.88,48880.4,17895.22
20150313,18.6,19.13,18.15,18.64,18.88,18.85,18.92,48595.81,17749.31
20150316,19.07,19.33,18.53,18.88,18.9,18.9,19.01,48848.21,17977.42
20150317,18.98,20.0,18.97,19.59,19.88,19.87,19.88,50285.12,17849.08
20150318,19.55,19.71,19.13,19.42,19.59,19.47,19.59,51526.19,18076.19
20150319,19.65,19.67,19.15,19.29,19.15,19.15,19.24,50953.53,17959.03
20150320,19.47,20.25,19.09,19.92,20.25,20.02,20.25,51966.58,18127.65
20150323,20.33,20.46,19.88,20.27,20.38,20.34,20.38,51908.46,18116.04
20150324,20.2,20.43,19.41,19.81,19.58,19.58,19.6,51506.07,18011.14
20150325,19.74,19.94,19.28,19.65,19.76,19.76,19.78,51858.3,17718.54
20150326,19.6,19.81,18.92,19.24,18.92,18.92,19.0,50579.85,17678.23
20150327,18.83,18.88,18.17,18.36,18.35,18.34,18.35,50094.66,17712.66
20150330,18.62,18.73,18.23,18.5,18.62,18.62,18.65,51243.45,17976.31
20150331,18.31,18.37,17.83,17.98,17.94,17.94,18.0,51150.16,17776.12
20150401,17.78,17.81,17.37,17.54,17.54,17.54,17.59,52321.76,17698.18
20150402,17.46,18.14,17.17,17.82,18.0,17.99,18.0,53123.02,17763.24
20150406,18.24,18.5,17.88,18.22,18.13,18.13,18.14,53737.26,17880.85
20150407,18.35,19.2,18.27,18.89,19.0,18.99,19.0,53729.16,17875.42
20150408,19.45,19.55,18.63,18.99,18.75,18.69,18.75,53661.11,17902.51
20150409,18.45,18.93,18.19,18.74,18.8,18.79,18.8,53802.66,17958.73
20150410,18.8,18.93,18.42,18.65,18.42,18.42,18.44,54214.11,18057.65
20150413,18.4,18.87,18.04,18.4,18.24,18.24,18.3,54239.77,17977.04
20150414,18.55,19.25,18.55,18.86,18.75,18.75,18.76,53981.92,18036.7
20150415,18.45,18.71,18.1,18.4,18.6,18.56,18.6,54918.74,18112.61
20150416,18.46,18.72,18.01,18.36,18.06,18.06,18.08,54674.21,18105.77
20150417,17.91,18.12,17.76,17.9,17.8,17.8,17.98,53954.79,17826.3
20150420,17.86,18.12,17.71,17.86,17.73,17.72,17.73,53761.27,18034.93
20150422,18.27,19.56,18.21,19.13,19.45,19.41,19.45,54617.36,18038.27
20150423,19.26,21.25,19.26,20.61,21.09,21.09,21.13,55684.85,18058.69
20150424,21.95,23.55,21.9,23.08,23.2,23.2,23.21,56594.22,18080.14
20150427,23.35,24.81,23.04,23.83,23.46,23.46,23.5,55534.5,18037.97
20150428,23.73,24.14,22.07,22.57,22.55,22.47,22.55,55812.03,18110.14
20150429,21.65,21.87,21.09,21.36,21.11,21.11,21.17,55325.29,18035.53
20150430,20.6,22.76,20.37,21.55,22.65,22.65,22.73,56229.38,17840.52
20150504,24.1,24.78,23.72,24.51,24.78,24.6,24.78,57353.98,18070.4
20150505,24.88,27.11,24.76,26.27,27.06,27.05,27.06,58051.61,17928.2
20150506,27.5,27.89,24.88,26.32,24.93,24.93,25.05,57103.14,17841.98
20150507,25.0,25.4,23.57,24.02,23.88,23.88,23.9,56921.39,17924.06
20150508,24.45,24.7,22.71,23.54,22.75,22.75,22.8,57149.33,18191.11
20150511,23.26,23.94,23.07,23.38,23.28,23.26,23.28,57197.1,18105.17
20150512,23.2,23.59,22.26,22.71,22.33,22.3,22.33,56792.05,18068.23
20150513,22.15,22.38,21.52,21.79,21.6,21.6,21.7,56372.04,18060.49
20150514,21.55,22.05,21.14,21.48,21.33,21.33,21.35,56656.57,18252.24
20150515,21.35,21.65,21.19,21.34,21.28,21.28,21.34,57248.63,18272.56
20150518,21.21,21.5,20.24,20.74,20.24,20.24,20.25,56204.23,18298.88
20150519,20.0,20.23,19.83,20.07,20.12,20.11,20.12,55498.82,18312.39
20150520,20.01,20.48,19.8,20.02,19.85,19.85,19.9,54901.02,18285.4
20150521,19.78,20.5,19.78,20.15,20.25,20.2,20.25,55112.05,18285.74
20150522,20.5,20.69,20.16,20.37,20.26,20.26,20.35,54377.29,18232.02
20150526,20.64,21.18,20.5,20.92,20.79,20.65,20.79,53629.78,18041.54
20150527,20.8,21.01,20.26,20.66,20.95,20.86,20.95,54236.25,18162.99
20150528,20.52,20.75,20.28,20.48,20.54,20.54,20.62,53976.27,18126.12
20150529,20.49,20.69,20.05,20.32,20.05,20.05,20.07,52760.47,18010.68
20150601,20.07,20.39,19.79,20.04,20.04,19.95,20.04,53031.31,18040.37
20150602,20.1,21.4,20.1,20.94,21.35,21.32,21.35,54236.43,18011.94
20150603,21.36,21.54,20.75,21.13,20.89,20.89,20.9,53522.9,18076.27
20150605,20.5,20.99,20.32,20.63,20.6,20.52,20.6,52973.37,17849.46
20150608,20.53,20.65,20.09,20.24,20.1,20.09,20.21,52809.63,17766.55
20150609,19.95,20.62,19.9,20.17,19.98,19.91,19.98,52815.99,17764.04
20150610,20.55,21.35,20.39,21.05,21.21,21.15,21.21,53876.44,18000.4
20150611,21.44,21.72,21.07,21.33,21.33,21.33,21.36,53688.51,18039.37
20150612,21.12,21.31,20.94,21.12,21.16,21.16,21.28,53347.53,17898.84
20150615,20.88,21.03,20.25,20.5,20.34,20.25,20.34,53137.53,17791.17
20150616,20.15,20.18,19.69,19.84,19.75,19.75,19.76,53702.15,17904.48
20150617,19.75,19.83,19.3,19.48,19.47,19.47,19.48,53248.54,17935.74
20150618,19.65,20.4,19.49,19.88,20.4,20.3,20.4,54238.59,18115.84
20150619,20.14,20.35,19.85,20.22,20.32,20.31,20.32,53749.41,18015.95
20150622,20.5,20.53,19.69,19.93,19.69,19.69,19.75,53863.67,18119.78
20150623,20.17,20.17,19.81,19.95,19.81,19.81,19.95,53772.43,18144.07
20150624,20.08,20.18,19.71,19.93,19.8,19.8,19.91,53842.53,17966.07
20150625,19.85,19.88,19.13,19.32,19.32,19.32,19.33,53175.66,17890.36
20150626,19.39,19.63,19.06,19.43,19.62,19.54,19.62,54016.97,17946.68
20150629,19.18,19.49,19.01,19.23,19.2,19.2,19.29,53014.21,17596.35
20150630,19.04,19.2,18.16,18.44,18.29,18.28,18.29,53080.88,17619.51
20150701,18.32,18.61,17.97,18.24,18.11,18.11,18.15,52757.53,17757.91
20150702,17.89,18.36,17.75,18.08,18.07,18.07,18.1,53106.18,17730.11
20150706,17.45,17.68,17.24,17.55,17.65,17.63,17.65,52149.37,17683.58
20150707,17.5,18.05,16.64,17.34,17.93,17.93,17.97,52343.71,17776.91
20150708,17.35,17.82,17.03,17.42,17.16,17.16,17.2,51781.74,17515.42
20150710,17.99,18.05,17.11,17.56,17.11,17.11,17.2,52590.72,17760.41
20150713,17.4,18.52,16.94,17.96,18.5,18.44,18.5,53119.47,17977.68
20150714,18.17,18.21,17.66,17.84,17.82,17.82,17.85,53239.17,18053.58
20150715,18.08,18.19,17.11,17.46,17.11,17.11,17.18,52902.28,18050.17
20150716,17.32,17.69,17.28,17.47,17.64,17.64,17.66,53069.75,18120.25
20150717,17.73,17.74,17.28,17.47,17.45,17.45,17.59,52341.8,18086.45
20150720,17.4,17.92,17.3,17.6,17.31,17.31,17.41,51600.07,18100.41
20150721,17.41,18.03,17.2,17.67,17.55,17.55,17.57,51474.28,17919.29
20150722,17.25,17.46,16.84,17.26,17.29,17.28,17.29,50915.78,17851.04
20150723,17.31,17.93,17.28,17.45,17.32,17.32,17.34,49806.62,17731.92
20150724,17.32,17.55,16.54,16.87,16.79,16.79,16.82,49245.84,17568.53
20150727,16.75,17.55,16.41,17.03,16.76,16.76,16.85,48735.54,17440.59
20150728,17.17,18.2,17.06,17.83,18.09,18.09,18.14,49601.6,17630.27
20150729,18.4,18.7,18.2,18.45,18.35,18.35,18.38,50245.15,17751.39
20150730,19.1,19.81,17.39,18.39,17.45,17.45,17.56,49897.4,17745.98
20150731,17.53,18.04,17.13,17.68,17.87,17.87,17.9,50864.77,17689.86
20150803,17.81,17.94,17.3,17.65,17.59,17.59,17.6,50138.05,17598.2
20150804,17.92,18.31,17.92,18.1,18.1,18.09,18.1,50058.49,17550.69
20150805,18.65,19.28,18.65,18.95,19.01,18.96,19.01,50287.27,17540.47
20150806,18.76,19.79,18.67,19.39,19.58,19.58,19.64,50011.32,17419.75
20150807,19.45,19.49,18.42,18.9,18.42,18.42,18.5,48577.32,17373.38
20150810,18.55,19.56,18.33,19.18,19.35,19.34,19.35,49353.0,17615.17
20150811,18.85,19.04,18.11,18.46,18.6,18.56,18.6,49072.34,17402.84
20150812,18.4,19.13,18.15,18.71,18.92,18.92,19.05,48388.05,17402.51
20150813,19.0,19.5,18.44,18.7,18.48,18.48,18.6,48009.57,17408.25
20150814,18.5,18.75,18.2,18.39,18.2,18.2,18.22,47508.41,17477.4
20150817,18.1,18.33,17.97,18.09,18.01,18.01,18.07,47217.43,17545.18
20150818,18.05,18.05,17.42,17.61,17.42,17.42,17.56,47450.58,17511.34
20150819,17.4,17.49,16.68,16.98,16.84,16.84,16.89,46588.39,17348.73
20150820,16.91,17.34,16.73,17.07,17.17,17.17,17.18,46649.23,16990.69
20150821,16.95,17.16,16.7,16.92,16.7,16.7,16.73,45719.64,16459.75
20150824,15.14,16.4,14.77,15.58,15.4,15.4,15.43,44336.47,15871.35
20150825,16.14,16.28,15.35,15.74,15.35,15.35,15.5,44544.85,15666.44
20150826,15.73,15.95,15.28,15.57,15.9,15.9,15.98,46038.08,16285.51
20150827,16.2,17.69,16.18,17.1,17.69,17.51,17.69,47715.27,16654.77
20150828,17.45,18.39,17.21,17.65,17.31,17.31,17.33,47153.87,16643.01
20150831,17.02,18.09,16.96,17.66,17.92,17.92,18.06,46625.52,16528.03
20150901,17.31,17.96,17.1,17.43,17.1,17.05,17.1,45477.06,16058.35
20150902,17.52,18.2,17.26,17.8,18.11,18.11,18.12,46463.96,16351.38
20150903,18.18,19.37,18.1,18.89,18.73,18.73,18.85,47365.87,16374.76
20150904,18.35,18.6,18.05,18.26,18.24,18.24,18.3,46497.72,16102.38
20150908,18.97,19.2,18.63,18.92,18.93,18.93,19.0,46762.07,16492.68
20150909,19.4,19.94,18.94,19.34,19.06,19.06,19.12,46657.1,16253.57
20150910,18.7,20.06,18.66,19.72,19.94,19.94,20.0,46503.99,16330.4
20150911,20.23,20.56,19.17,19.63,19.45,19.35,19.45,46400.51,16433.09
20150914,19.32,19.59,18.8,19.09,19.15,19.14,19.15,47281.52,16370.96
20150915,19.1,19.26,18.52,18.76,18.6,18.6,18.66,47364.07,16599.85
20150916,18.82,19.27,18.63,18.93,19.04,19.04,19.25,48553.1,16739.95
20150917,18.88,20.28,18.88,19.73,19.49,19.49,19.86,48551.08,16674.74
20150918,19.46,20.41,19.39,19.95,19.91,19.83,19.91,47264.08,16384.58
20150921,20.01,20.28,19.63,20.02,19.93,19.93,19.94,46590.2,16510.19
20150922,19.45,19.71,18.84,19.27,19.46,19.46,19.49,46264.61,16330.47
20150923,19.46,19.65,18.9,19.17,18.9,18.9,18.93,45340.11,16279.89
20150924,18.35,18.99,18.35,18.68,18.45,18.45,18.54,45291.97,16201.32
20150925,18.66,18.92,17.82,18.12,17.93,17.93,17.98,44831.46,16314.67
20150928,17.7,17.7,16.57,16.75,16.59,16.59,16.64,43956.63,16001.89
20150929,16.8,17.18,16.43,16.76,16.48,16.48,16.52,44131.82,16049.13
20150930,16.96,17.05,16.33,16.61,16.58,16.57,16.58,45059.34,16284.7
20151001,16.81,17.51,16.71,17.2,17.22,17.21,17.22,45313.27,16272.01
20151002,17.08,17.93,16.87,17.44,17.82,17.82,17.95,47033.46,16472.37
20151005,18.1,18.39,18.0,18.16,18.14,18.14,18.21,47598.07,16776.43
20151006,18.35,18.55,18.0,18.33,18.31,18.31,18.32,47735.11,16790.19
20151007,19.3,20.3,19.3,19.86,20.15,20.03,20.15,48914.32,16912.29
20151008,20.07,20.18,19.68,19.96,20.06,19.96,20.06,49106.56,17050.75
20151009,20.53,20.83,20.2,20.66,20.79,20.72,20.79,49338.41,17084.49
20151013,19.97,20.0,18.55,19.05,18.58,18.58,18.68,47362.64,17081.89
20151014,18.7,19.17,18.6,18.8,18.7,18.7,18.79,46710.44,16924.75
20151015,18.86,19.05,18.43,18.78,18.97,18.97,19.05,47161.15,17141.75
20151016,18.86,18.86,18.2,18.49,18.42,18.42,18.75,47236.1,17215.97
20151019,18.41,18.55,17.71,18.0,17.8,17.77,17.88,47447.31,17230.54
20151020,17.9,17.97,17.35,17.55,17.61,17.52,17.61,47076.55,17217.11
20151021,17.6,18.28,17.59,17.97,18.09,18.03,18.09,47025.87,17168.61
20151022,18.2,19.0,18.17,18.57,18.51,18.42,18.51,47772.14,17489.16
20151023,19.25,19.33,18.35,18.88,18.6,18.6,18.61,47596.59,17646.7
20151026,18.55,18.65,17.83,18.02,17.86,17.86,17.88,47209.32,17623.05
20151027,17.81,17.91,16.95,17.24,17.03,17.02,17.03,47042.95,17581.43
20151028,16.86,16.92,16.4,16.63,16.57,16.5,16.57,46740.85,17779.52
20151029,16.21,16.5,16.14,16.29,16.14,16.13,16.15,45628.35,17755.8
20151030,16.31,17.06,16.3,16.73,17.06,17.0,17.06,45868.82,17663.54
20151103,17.25,17.75,16.84,17.45,17.75,17.64,17.75,48053.67,17918.15
20151104,18.17,18.35,17.07,17.71,17.4,17.31,17.4,47710.1,17867.58
20151105,17.41,17.41,16.64,16.91,16.95,16.93,16.95,48046.76,17863.43
20151106,16.16,16.36,15.59,15.88,15.67,15.67,15.68,46918.52,17910.33
20151109,15.64,15.84,15.36,15.53,15.44,15.43,15.44,46194.92,17730.48
20151110,15.35,15.43,15.13,15.3,15.38,15.33,15.38,46206.57,17758.21
20151111,15.51,15.84,15.06,15.34,15.32,15.27,15.32,47065.01,17702.22
20151112,15.15,15.32,15.0,15.15,15.05,15.05,15.12,46883.58,17448.07
20151113,15.09,15.39,15.0,15.24,15.37,15.29,15.37,46517.04,17245.24
20151116,15.38,15.53,14.99,15.16,15.05,15.05,15.09,46846.87,17483.01
20151117,15.1,15.1,14.49,14.64,14.52,14.52,14.55,47247.8,17489.5
20151118,14.45,14.94,14.35,14.71,14.59,14.53,14.59,47435.58,17737.16
20151119,14.88,15.0,14.5,14.7,14.64,14.64,14.65,48138.89,17732.75
20151123,14.34,14.48,14.06,14.19,14.25,14.18,14.25,48150.27,17792.68
20151124,14.11,14.64,13.88,14.33,14.47,14.46,14.47,48284.19,17812.19
20151125,14.22,14.51,14.06,14.25,14.06,14.06,14.1,46866.63,17813.39
20151127,14.08,14.08,13.3,13.62,13.3,13.29,13.3,45872.92,17798.49
20151130,13.04,13.39,12.6,13.11,13.17,13.15,13.17,45120.36,17719.92
20151201,13.0,13.32,12.59,12.9,12.84,12.82,12.84,45046.75,17888.35
20151202,12.84,13.03,12.25,12.68,12.94,12.94,12.96,44914.53,17729.68
20151203,12.85,13.2,12.74,12.98,12.87,12.87,12.94,46393.26,17477.67
20151204,12.84,12.9,12.16,12.36,12.35,12.34,12.38,45360.76,17847.63
20151207,12.35,12.45,12.06,12.26,12.21,12.21,12.23,45222.7,17730.51
20151208,11.94,11.94,11.25,11.61,11.65,11.65,11.7,44443.26,17568.0
20151209,11.95,12.42,11.79,12.15,12.08,12.08,12.1,46108.03,17492.3
20151210,12.1,12.68,12.05,12.47,12.67,12.65,12.67,45630.71,17574.75
20151211,12.19,12.42,11.91,12.2,12.21,12.21,12.27,45262.72,17265.21
20151214,12.18,12.55,12.18,12.38,12.46,12.46,12.48,44747.31,17368.5
20151215,12.6,13.12,12.6,12.95,12.88,12.88,12.94,44872.47,17524.91
20151216,12.71,13.47,12.71,13.2,13.25,13.25,13.28,45015.85,17749.09
20151217,13.5,13.6,12.74,13.03,12.74,12.74,12.8,45261.48,17495.84
20151218,12.32,12.96,12.32,12.83,12.89,12.85,12.89,43910.6,17128.55
20151221,13.1,13.36,12.29,12.63,12.29,12.29,12.42,43199.95,17251.62
20151222,12.38,12.63,12.24,12.47,12.55,12.55,12.62,43469.52,17417.27
20151223,13.12,13.57,12.92,13.32,13.22,13.22,13.24,44014.93,17602.61
20151228,13.0,13.17,12.56,12.73,12.64,12.64,12.65,43764.34,17528.27
20151229,12.61,12.81,12.3,12.7,12.72,12.72,12.74,43653.97,17720.98
20151230,12.88,13.14,12.63,13.0,13.03,12.98,13.03,43349.96,17603.87
20160104,12.49,12.98,12.48,12.74,12.69,12.67,12.69,42141.04,17148.94
20160105,12.67,12.84,12.41,12.58,12.52,12.5,12.52,42419.32,17158.66
20160106,12.08,12.11,11.59,11.86,11.6,11.59,11.6,41773.14,16906.51
20160107,11.26,11.37,10.88,11.05,10.91,10.91,10.96,40694.72,16514.1
20160108,11.07,11.25,10.54,10.82,10.54,10.54,10.57,40612.21,16346.45
20160111,10.5,10.76,10.14,10.34,10.24,10.23,10.24,39950.49,16398.57
20160112,10.46,10.46,9.38,9.64,9.41,9.41,9.45,39513.83,16516.22
20160113,9.61,9.85,8.8,9.19,9.0,9.0,9.07,38944.44,16151.41
20160114,9.15,9.73,8.94,9.45,9.65,9.64,9.65,39500.11,16379.05
20160115,9.17,9.51,8.99,9.26,9.37,9.37,9.38,38569.13,15988.08
20160119,9.51,9.62,9.18,9.39,9.18,9.16,9.2,38057.01,16016.02
20160120,8.97,9.31,8.71,9.08,9.21,9.21,9.25,37645.48,15766.74
20160121,9.21,9.8,9.14,9.49,9.14,9.14,9.26,37717.11,15882.68
20160122,9.45,9.75,8.98,9.31,9.03,9.03,9.14,38031.22,16093.51
20160126,8.79,9.06,8.63,8.84,8.95,8.95,8.99,37497.48,16167.23
20160127,8.95,9.63,8.86,9.27,9.41,9.41,9.45,38376.37,15944.46
20160128,9.41,9.91,9.19,9.38,9.33,9.33,9.35,38630.19,16069.64
20160129,9.32,9.82,9.04,9.54,9.72,9.71,9.79,40405.99,16466.3
20160201,9.63,9.74,9.35,9.51,9.5,9.5,9.57,40570.04,16449.18
20160202,9.19,9.31,8.6,8.94,8.6,8.6,8.68,38596.17,16153.54
20160203,8.75,9.18,8.7,8.94,9.01,9.0,9.06,39588.82,16336.66
20160204,9.58,10.6,9.36,10.14,10.34,10.34,10.35,40821.74,16416.58
20160205,10.29,10.79,10.13,10.44,10.23,10.23,10.25,40592.09,16204.97
20160210,10.0,10.42,9.85,10.19,10.2,10.2,10.29,40376.58,15914.74
20160211,9.95,10.06,9.61,9.83,9.87,9.87,9.95,39318.3,15660.18
20160212,10.05,10.47,10.05,10.28,10.25,10.25,10.3,39808.05,15973.84
20160216,10.52,11.38,10.52,11.05,11.29,11.29,11.35,40947.7,16196.41
20160217,11.69,12.7,11.51,12.11,11.91,11.91,11.98,41630.82,16453.83
20160218,11.92,12.17,11.49,11.67,11.51,11.51,11.59,41477.63,16413.43
20160219,11.41,12.11,11.37,11.79,11.83,11.83,11.92,41543.4,16391.99
20160222,12.5,13.17,12.43,12.94,13.14,13.1,13.14,43234.85,16620.66
20160223,12.98,13.44,12.32,12.57,12.38,12.38,12.42,42520.94,16431.78
20160224,11.77,11.95,11.49,11.71,11.71,11.71,11.95,42084.56,16484.99
20160225,11.17,11.62,10.91,11.16,11.02,11.02,11.09,41887.9,16697.29
20160226,11.39,11.54,10.89,11.17,11.0,10.96,11.0,41593.08,16639.97
20160229,11.23,12.02,11.19,11.72,11.81,11.81,11.87,42793.86,16516.5
20160301,12.2,12.96,12.14,12.65,12.81,12.81,12.85,44121.79,16865.08
20160302,12.81,14.22,12.74,13.51,14.22,14.11,14.22,44893.48,16899.32
20160303,14.48,16.09,13.92,14.98,15.62,15.62,15.68,47193.39,16943.9
20160304,16.72,18.33,16.03,17.18,16.55,16.55,16.7,49084.87,17006.77
20160307,17.75,18.6,16.68,17.87,17.58,17.58,17.64,49246.1,17073.95
20160308,16.81,17.09,15.03,15.6,15.03,15.03,15.1,49102.14,16964.1
20160309,15.33,15.53,14.04,14.66,14.5,14.5,14.55,48665.09,17000.36
20160310,15.0,15.0,13.28,14.01,14.0,13.99,14.0,49571.11,16995.13
20160311,14.07,14.65,13.74,14.12,13.87,13.86,13.87,49638.68,17213.31
20160314,13.9,14.15,13.28,13.69,13.44,13.44,13.5,48867.33,17229.13
20160315,12.99,13.51,12.81,13.2,13.48,13.37,13.48,47130.02,17251.53
20160316,13.52,14.87,13.41,14.15,14.82,14.79,14.82,47763.43,17325.76
20160317,15.62,16.01,14.78,15.57,15.5,15.49,15.5,50913.79,17481.49
20160318,15.89,16.1,14.94,15.34,15.33,15.17,15.33,50814.66,17602.3
20160321,15.49,15.88,14.87,15.25,15.15,15.15,15.2,51171.55,17623.87
20160322,14.99,15.6,14.95,15.38,15.43,15.42,15.43,51010.19,17582.57
20160323,15.29,15.37,14.05,14.44,14.12,14.12,14.15,49690.05,17502.59
20160324,13.99,15.21,13.68,14.63,15.05,15.05,15.12,49657.39,17515.73
20160328,15.72,15.72,14.78,15.25,15.17,15.17,15.23,50838.23,17535.39
20160329,15.1,15.4,14.44,15.03,15.09,15.05,15.09,51154.99,17633.11
20160330,15.38,16.36,15.32,15.81,15.54,15.51,15.54,51248.92,17716.66
20160331,15.2,15.56,14.85,15.11,15.15,15.13,15.16,50055.27,17685.09
20160401,14.89,15.92,14.65,15.54,15.51,15.51,15.55,50561.53,17792.75
20160404,15.61,15.91,14.75,15.15,14.79,14.79,14.84,48779.99,17737.0
20160405,14.5,15.52,14.46,15.16,15.29,15.27,15.31,49053.62,17603.32
20160406,15.08,15.49,14.91,15.18,15.07,15.04,15.07,48096.24,17716.05
20160407,15.42,15.47,14.85,15.05,15.01,14.99,15.01,48513.1,17541.96
20160408,15.5,16.34,15.36,16.05,16.24,16.15,16.24,50292.93,17576.96
20160411,16.46,17.34,16.45,16.93,16.97,16.96,16.97,50165.47,17556.41
20160412,17.5,19.1,17.38,18.38,18.74,18.74,18.77,52001.86,17721.25
20160413,19.76,20.59,19.3,19.92,19.57,19.57,19.77,53149.84,17908.28
20160414,19.91,20.04,18.02,18.48,18.2,18.19,18.2,52411.02,17926.43
20160415,18.4,18.95,17.76,18.55,18.6,18.6,18.62,53227.74,17897.46
20160418,18.7,19.47,18.56,19.04,19.05,19.01,19.05,52894.08,18004.16
20160419,19.75,20.91,19.62,20.3,20.46,20.46,20.5,53710.05,18053.6
20160420,20.57,22.19,20.53,21.41,21.76,21.65,21.76,53630.93,18096.27
20160422,20.01,20.57,19.19,19.83,19.33,19.33,19.39,52907.88,18003.75
20160425,19.2,19.2,18.02,18.25,18.06,18.06,18.1,51861.71,17977.24
20160426,18.12,19.01,17.35,18.33,18.69,18.69,18.7,53082.5,17990.32
20160427,18.71,19.63,18.18,18.99,19.45,19.42,19.45,54477.78,18041.55
20160428,20.47,20.88,19.45,20.27,19.79,19.76,19.79,54311.97,17830.76
20160429,20.26,20.93,19.69,20.03,19.69,19.69,19.75,53910.51,17773.64
20160502,20.14,20.31,19.1,19.8,19.87,19.84,19.87,53561.53,17891.16
20160503,19.14,19.4,18.46,18.74,18.66,18.65,18.66,52260.19,17750.91
20160504,17.6,18.17,17.2,17.5,17.4,17.39,17.4,52552.8,17651.26
20160505,17.8,17.83,16.3,16.94,16.66,16.66,16.68,51671.04,17660.71
20160506,16.37,17.43,16.17,16.95,16.88,16.88,16.9,51717.83,17740.63
20160509,16.1,16.34,15.05,15.4,15.23,15.23,15.25,50990.06,17705.91
20160510,15.6,15.96,15.13,15.59,15.87,15.84,15.87,53070.91,17928.35
20160511,16.23,16.45,15.58,16.09,15.94,15.94,15.99,52764.46,17711.12
20160512,16.06,16.25,15.22,15.62,15.44,15.44,15.51,53241.31,17720.5
20160513,15.41,15.88,14.6,15.07,14.68,14.68,14.74,51804.31,17535.32
20160516,14.6,15.66,14.6,15.11,14.93,14.76,14.93,51802.92,17710.71
20160517,15.18,15.74,14.61,15.24,15.13,15.13,15.24,50839.44,17529.98
20160518,14.82,15.31,14.69,14.95,14.71,14.7,14.71,50561.7,17526.62
20160519,14.34,14.92,14.07,14.58,14.89,14.85,14.89,50132.53,17435.4
20160520,15.25,15.39,13.95,14.42,14.13,14.13,14.15,49722.75,17500.94
20160523,13.66,14.68,13.66,14.35,14.44,14.42,14.44,49330.42,17492.93
20160524,14.61,14.79,13.95,14.17,14.02,14.02,14.05,49345.19,17706.05
20160525,14.1,14.72,13.99,14.52,14.62,14.62,14.64,49482.86,17851.51
20160527,14.7,14.91,14.29,14.52,14.29,14.28,14.29,49051.49,17873.22
20160531,14.07,14.93,13.94,14.38,14.22,14.22,14.28,48471.71,17787.2
20160601,14.09,14.5,13.8,14.22,14.43,14.42,14.43,49012.65,17789.67
20160602,14.37,14.95,14.21,14.76,14.95,14.85,14.95,49887.24,17838.56
20160603,15.26,16.32,15.11,15.87,16.24,16.21,16.24,50619.5,17807.06
20160606,16.61,16.93,16.25,16.64,16.89,16.89,16.9,50431.8,17920.33
20160607,16.84,17.35,16.48,16.8,16.57,16.57,16.61,50487.86,17938.28
20160608,16.78,17.16,16.58,16.92,17.0,16.96,17.0,51629.29,18005.05
20160609,16.8,16.8,15.49,15.83,15.7,15.7,15.72,51118.46,17985.19
20160610,15.14,15.32,14.82,15.11,14.95,14.94,14.95,49422.16,17865.34
20160613,14.66,15.49,14.5,15.19,15.2,15.2,15.23,49660.79,17732.48
20160614,15.11,15.39,14.42,14.76,14.63,14.62,14.63,48648.29,17674.82
20160615,14.8,15.51,14.76,15.15,15.0,14.94,15.0,48914.74,17640.17
20160616,14.79,15.4,14.64,15.05,15.23,15.12,15.23,49411.62,17733.1
20160617,15.64,15.93,15.08,15.37,15.28,15.16,15.28,49533.84,17675.16
20160620,15.77,16.0,15.51,15.78,15.57,15.52,15.57,50329.36,17804.87
20160621,15.62,15.67,15.11,15.41,15.6,15.59,15.6,50837.8,17829.73
20160622,15.81,16.24,15.8,16.03,15.85,15.85,15.9,50156.3,17780.83
20160623,16.26,16.64,15.95,16.35,16.59,16.55,16.59,51559.82,18011.07
20160624,15.48,15.83,15.1,15.38,15.21,15.2,15.21,50105.26,17400.75
20160627,15.31,15.45,14.61,14.93,14.8,14.7,14.8,49245.53,17140.24
20160628,15.2,15.69,15.17,15.48,15.46,15.46,15.5,50006.56,17409.72
20160629,15.88,16.04,15.65,15.84,15.71,15.71,15.77,51001.91,17694.68
20160630,15.89,16.34,15.72,16.1,16.27,16.25,16.27,51526.93,17929.99
20160701,16.31,16.82,15.96,16.49,16.62,16.62,16.68,52233.04,17949.37
20160705,16.61,17.03,15.94,16.25,16.06,16.06,16.08,51842.27,17840.62
20160706,15.84,16.33,15.51,15.96,16.29,16.23,16.29,51901.81,17918.62
20160707,16.35,16.74,15.73,16.11,16.02,16.0,16.02,52014.66,17895.88
20160708,16.26,16.65,16.12,16.28,16.19,16.19,16.22,53140.74,18146.74
20160711,16.55,16.95,16.47,16.79,16.86,16.86,16.89,53960.11,18226.93
20160712,17.44,17.92,17.37,17.69,17.69,17.66,17.69,54256.41,18347.67
20160713,17.75,17.92,17.07,17.59,17.82,17.81,17.82,54598.28,18372.12
20160714,18.1,18.1,17.05,17.38,17.35,17.33,17.36,55480.87,18506.41
20160715,17.36,17.67,17.13,17.39,17.34,17.34,17.4,55578.24,18516.55
20160718,17.35,17.6,17.03,17.37,17.58,17.57,17.58,56484.22,18533.05
20160719,17.24,17.33,16.51,16.76,16.84,16.83,16.84,56698.06,18559.01
20160720,16.83,17.03,16.4,16.63,16.51,16.5,16.51,56578.05,18595.03
20160721,16.89,17.54,16.84,17.26,17.4,17.32,17.4,56641.49,18517.23
20160722,17.28,17.36,16.75,17.02,17.15,17.08,17.15,57002.08,18570.85
20160725,17.34,17.45,16.94,17.29,17.42,17.36,17.42,56872.73,18493.06
20160726,17.46,18.6,17.39,18.17,18.42,18.42,18.46,56782.75,18473.75
20160727,18.6,19.09,18.6,18.86,18.92,18.8,18.92,56852.84,18472.17
20160728,19.06,19.2,18.38,18.89,19.04,19.04,19.05,56667.12,18456.35
20160729,18.9,18.9,18.11,18.42,18.5,18.5,18.56,57308.21,18432.24
20160801,18.8,19.08,17.9,18.37,17.9,17.9,17.91,56755.76,18404.51
20160802,18.01,18.48,17.65,18.0,17.99,17.98,17.99,56162.38,18313.77
20160803,17.91,18.92,17.65,18.42,18.82,18.73,18.82,57076.91,18355.0
20160804,18.58,19.09,18.37,18.79,18.76,18.76,18.8,57593.9,18352.05
20160805,19.11,19.22,18.73,19.01,18.97,18.97,19.0,57661.14,18543.53
20160808,19.05,19.38,18.76,19.08,18.98,18.92,18.98,57635.43,18529.29
20160809,19.05,19.39,18.91,19.1,18.99,18.99,19.1,57689.42,18533.05
20160810,19.19,19.22,18.09,18.32,18.09,18.09,18.18,56919.78,18495.66
20160811,18.15,18.44,17.9,18.24,18.41,18.4,18.41,58299.57,18613.52
20160812,18.34,18.38,17.77,18.01,17.96,17.96,17.97,58298.41,18576.47
20160815,18.08,18.49,18.01,18.35,18.43,18.43,18.48,59145.98,18636.05
20160816,18.58,19.25,18.55,19.01,18.98,18.97,18.98,58855.43,18552.02
20160817,18.8,19.18,18.42,18.86,19.12,19.1,19.12,59323.83,18573.94
20160818,19.14,19.34,18.67,18.94,18.92,18.92,19.0,59166.02,18597.7
20160819,18.9,19.29,18.68,19.04,19.08,19.0,19.08,59098.92,18552.57
20160822,18.94,18.94,18.28,18.53,18.38,18.38,18.45,57781.24,18529.42
20160823,18.75,19.2,18.7,18.97,18.75,18.75,18.81,58020.03,18547.3
20160824,18.6,18.8,18.02,18.43,18.15,18.1,18.15,57717.88,18481.48
20160825,18.2,18.54,18.09,18.25,18.18,18.18,18.22,57722.14,18448.41
20160826,18.31,18.6,17.55,18.09,17.71,17.7,17.71,57716.25,18395.4
20160829,17.85,18.3,17.75,18.09,18.1,18.1,18.11,58610.39,18502.99
20160830,18.11,18.19,17.61,17.85,17.65,17.65,17.7,58575.42,18454.3
20160831,17.65,17.7,16.84,17.13,16.94,16.94,16.97,57901.11,18400.88
20160901,17.05,17.53,17.02,17.35,17.44,17.44,17.46,58236.27,18419.3
20160902,17.7,18.37,17.65,18.06,18.24,18.23,18.24,59616.4,18491.96
20160906,17.99,18.32,17.69,18.04,18.27,18.2,18.27,60129.44,18538.12
20160908,18.01,18.17,17.66,17.78,17.79,17.79,17.8,60231.65,18479.91
20160909,17.66,17.71,16.86,17.16,16.86,16.86,16.94,57999.73,18085.45
20160912,16.84,17.55,16.58,17.28,17.49,17.46,17.49,58586.11,18325.07
20160913,17.08,17.14,16.16,16.49,16.27,16.27,16.3,56820.77,18066.75
20160914,16.5,16.86,16.36,16.68,16.64,16.64,16.7,57059.46,18034.77
20160915,16.78,17.0,16.45,16.76,16.64,16.63,16.64,57909.49,18212.48
20160916,16.58,16.6,16.22,16.42,16.41,16.4,16.41,57079.76,18123.8
20160919,16.75,16.92,16.49,16.72,16.66,16.65,16.66,57350.38,18120.17
20160920,16.72,16.8,16.38,16.56,16.7,16.65,16.7,57736.46,18129.96
20160921,17.21,17.65,17.1,17.34,17.65,17.6,17.65,58393.92,18293.7
20160922,17.86,17.96,17.32,17.58,17.55,17.47,17.55,58994.17,18392.46
20160923,17.47,17.84,17.31,17.61,17.65,17.6,17.65,58697.0,18261.45
20160926,17.39,17.68,17.38,17.51,17.44,17.43,17.44,58053.53,18094.83
20160927,17.35,17.63,17.1,17.42,17.6,17.5,17.6,58382.49,18228.3
20160928,17.68,18.22,17.65,18.0,18.19,18.19,18.2,59355.77,18339.24
20160929,18.21,18.42,17.87,18.14,17.99,17.98,17.99,58350.57,18143.45
20160930,18.02,18.08,17.66,17.88,17.81,17.81,17.83,58367.05,18308.15
20161003,17.85,18.27,17.75,18.08,18.1,18.1,18.2,59461.23,18253.85
20161004,18.2,18.3,17.56,17.86,17.65,17.65,17.66,59339.23,18168.45
20161005,17.88,18.01,17.71,17.86,17.86,17.8,17.86,60254.34,18281.03
20161006,17.84,17.95,17.7,17.8,17.8,17.77,17.8,60644.24,18268.5
20161007,17.97,18.28,17.72,18.02,18.0,18.0,18.02,61108.98,18240.49
20161010,18.24,19.09,18.16,18.78,19.05,19.0,19.05,61668.33,18329.04
20161011,18.88,19.1,18.4,18.61,18.6,18.59,18.6,61021.85,18128.66
20161013,18.25,18.25,17.7,17.87,17.75,17.75,17.76,61118.58,18098.94
20161014,18.1,18.33,17.97,18.1,18.02,18.01,18.02,61767.22,18138.38
20161017,18.09,18.45,17.98,18.25,18.24,18.21,18.24,62696.11,18086.4
20161018,18.5,18.88,18.34,18.63,18.77,18.72,18.77,63782.21,18161.94
20161019,18.76,18.92,18.51,18.7,18.62,18.62,18.69,63505.61,18202.62
20161020,18.67,19.17,18.65,18.93,19.1,19.1,19.11,63837.85,18162.35
20161021,19.15,20.2,18.88,19.76,19.91,19.9,19.91,64108.08,18145.71
20161024,20.3,20.61,20.02,20.31,20.3,20.3,20.35,64059.89,18223.03
20161025,20.83,21.35,20.62,21.07,21.35,21.3,21.35,63866.2,18169.27
20161026,21.1,21.86,20.82,21.37,21.77,21.77,21.8,63825.69,18199.33
20161027,22.1,22.31,21.66,22.02,22.0,21.99,22.0,64249.5,18169.68
20161028,21.85,22.47,21.83,22.2,22.14,22.05,22.14,64307.63,18161.19
20161031,22.15,22.34,21.66,21.99,22.08,22.07,22.08,64924.52,18142.42
20161101,22.37,22.65,21.57,22.09,22.3,22.23,22.3,63326.42,18037.1
20161103,22.05,22.66,21.88,22.23,21.96,21.9,21.96,61750.17,17930.67
20161104,21.81,22.12,21.44,21.7,21.61,21.61,21.63,61598.39,17888.28
20161107,22.39,23.21,22.2,22.81,23.13,23.13,23.2,64051.65,18259.6
20161108,23.01,24.3,22.98,23.69,23.97,23.93,23.97,64157.68,18332.74
20161109,23.6,25.89,23.32,24.95,25.0,25.0,25.1,63258.27,18589.69
20161110,25.96,27.41,25.8,26.65,26.87,26.86,26.87,61200.96,18807.88
20161111,27.69,28.01,25.8,26.62,25.98,25.89,25.98,59183.51,18847.66
20161114,25.82,26.74,25.56,26.24,26.46,26.46,26.48,59657.46,18868.69
20161116,25.09,25.32,24.17,24.78,25.15,25.07,25.15,60759.32,18868.14
20161117,25.49,25.6,24.74,25.15,24.74,24.74,24.89,59770.47,18903.82
20161118,24.6,24.87,23.72,24.19,24.57,24.57,24.61,59961.76,18867.93
20161121,24.75,25.9,24.65,25.45,25.83,25.83,25.85,61070.27,18956.69
20161122,27.07,27.88,26.9,27.44,27.77,27.73,27.77,61954.47,19023.87
20161123,27.75,28.37,27.34,28.06,28.17,28.14,28.19,61985.91,19083.18
20161125,27.53,28.9,27.51,28.44,28.9,28.81,28.9,61559.08,19152.14
20161128,29.0,31.01,28.59,29.99,31.01,31.0,31.02,62855.5,19097.9
20161129,30.43,30.45,28.86,29.55,29.18,29.15,29.18,60986.52,19121.6
20161130,28.98,29.55,27.92,28.43,28.06,28.06,28.75,61906.36,19123.58
20161201,29.07,30.25,27.91,29.26,28.47,28.47,28.52,59506.54,19191.93
20161202,27.81,29.49,27.45,28.71,29.49,29.43,29.49,60316.13,19170.42
20161205,29.77,30.15,29.21,29.71,29.6,29.6,29.73,59831.73,19216.24
20161206,29.32,30.0,29.13,29.65,30.0,29.8,30.0,61088.25,19251.78
20161207,30.88,31.48,30.43,30.94,31.03,31.03,31.1,61414.4,19549.62
20161208,31.3,31.65,30.0,30.62,30.13,30.03,30.13,60676.57,19614.81
20161209,30.28,30.4,29.46,29.89,29.61,29.61,29.69,60500.62,19756.85
20161212,29.79,30.05,29.19,29.55,29.49,29.37,29.49,59178.61,19796.43
20161213,28.95,29.51,28.06,28.54,28.33,28.31,28.33,59280.57,19911.21
20161214,28.15,28.67,27.5,28.1,27.88,27.88,28.0,58212.12,19792.53
20161215,27.8,28.63,27.34,28.03,28.23,27.87,28.0,58396.16,19852.24
20161216,28.28,28.59,27.75,27.95,27.75,27.75,27.83,58389.04,19843.41
20161219,27.7,27.94,25.99,26.7,26.05,26.05,26.1,57110.99,19883.06
20161220,26.21,26.64,25.92,26.36,26.58,26.57,26.58,57582.89,19974.62
20161221,26.71,26.94,26.22,26.47,26.48,26.48,26.49,57646.52,19941.96
20161222,25.9,26.03,25.21,25.57,25.38,25.36,25.38,57255.22,19918.88
20161223,25.46,25.72,25.18,25.33,25.19,25.19,25.25,57937.11,19933.81
20161227,26.23,26.39,25.83,26.02,25.86,25.86,25.92,58696.69,19945.04
20161228,26.21,26.92,26.21,26.69,26.68,26.68,26.75,59781.63,19833.68
20161229,26.68,26.85,25.5,25.86,25.68,25.68,25.69,60227.29,19819.78
20170103,25.51,26.17,25.4,25.85,26.17,26.03,26.17,61813.83,19881.76
20170104,26.06,26.23,25.36,25.73,25.7,25.7,25.71,61589.06,19942.16
20170105,25.98,26.9,25.78,26.56,26.68,26.68,26.69,62070.98,19899.29
20170106,26.29,26.59,25.86,26.06,25.97,25.93,25.97,61665.37,19963.8
20170109,26.3,26.85,26.27,26.64,26.5,26.5,26.67,61700.29,19887.38
20170110,27.42,28.54,27.42,28.05,28.54,28.5,28.54,62131.8,19855.53
20170111,28.81,29.19,28.33,28.86,29.13,29.13,29.14,62446.26,19954.28
20170112,30.08,30.42,29.71,30.05,30.07,30.07,30.09,63953.93,19891.0
20170113,29.89,31.2,29.7,30.78,30.99,30.99,31.03,63651.52,19885.73
20170117,31.23,31.3,30.49,30.84,30.57,30.57,30.64,64354.34,19826.77
20170118,30.35,32.69,30.35,31.71,32.11,32.1,32.11,64149.58,19804.72
20170119,32.0,32.02,31.03,31.47,31.47,31.46,31.47,63950.86,19732.4
20170120,30.99,32.43,30.95,31.67,32.1,32.1,32.22,64521.18,19827.25
20170123,32.21,33.48,32.19,32.99,33.31,33.28,33.31,65748.63,19799.85
20170124,34.07,34.72,33.27,34.08,34.13,34.07,34.14,65840.09,19912.71
20170126,34.42,34.63,33.6,33.99,33.6,33.6,33.63,66190.62,20100.91
20170127,33.48,34.2,33.41,33.73,33.7,33.7,33.72,66033.99,20093.78
20170130,33.22,33.49,32.14,32.53,32.25,32.21,32.25,64301.73,19971.13
20170131,32.7,32.95,32.11,32.32,32.18,32.18,32.21,64670.78,19864.09
20170201,32.7,33.51,32.68,32.97,32.89,32.88,32.89,64836.13,19890.94
20170202,32.41,33.44,32.41,32.83,32.66,32.64,32.66,64578.22,19884.91
20170203,32.0,32.0,30.39,31.03,30.61,30.6,30.62,64953.93,20071.46
20170206,30.66,30.77,29.87,30.25,29.92,29.92,29.94,63992.93,20052.42
20170207,30.64,31.33,30.08,30.61,30.24,30.2,30.24,64198.9,20090.29
20170208,30.79,30.82,30.04,30.35,30.59,30.47,30.59,64835.4,20054.34
20170209,30.52,31.35,30.26,30.96,31.08,31.08,31.1,64964.89,20172.4
20170210,32.16,32.8,32.1,32.52,32.8,32.79,32.8,66124.53,20269.37
20170213,34.21,35.85,34.02,35.11,35.81,35.78,35.81,66967.64,20412.16
20170214,35.53,35.56,34.03,34.71,34.4,34.4,34.6,66712.88,20504.41
20170215,34.7,34.75,33.69,34.13,33.82,33.76,33.82,67975.58,20611.86
20170216,33.78,34.44,33.62,34.06,33.77,33.75,33.77,67814.24,20619.77
20170217,33.61,34.3,33.39,34.01,34.07,34.07,34.11,67748.42,20624.05
20170221,36.84,37.28,35.28,35.84,35.54,35.53,35.54,69052.03,20743.0
20170222,35.33,35.33,34.03,34.42,34.69,34.67,34.69,68589.54,20775.6
20170223,35.19,35.25,32.8,33.57,33.17,33.16,33.17,67461.39,20810.32
20170224,32.15,33.91,32.0,32.91,32.72,32.72,32.75,66662.1,20821.76
20170301,33.05,33.38,32.85,33.18,33.17,33.16,33.17,66988.88,21115.55
20170302,33.3,33.6,31.35,31.87,31.46,31.45,31.46,65854.93,21002.97
20170303,31.89,32.29,31.36,31.71,31.82,31.76,31.82,66785.53,21005.71
20170306,31.4,31.61,30.68,31.07,31.1,31.1,31.19,66341.37,20954.34
20170307,31.19,31.87,30.8,31.13,30.92,30.9,30.92,65742.32,20924.76
20170308,31.22,31.35,29.83,30.38,30.12,30.04,30.12,64718.02,20855.73
20170309,29.45,30.58,29.07,29.91,30.18,30.18,30.2,64585.24,20858.19
20170310,30.66,31.02,29.65,30.12,29.65,29.65,29.72,64675.46,20902.98
20170313,30.74,31.38,30.7,31.03,31.01,31.01,31.03,65534.3,20881.48
20170314,30.75,31.5,30.29,31.02,31.17,31.17,31.19,64699.46,20837.37
20170315,31.91,33.32,31.57,32.63,33.32,33.27,33.32,66234.87,20950.1
20170316,33.62,33.84,32.28,32.65,32.53,32.46,32.53,65782.85,20934.55
20170317,32.69,32.77,31.3,31.53,31.3,31.3,31.46,64209.94,20914.62
20170320,31.15,31.89,30.9,31.48,31.63,31.54,31.63,64884.27,20905.86
20170321,30.89,30.97,28.95,29.59,29.04,29.04,29.06,62980.37,20668.01
20170322,28.45,30.08,28.29,29.36,29.4,29.4,29.49,63521.33,20661.3
20170323,29.04,29.63,28.43,29.07,29.24,29.16,29.24,63530.79,20656.58
20170324,29.5,29.51,28.55,28.92,29.0,28.9,29.0,63853.77,20596.72
20170327,27.99,29.62,27.25,28.61,29.39,29.38,29.39,64308.39,20550.98
20170328,29.67,30.0,29.36,29.73,29.81,29.81,29.82,64640.45,20701.5
20170329,30.08,30.52,29.55,30.18,30.11,30.11,30.12,65528.29,20659.32
20170330,30.0,30.39,29.75,30.14,30.1,30.1,30.13,65265.98,20728.49
20170331,29.53,30.35,29.29,29.95,29.79,29.79,29.86,64984.07,20663.22
20170403,29.81,30.0,29.09,29.4,29.51,29.5,29.51,65211.48,20650.21
20170404,29.56,30.71,29.3,30.3,30.65,30.6,30.65,65768.91,20689.24
20170405,31.0,31.48,29.27,30.27,29.45,29.45,29.46,64774.76,20648.15
20170406,29.73,29.89,28.65,29.07,28.91,28.83,28.91,64222.72,20662.95
20170407,28.2,29.54,27.93,28.84,29.15,29.11,29.15,64593.1,20656.1
20170410,29.14,29.27,28.38,28.81,29.03,28.9,29.03,64649.81,20658.02
20170411,29.08,29.29,27.82,28.52,28.66,28.66,28.71,64359.79,20651.3
20170412,27.6,28.0,27.28,27.52,27.42,27.4,27.42,63891.68,20591.86
20170413,27.38,27.9,27.28,27.55,27.42,27.42,27.51,62826.28,20453.25
20170417,27.25,27.47,26.68,27.11,27.43,27.43,27.44,64334.93,20636.92
20170418,26.55,26.76,26.15,26.5,26.61,26.61,26.65,64158.84,20523.28
20170419,26.9,27.44,26.54,27.03,26.67,26.67,26.71,63406.97,20404.49
20170420,27.29,28.1,27.12,27.74,28.05,28.04,28.05,63760.62,20578.71
20170424,27.95,27.96,27.09,27.41,27.45,27.44,27.45,64389.01,20763.89
20170425,27.32,28.35,27.12,27.98,28.35,28.32,28.35,65148.35,20996.12
20170426,28.29,28.59,27.73,28.12,27.73,27.73,27.79,64861.92,20975.09
20170427,27.89,28.16,26.42,26.88,26.83,26.8,26.84,64676.55,20981.33
20170428,27.14,27.71,27.07,27.43,27.47,27.33,27.47,65403.25,20940.51
20170502,27.7,28.18,27.6,27.92,28.06,27.89,28.07,66721.75,20949.89
20170503,27.6,27.71,26.31,26.75,26.32,26.3,26.32,66093.78,20957.9
20170504,25.95,25.95,25.06,25.31,25.35,25.35,25.36,64862.61,20951.47
20170505,25.2,26.4,25.2,25.99,26.05,26.04,26.07,65709.74,21006.94
20170508,26.0,26.15,25.43,25.84,26.03,26.0,26.03,65526.04,21012.28
20170509,26.4,26.82,26.18,26.52,26.5,26.48,26.5,66277.67,20975.78
20170510,26.88,27.05,26.18,26.61,26.56,26.5,26.56,67349.73,20943.11
20170511,26.62,26.71,26.18,26.36,26.32,26.31,26.32,67537.61,20919.42
20170512,26.68,26.7,25.74,26.07,25.91,25.91,25.92,68221.94,20896.61
20170515,26.07,26.65,25.92,26.26,26.65,26.61,26.65,68474.19,20981.94
20170516,26.82,27.42,26.68,27.06,27.26,27.25,27.26,68684.5,20979.75
20170517,27.33,27.48,26.63,26.91,26.84,26.84,26.85,67540.25,20606.93
20170518,25.0,27.4,25.0,26.8,26.86,26.86,26.87,61597.06,20663.02
20170519,27.15,27.97,27.0,27.46,27.25,27.24,27.28,62639.31,20804.84
20170522,27.25,28.17,26.92,27.69,27.92,27.8,27.93,61673.49,20894.83
20170523,27.75,28.36,27.16,28.05,28.26,28.23,28.26,62662.48,20937.91
20170524,28.13,28.13,27.27,27.54,27.52,27.51,27.52,63257.36,21012.42
20170525,27.51,27.94,27.15,27.55,27.7,27.7,27.76,63226.79,21082.95
20170526,27.49,27.92,27.33,27.76,27.86,27.74,27.86,64085.41,21080.28
20170530,28.15,28.9,27.92,28.61,28.6,28.6,28.63,63962.26,21029.47
20170531,28.2,28.27,26.87,27.2,27.17,27.05,27.17,62711.47,21008.65
20170601,27.15,27.37,26.49,26.79,26.67,26.65,26.7,62288.52,21144.18
20170602,26.9,26.99,26.39,26.66,26.78,26.76,26.78,62510.69,21206.29
20170605,26.35,26.65,26.22,26.44,26.49,26.49,26.54,62450.45,21184.04
20170606,26.31,27.16,26.31,26.86,26.58,26.57,26.69,62954.69,21136.23
20170607,26.9,27.04,26.33,26.5,26.45,26.43,26.45,63170.73,21173.69
20170608,26.35,27.28,26.32,26.89,27.02,27.02,27.17,62755.57,21182.53
20170609,27.16,27.54,26.93,27.32,27.3,27.3,27.34,62210.56,21271.97
20170612,27.39,27.51,26.53,26.95,26.84,26.84,26.9,61700.23,21235.67
20170613,26.65,26.89,26.15,26.37,26.37,26.32,26.37,61828.99,21328.47
20170614,26.64,26.73,25.81,26.19,26.1,26.02,26.1,61922.93,21374.56
20170616,25.81,26.01,25.4,25.61,25.56,25.56,25.64,61626.41,21384.28
20170619,25.99,26.89,25.9,26.49,26.39,26.38,26.39,62014.03,21528.99
20170620,26.12,26.14,25.52,25.76,25.71,25.71,25.8,60766.16,21467.14
20170621,25.9,26.78,25.8,26.41,26.47,26.47,26.51,60761.74,21410.03
20170622,26.45,27.51,26.32,27.15,27.02,27.01,27.02,61272.22,21397.29
20170623,27.02,27.49,26.77,27.28,27.24,27.24,27.34,61087.14,21394.76
20170626,27.34,27.67,27.3,27.51,27.47,27.47,27.5,62188.09,21409.55
20170627,28.35,28.95,27.89,28.46,27.92,27.92,28.0,61675.46,21310.66
20170628,28.51,28.88,28.34,28.62,28.79,28.79,28.8,62017.97,21454.61
20170629,29.12,29.37,28.51,28.96,28.9,28.85,28.9,62238.95,21287.03
20170630,28.95,29.19,28.66,28.94,29.0,29.0,29.04,62899.97,21349.63
20170703,29.26,29.71,29.1,29.53,29.65,29.61,29.66,63279.58,21479.27
20170705,29.63,29.85,28.72,29.04,28.93,28.93,28.94,63154.17,21478.17
20170706,28.84,28.98,28.44,28.72,28.92,28.92,28.93,62470.33,21320.04
20170707,29.12,29.38,28.43,28.81,28.89,28.88,28.89,62322.4,21414.34
20170710,28.9,29.75,28.62,29.4,29.71,29.65,29.71,63025.47,21408.52
20170711,29.83,30.09,29.64,29.93,30.04,30.01,30.04,63832.15,21409.07
20170712,30.2,30.29,29.47,29.82,29.9,29.9,29.97,64835.55,21532.14
20170713,30.11,30.24,29.02,29.35,29.18,29.18,29.19,65178.35,21553.09
20170714,29.45,29.71,29.3,29.55,29.52,29.52,29.55,65436.18,21637.74
20170717,29.85,30.27,29.64,29.93,29.72,29.72,29.76,65212.31,21629.72
20170718,29.9,30.04,29.52,29.75,29.9,29.83,29.9,65337.67,21574.73
20170719,30.01,30.17,29.73,29.93,29.9,29.86,29.9,65179.92,21640.75
20170720,29.83,29.83,28.65,28.93,28.72,28.7,28.72,64938.02,21611.78
20170721,28.7,29.04,28.32,28.63,28.5,28.5,28.52,64684.18,21580.07
20170724,28.62,29.16,28.5,28.99,29.13,29.12,29.13,65099.55,21513.17
20170725,29.56,30.65,29.56,30.33,30.61,30.57,30.61,65667.62,21613.43
20170726,30.9,30.9,29.65,30.07,29.66,29.66,29.7,65010.57,21711.01
20170727,29.66,30.21,29.27,29.78,29.7,29.7,29.72,65277.38,21796.55
20170728,29.53,30.35,29.33,30.06,30.34,30.3,30.34,65497.13,21830.31
20170731,31.5,31.52,31.04,31.3,31.3,31.29,31.32,65920.36,21891.12
20170801,31.25,31.25,30.7,30.96,31.06,31.01,31.06,66516.24,21963.92
20170802,30.7,31.27,30.54,31.0,31.11,31.11,31.12,67135.99,22016.24
20170803,31.14,31.23,30.64,30.82,30.68,30.68,30.7,66777.13,22026.1
20170804,30.96,31.49,30.74,31.2,31.23,31.23,31.29,66897.99,22092.81
20170807,31.6,32.43,31.59,32.18,32.42,32.33,32.42,67939.66,22118.42
20170808,32.09,32.62,31.56,32.05,32.05,32.05,32.16,67898.94,22085.34
20170809,32.0,32.25,31.7,31.88,31.92,31.89,31.92,67671.07,22048.7
20170810,31.79,32.03,31.39,31.64,31.5,31.47,31.5,66992.09,21844.01
20170811,31.27,31.27,30.56,30.85,30.8,30.8,30.81,67358.59,21858.32
20170814,30.78,31.47,30.54,31.26,31.3,31.29,31.3,68284.66,21993.71
20170815,31.3,31.45,30.69,31.06,31.12,31.11,31.12,68355.12,21998.99
20170816,31.4,32.07,31.32,31.75,31.73,31.73,31.87,68594.29,22024.87
20170817,31.89,32.04,31.11,31.52,31.2,31.19,31.2,67976.8,21750.73
20170818,31.8,32.05,31.41,31.75,31.55,31.55,31.65,68714.66,21674.51
20170821,31.99,32.24,31.71,31.97,31.75,31.74,31.75,68634.65,21703.75
20170822,32.35,32.39,31.71,32.05,31.86,31.86,31.88,70011.25,21899.89
20170823,31.74,32.55,31.6,32.33,32.54,32.53,32.54,70477.63,21812.09
20170824,32.56,34.0,32.33,33.43,33.88,33.85,33.88,71132.8,21783.4
20170825,34.12,34.33,33.42,33.87,33.83,33.83,33.84,71073.65,21813.67
20170828,33.7,34.49,33.65,34.22,34.36,34.35,34.36,71016.59,21808.4
20170829,34.0,34.66,33.91,34.32,34.44,34.4,34.44,71329.85,21865.37
20170830,34.5,34.71,34.24,34.42,34.34,34.34,34.35,70886.26,21892.43
20170831,34.92,35.18,34.45,34.99,35.08,35.0,35.08,70835.05,21948.1
20170901,35.5,35.98,35.26,35.65,35.67,35.67,35.78,71923.11,21987.56
20170905,36.5,36.69,35.18,35.84,35.6,35.58,35.6,72150.88,21753.31
20170906,35.82,36.09,35.47,35.77,35.8,35.8,35.87,73412.41,21807.64
20170908,35.69,36.11,34.47,34.9,34.48,34.48,34.49,73078.85,21797.79
20170911,34.8,35.21,34.73,35.02,35.09,35.09,35.1,74319.22,22057.37
20170912,35.37,35.73,35.23,35.51,35.26,35.26,35.28,74538.55,22118.86
20170913,35.05,35.13,34.39,34.7,34.77,34.76,34.77,74787.57,22158.18
20170914,34.0,34.1,33.35,33.64,33.62,33.62,33.65,74656.68,22203.48
20170915,33.36,34.14,33.3,33.84,33.8,33.8,33.89,75756.52,22268.34
20170918,33.81,34.31,33.78,34.15,34.25,34.24,34.25,75990.41,22331.35
20170919,33.8,33.99,33.33,33.69,33.92,33.92,33.93,75974.18,22370.8
20170920,33.88,34.15,32.77,33.37,33.17,33.16,33.2,76004.15,22412.59
20170921,32.65,32.77,32.16,32.45,32.51,32.51,32.53,75604.34,22359.23
20170922,32.15,32.38,31.85,32.02,31.91,31.9,31.91,75389.75,22349.59
20170925,31.8,32.29,31.0,31.42,31.09,31.08,31.1,74443.47,22296.09
20170926,31.47,31.93,31.41,31.68,31.5,31.5,31.51,74318.72,22284.32
20170927,31.98,32.25,31.03,31.65,31.93,31.92,31.94,73796.71,22340.71
20170928,31.51,31.85,31.28,31.56,31.75,31.72,31.75,73567.25,22381.2
20170929,32.14,32.4,31.61,31.94,31.87,31.87,31.9,74293.51,22405.09
20171002,32.25,32.43,31.87,32.09,31.9,31.9,31.91,74359.83,22557.6
20171003,32.09,32.68,31.76,32.27,32.68,32.64,32.68,76762.91,22641.67
20171004,32.88,33.07,32.61,32.79,32.61,32.61,32.63,76591.44,22661.64
20171005,33.0,33.19,32.24,32.74,32.27,32.25,32.27,76617.53,22775.39
20171006,32.07,32.15,31.83,32.0,32.14,32.11,32.15,76054.72,22773.67
20171009,32.05,32.1,31.26,31.55,31.5,31.49,31.5,75726.81,22761.07
20171010,31.65,31.7,30.94,31.29,31.32,31.31,31.32,76897.21,22830.68
20171011,30.94,31.49,30.73,31.1,31.1,31.09,31.1,76659.8,22872.89
20171013,32.1,33.1,32.0,32.55,32.91,32.91,32.96,76989.79,22871.72
20171016,33.38,33.64,32.83,33.36,33.35,33.34,33.35,76891.84,22956.96
20171017,33.11,33.32,32.58,32.82,32.58,32.58,32.68,76201.25,22997.44
20171018,32.76,32.95,31.79,32.28,32.27,32.27,32.28,76591.09,23157.6
20171019,31.75,33.07,31.71,32.37,33.0,32.99,33.0,76283.16,23163.04
20171020,33.75,33.78,32.95,33.41,32.95,32.95,33.0,76390.51,23328.63
20171023,33.0,33.2,32.64,32.87,32.71,32.71,32.76,75413.13,23273.96
20171024,32.88,33.83,32.55,33.39,33.83,33.76,33.83,76350.19,23441.76
20171025,33.63,33.86,33.07,33.43,33.55,33.55,33.58,76671.13,23329.46
20171026,33.87,33.9,32.67,33.07,32.67,32.66,32.67,75896.35,23400.86
20171027,32.29,32.87,32.03,32.49,32.55,32.54,32.55,75975.71,23434.19
20171030,32.19,32.93,31.84,32.39,32.35,32.34,32.35,74800.33,23348.74
20171031,32.42,32.69,32.01,32.33,32.1,32.1,32.2,74308.49,23377.24
20171101,32.8,33.28,32.69,32.97,32.82,32.81,32.82,73823.74,23435.01
20171103,33.2,33.54,33.0,33.35,33.54,33.53,33.54,73915.43,23539.19
20171106,33.89,34.34,33.83,34.18,34.34,34.31,34.34,74310.79,23548.42
20171107,34.24,34.24,33.52,33.87,33.52,33.52,33.6,72414.88,23557.23
20171108,33.81,33.95,33.45,33.75,33.94,33.93,33.94,74363.13,23563.36
20171109,33.7,33.71,32.8,33.12,32.8,32.8,32.81,72930.69,23461.94
20171110,32.78,33.03,32.5,32.77,32.77,32.76,32.78,72165.64,23422.21
20171113,32.84,33.44,32.59,33.06,33.14,33.14,33.15,72475.17,23439.7
20171114,33.02,33.1,31.94,32.44,32.16,32.15,32.17,70826.59,23409.47
20171116,32.46,32.79,32.03,32.5,32.6,32.6,32.7,72511.79,23458.36
20171117,32.59,33.17,32.32,32.78,32.92,32.92,32.94,73437.28,23358.24
20171121,33.29,34.05,33.15,33.74,34.05,34.0,34.05,74594.61,23590.83
20171122,34.4,34.97,34.28,34.7,34.74,34.72,34.74,74518.79,23526.18
20171124,35.18,35.85,35.11,35.64,35.79,35.6,35.79,74157.37,23557.99
20171127,35.46,35.78,35.08,35.36,35.41,35.4,35.41,74058.92,23580.78
20171128,35.45,36.65,35.25,36.07,36.25,36.25,36.26,74139.72,23836.71
20171129,36.28,36.58,35.63,35.98,35.7,35.7,35.77,72700.45,23940.68
20171130,35.7,36.08,34.93,35.29,35.14,35.09,35.14,71970.99,24272.35
20171201,35.2,35.97,34.89,35.44,35.48,35.48,35.49,72264.45,24231.59
20171204,35.96,36.98,35.85,36.54,36.83,36.83,36.85,73090.17,24290.05
20171205,36.81,37.4,36.02,36.63,36.02,36.02,36.05,72546.17,24180.64
20171206,35.58,35.99,35.36,35.65,35.76,35.76,35.79,73268.35,24140.91
20171207,35.05,35.5,34.9,35.22,35.34,35.3,35.34,72487.46,24211.48
20171208,35.81,35.95,35.46,35.58,35.48,35.47,35.48,72731.84,24329.16
20171211,35.83,36.0,35.48,35.82,35.76,35.76,35.83,72800.04,24386.03
20171212,35.63,36.18,35.22,35.78,36.18,36.16,36.18,73813.53,24504.8
20171213,36.43,36.48,36.05,36.23,36.11,36.11,36.14,72914.33,24585.43
20171214,35.91,36.58,35.79,36.25,36.24,36.24,36.26,72428.93,24508.66
20171215,36.51,37.28,36.36,36.89,36.89,36.89,36.9,72607.7,24651.74
20171218,37.49,38.02,37.34,37.69,37.84,37.83,37.84,73115.45,24792.2
20171219,37.71,38.1,37.64,37.87,37.85,37.85,37.95,72680.37,24754.75
20171220,37.97,39.21,37.97,38.81,39.15,39.12,39.15,73367.03,24726.65
20171221,39.1,39.73,39.08,39.49,39.73,39.7,39.74,75133.43,24782.29
20171222,39.34,39.83,39.22,39.65,39.79,39.78,39.79,75186.53,24754.06
20171226,39.61,40.0,39.02,39.61,39.85,39.84,39.85,75707.73,24746.21
20171227,39.8,40.21,39.63,39.88,39.86,39.86,39.88,76072.54,24774.3
20171228,40.01,40.26,39.93,40.14,40.26,40.24,40.26,76402.08,24837.51
