data,abertura,fechamento
20130102,2.0409,2.0415
20130103,2.0458,2.0464
20130104,2.0419,2.0425
20130107,2.0306,2.0312
20130108,2.0280,2.0286
20130109,2.0411,2.0417
20130110,2.0352,2.0358
20130111,2.0335,2.0341
20130114,2.0328,2.0334
20130115,2.0368,2.0374
20130116,2.0403,2.0409
20130117,2.0405,2.0411
20130118,2.0435,2.0441
20130121,2.0415,2.0420
20130122,2.0466,2.0471
20130123,2.0388,2.0394
20130124,2.0338,2.0344
20130125,2.0277,2.0285
20130128,2.0235,2.0241
20130129,1.9906,1.9912
20130130,1.9894,1.9900
20130131,1.9877,1.9883
20130201,1.9838,1.9843
20130204,1.9888,1.9893
20130205,1.9875,1.9881
20130206,1.9878,1.9884
20130207,1.9783,1.9789
20130208,1.9630,1.9636
20130213,1.9665,1.9670
20130214,1.9660,1.9666
20130215,1.9594,1.9600
20130218,1.9670,1.9676
20130219,1.9591,1.9597
20130220,1.9564,1.9570
20130221,1.9715,1.9720
20130222,1.9699,1.9705
20130225,1.9670,1.9676
20130226,1.9812,1.9818
20130227,1.9801,1.9807
20130228,1.9749,1.9754
20130301,1.9843,1.9848
20130304,1.9822,1.9827
20130305,1.9688,1.9693
20130306,1.9668,1.9673
20130307,1.9636,1.9642
20130308,1.9522,1.9528
20130311,1.9546,1.9552
20130312,1.9579,1.9585
20130313,1.9614,1.9619
20130314,1.9671,1.9676
20130315,1.9743,1.9749
20130318,1.9865,1.9871
20130319,1.9824,1.9830
20130320,1.9862,1.9868
20130321,1.9925,1.9931
20130322,2.0120,2.0126
20130325,2.0134,2.0140
20130326,2.0081,2.0087
20130327,2.0179,2.0185
20130328,2.0132,2.0138
20130401,2.0180,2.0186
20130402,2.0173,2.0179
20130403,2.0233,2.0239
20130404,2.0195,2.0201
20130405,2.0029,2.0035
20130408,1.9897,1.9902
20130409,1.9855,1.9861
20130410,1.9804,1.9810
20130411,1.9731,1.9736
20130412,1.9755,1.9761
20130415,1.9784,1.9790
20130416,1.9897,1.9903
20130417,1.9933,1.9939
20130418,2.0146,2.0152
20130419,2.0084,2.0089
20130422,2.0148,2.0154
20130423,2.0164,2.0170
20130424,2.0238,2.0244
20130425,2.0114,2.0119
20130426,1.9995,2.0001
20130429,1.9993,1.9999
20130430,2.0011,2.0017
20130502,2.0089,2.0095
20130503,2.0088,2.0093
20130506,2.0137,2.0143
20130507,2.0104,2.0110
20130508,2.0024,2.0030
20130509,2.0046,2.0051
20130510,2.0225,2.0231
20130513,2.0144,2.0150
20130514,2.0057,2.0063
20130515,2.0227,2.0233
20130516,2.0249,2.0254
20130517,2.0348,2.0354
20130520,2.0328,2.0333
20130521,2.0396,2.0402
20130522,2.0381,2.0387
20130523,2.0531,2.0537
20130524,2.0489,2.0495
20130527,2.0521,2.0527
20130528,2.0610,2.0616
20130529,2.0888,2.0894
20130531,2.1314,2.1319
20130603,2.1349,2.1355
20130604,2.1276,2.1282
20130605,2.1229,2.1235
20130606,2.1244,2.1250
20130607,2.1367,2.1372
20130610,2.1501,2.1506
20130611,2.1515,2.1521
20130612,2.1415,2.1420
20130613,2.1441,2.1447
20130614,2.1361,2.1367
20130617,2.1532,2.1538
20130618,2.1700,2.1706
20130619,2.1738,2.1744
20130620,2.2517,2.2523
20130621,2.2642,2.2648
20130624,2.2509,2.2515
20130625,2.2180,2.2185
20130626,2.1969,2.1975
20130627,2.1840,2.1846
20130628,2.2150,2.2156
20130701,2.2292,2.2297
20130702,2.2407,2.2412
20130703,2.2628,2.2634
20130704,2.2589,2.2595
20130705,2.2639,2.2645
20130708,2.2577,2.2583
20130709,2.2615,2.2628
20130710,2.2691,2.2697
20130711,2.2666,2.2672
20130712,2.2664,2.2670
20130715,2.2543,2.2548
20130716,2.2347,2.2353
20130717,2.2366,2.2372
20130718,2.2291,2.2297
20130719,2.2358,2.2364
20130722,2.2380,2.2386
20130723,2.2261,2.2267
20130724,2.2342,2.2348
20130725,2.2491,2.2497
20130726,2.2483,2.2488
20130729,2.2603,2.2609
20130730,2.2729,2.2734
20130731,2.2897,2.2903
20130801,2.2908,2.2914
20130802,2.2927,2.2933
20130805,2.3004,2.3010
20130806,2.2949,2.2955
20130807,2.3022,2.3028
20130808,2.2876,2.2882
20130809,2.2743,2.2748
20130812,2.2716,2.2722
20130813,2.3029,2.3035
20130814,2.3112,2.3118
20130815,2.3428,2.3434
20130816,2.3559,2.3565
20130819,2.3974,2.3980
20130820,2.3937,2.3943
20130821,2.4163,2.4169
20130822,2.4451,2.4457
20130823,2.3862,2.3868
20130826,2.3699,2.3705
20130827,2.3992,2.3998
20130828,2.3509,2.3515
20130829,2.3572,2.3578
20130830,2.3719,2.3725
20130902,2.3637,2.3643
20130903,2.3891,2.3897
20130904,2.3532,2.3538
20130905,2.3308,2.3314
20130906,2.2973,2.2979
20130909,2.2862,2.2868
20130910,2.2773,2.2779
20130911,2.2941,2.2947
20130912,2.2763,2.2769
20130913,2.2779,2.2785
20130916,2.2643,2.2649
20130917,2.2611,2.2617
20130918,2.2483,2.2489
20130919,2.2029,2.2036
20130920,2.2047,2.2053
20130923,2.2026,2.2033
20130924,2.2025,2.2031
20130925,2.2218,2.2224
20130926,2.2279,2.2285
20130927,2.2565,2.2571
20130930,2.2294,2.2300
20131001,2.2118,2.2123
20131002,2.2082,2.2088
20131003,2.2063,2.2069
20131004,2.2045,2.2051
20131007,2.2081,2.2087
20131008,2.2010,2.2016
20131009,2.2048,2.2054
20131010,2.1844,2.1850
20131011,2.1815,2.1821
20131014,2.1811,2.1817
20131015,2.1812,2.1818
20131016,2.1623,2.1629
20131017,2.1605,2.1611
20131018,2.1610,2.1616
20131021,2.1732,2.1738
20131022,2.1754,2.1760
20131023,2.1821,2.1826
20131024,2.1997,2.2003
20131025,2.1842,2.1848
20131028,2.1840,2.1846
20131029,2.1798,2.1804
20131030,2.1882,2.1888
20131031,2.2020,2.2026
20131101,2.2462,2.2468
20131104,2.2420,2.2426
20131105,2.2741,2.2747
20131106,2.2779,2.2785
20131107,2.2819,2.2825
20131108,2.3164,2.3170
20131111,2.3136,2.3142
20131112,2.3356,2.3362
20131113,2.3228,2.3234
20131114,2.3283,2.3289
20131118,2.2822,2.2828
20131119,2.2656,2.2662
20131120,2.2713,2.2726
20131121,2.3061,2.3067
20131122,2.2906,2.2913
20131125,2.2865,2.2871
20131126,2.3034,2.3040
20131127,2.3052,2.3058
20131128,2.3202,2.3208
20131129,2.3243,2.3249
20131202,2.3443,2.3449
20131203,2.3552,2.3558
20131204,2.3734,2.3740
20131205,2.3741,2.3747
20131206,2.3519,2.3525
20131209,2.3218,2.3225
20131210,2.3096,2.3102
20131211,2.3256,2.3262
20131212,2.3333,2.3338
20131213,2.3348,2.3354
20131216,2.3249,2.3255
20131217,2.3215,2.3221
20131218,2.3268,2.3274
20131219,2.3522,2.3528
20131220,2.3811,2.3817
20131223,2.3700,2.3706
20131224,2.3543,2.3554
20131226,2.3501,2.3507
20131227,2.3532,2.3538
20131230,2.3420,2.3426
20131231,2.3420,2.3426
20140102,2.3969,2.3975
20140103,2.3734,2.3741
20140106,2.3783,2.3789
20140107,2.3628,2.3634
20140108,2.3773,2.3779
20140109,2.3954,2.3960
20140110,2.3813,2.3819
20140113,2.3485,2.3491
20140114,2.3611,2.3617
20140115,2.3465,2.3470
20140116,2.3677,2.3683
20140117,2.3595,2.3601
20140120,2.3329,2.3335
20140121,2.3602,2.3608
20140122,2.3595,2.3601
20140123,2.3755,2.3761
20140124,2.4123,2.4129
20140127,2.4038,2.4044
20140128,2.4159,2.4165
20140129,2.4390,2.4397
20140130,2.4218,2.4224
20140131,2.4257,2.4263
20140203,2.4084,2.4090
20140204,2.4171,2.4177
20140205,2.4101,2.4106
20140206,2.4035,2.4041
20140207,2.3811,2.3817
20140210,2.3930,2.3936
20140211,2.4070,2.4076
20140212,2.4080,2.4086
20140213,2.4232,2.4238
20140214,2.3919,2.3924
20140217,2.3864,2.3870
20140218,2.3977,2.3983
20140219,2.3980,2.3986
20140220,2.3793,2.3799
20140221,2.3619,2.3625
20140224,2.3385,2.3391
20140225,2.3361,2.3367
20140226,2.3448,2.3454
20140227,2.3431,2.3436
20140228,2.3327,2.3334
20140305,2.3234,2.3240
20140306,2.3088,2.3094
20140307,2.3376,2.3382
20140310,2.3404,2.3410
20140311,2.3455,2.3461
20140312,2.3643,2.3649
20140313,2.3480,2.3486
20140314,2.3631,2.3638
20140317,2.3513,2.3518
20140318,2.3516,2.3522
20140319,2.3333,2.3338
20140320,2.3414,2.3420
20140321,2.3239,2.3245
20140324,2.3242,2.3248
20140325,2.3118,2.3124
20140326,2.3113,2.3119
20140327,2.2824,2.2830
20140328,2.2597,2.2603
20140331,2.2624,2.2630
20140401,2.2614,2.2620
20140402,2.2705,2.2711
20140403,2.2805,2.2811
20140404,2.2414,2.2420
20140407,2.2320,2.2326
20140408,2.1968,2.1974
20140409,2.2105,2.2111
20140410,2.1982,2.1987
20140411,2.2053,2.2059
20140414,2.2090,2.2096
20140415,2.2251,2.2257
20140416,2.2336,2.2342
20140417,2.2476,2.2482
20140422,2.2443,2.2449
20140423,2.2420,2.2426
20140424,2.2223,2.2229
20140425,2.2319,2.2325
20140428,2.2364,2.2370
20140429,2.2193,2.2199
20140430,2.2354,2.2360
20140502,2.2215,2.2221
20140505,2.2280,2.2286
20140506,2.2316,2.2322
20140507,2.2276,2.2282
20140508,2.2101,2.2107
20140509,2.2186,2.2192
20140512,2.2158,2.2164
20140513,2.2095,2.2101
20140514,2.2123,2.2129
20140515,2.2160,2.2166
20140516,2.2104,2.2110
20140519,2.2105,2.2111
20140520,2.2150,2.2156
20140521,2.2105,2.2111
20140522,2.2125,2.2131
20140523,2.2181,2.2187
20140526,2.2203,2.2209
20140527,2.2348,2.2354
20140528,2.2399,2.2405
20140529,2.2245,2.2251
20140530,2.2384,2.2390
20140602,2.2634,2.2640
20140603,2.2648,2.2654
20140604,2.2796,2.2802
20140605,2.2689,2.2695
20140606,2.2439,2.2445
20140609,2.2330,2.2336
20140610,2.2290,2.2296
20140611,2.2301,2.2307
20140612,2.2298,2.2306
20140613,2.2341,2.2347
20140616,2.2307,2.2313
20140617,2.2480,2.2486
20140618,2.2528,2.2534
20140620,2.2374,2.2380
20140623,2.2189,2.2195
20140624,2.2211,2.2217
20140625,2.2046,2.2052
20140626,2.2083,2.2089
20140627,2.1969,2.1975
20140630,2.2019,2.2025
20140630,2.2019,2.2025
20140701,2.2048,2.2054
20140702,2.2127,2.2134
20140703,2.2275,2.2281
20140704,2.2143,2.2149
20140707,2.2195,2.2201
20140708,2.2144,2.2150
20140709,2.2128,2.2139
20140710,2.2231,2.2237
20140711,2.2222,2.2228
20140714,2.2170,2.2176
20140715,2.2189,2.2195
20140716,2.2187,2.2193
20140717,2.2397,2.2403
20140718,2.2356,2.2362
20140721,2.2232,2.2238
20140722,2.2123,2.2129
20140723,2.2196,2.2202
20140724,2.2198,2.2204
20140725,2.2287,2.2293
20140728,2.2296,2.2302
20140729,2.2272,2.2278
20140730,2.2441,2.2447
20140731,2.2668,2.2674
20140801,2.2600,2.2607
20140804,2.2571,2.2577
20140805,2.2750,2.2756
20140806,2.2784,2.2790
20140807,2.2796,2.2802
20140808,2.2980,2.2986
20140811,2.2773,2.2779
20140812,2.2764,2.2770
20140813,2.2686,2.2692
20140814,2.2697,2.2703
20140815,2.2684,2.2690
20140818,2.2589,2.2595
20140819,2.2581,2.2587
20140820,2.2544,2.2550
20140821,2.2576,2.2582
20140822,2.2772,2.2778
20140825,2.2802,2.2808
20140826,2.2742,2.2748
20140827,2.2585,2.2591
20140828,2.2493,2.2499
20140829,2.2390,2.2396
20140901,2.2358,2.2364
20140902,2.2515,2.2521
20140903,2.2313,2.2319
20140904,2.2350,2.2356
20140905,2.2410,2.2416
20140908,2.2485,2.2491
20140909,2.2807,2.2813
20140910,2.2961,2.2967
20140911,2.2874,2.2880
20140912,2.3244,2.3251
20140915,2.3395,2.3401
20140916,2.3345,2.3351
20140917,2.3378,2.3384
20140918,2.3661,2.3668
20140919,2.3650,2.3656
20140922,2.3864,2.3870
20140923,2.4020,2.4026
20140924,2.4064,2.4070
20140925,2.4078,2.4085
20140926,2.4304,2.4310
20140929,2.4516,2.4522
20140930,2.4504,2.4510
20141001,2.4617,2.4623
20141002,2.4779,2.4785
20141003,2.4926,2.4932
20141006,2.4092,2.4098
20141007,2.4032,2.4038
20141008,2.4065,2.4072
20141009,2.3908,2.3914
20141010,2.4096,2.4103
20141013,2.3917,2.3923
20141014,2.3985,2.3991
20141015,2.4310,2.4316
20141016,2.4763,2.4770
20141017,2.4470,2.4477
20141020,2.4548,2.4554
20141021,2.4791,2.4797
20141022,2.4775,2.4781
20141023,2.4998,2.5004
20141024,2.4799,2.4805
20141027,2.5335,2.5341
20141028,2.4863,2.4869
20141029,2.4340,2.4346
20141030,2.4113,2.4119
20141031,2.4436,2.4442
20141103,2.4833,2.4839
20141104,2.5189,2.5195
20141105,2.5162,2.5168
20141106,2.5319,2.5325
20141107,2.5715,2.5721
20141110,2.5384,2.5390
20141111,2.5638,2.5644
20141112,2.5544,2.5550
20141113,2.5719,2.5725
20141114,2.6129,2.6136
20141117,2.6029,2.6035
20141118,2.5961,2.5967
20141119,2.5843,2.5849
20141120,2.5440,2.5450
20141121,2.5384,2.5391
20141124,2.5276,2.5282
20141125,2.5230,2.5237
20141126,2.5097,2.5103
20141127,2.5059,2.5065
20141128,2.5595,2.5601
20141201,2.5618,2.5624
20141202,2.5658,2.5664
20141203,2.5601,2.5607
20141204,2.5791,2.5797
20141205,2.5882,2.5888
20141208,2.5917,2.5923
20141209,2.6010,2.6016
20141210,2.5925,2.5931
20141211,2.6265,2.6271
20141212,2.6552,2.6558
20141215,2.6711,2.6717
20141216,2.7397,2.7403
20141217,2.7240,2.7246
20141218,2.6669,2.6676
20141219,2.6480,2.6486
20141222,2.6520,2.6527
20141223,2.6769,2.6775
20141224,2.6822,2.6832
20141226,2.6806,2.6812
20141229,2.6777,2.6783
20141230,2.6556,2.6562
20141231,2.6556,2.6562
20150102,2.6923,2.6929
20150105,2.7101,2.7107
20150106,2.7016,2.7023
20150107,2.6801,2.6807
20150108,2.6913,2.6919
20150109,2.6577,2.6583
20150112,2.6569,2.6575
20150113,2.6479,2.6485
20150114,2.6216,2.6222
20150115,2.6116,2.6122
20150116,2.6187,2.6193
20150119,2.6237,2.6243
20150120,2.6241,2.6247
20150121,2.5961,2.5968
20150122,2.5748,2.5754
20150123,2.5850,2.5856
20150126,2.5960,2.5966
20150127,2.5803,2.5809
20150128,2.5791,2.5797
20150129,2.5954,2.5960
20150130,2.6617,2.6623
20150202,2.6888,2.6894
20150203,2.7053,2.7059
20150204,2.7142,2.7148
20150205,2.7380,2.7386
20150206,2.7635,2.7641
20150209,2.7867,2.7873
20150210,2.8069,2.8075
20150211,2.8570,2.8576
20150212,2.8619,2.8625
20150213,2.8385,2.8392
20150218,2.8424,2.8430
20150219,2.8539,2.8545
20150220,2.8694,2.8701
20150223,2.8805,2.8811
20150224,2.8643,2.8649
20150225,2.8640,2.8646
20150226,2.8721,2.8728
20150227,2.8777,2.8782
20150302,2.8649,2.8655
20150303,2.9045,2.9051
20150304,2.9798,2.9804
20150305,2.9925,2.9931
20150306,3.0360,3.0366
20150309,3.1012,3.1018
20150310,3.1293,3.1299
20150311,3.1156,3.1162
20150312,3.1165,3.1171
20150313,3.2258,3.2264
20150316,3.2251,3.2257
20150317,3.2677,3.2683
20150318,3.2512,3.2518
20150319,3.2635,3.2642
20150320,3.2417,3.2423
20150323,3.1793,3.1800
20150324,3.1304,3.1310
20150325,3.1469,3.1476
20150326,3.1909,3.1915
20150327,3.2253,3.2259
20150330,3.2595,3.2601
20150331,3.2074,3.2080
20150401,3.1549,3.1556
20150402,3.1486,3.1492
20150406,3.0920,3.0926
20150407,3.1225,3.1231
20150408,3.0828,3.0834
20150409,3.0459,3.0466
20150410,3.0789,3.0796
20150413,3.1005,3.1011
20150414,3.0874,3.0880
20150415,3.0675,3.0681
20150416,3.0243,3.0249
20150417,3.0538,3.0544
20150420,3.0467,3.0473
20150422,3.0180,3.0186
20150423,3.0077,3.0084
20150424,2.9739,2.9745
20150427,2.9229,2.9236
20150428,2.8937,2.8943
20150429,2.9369,2.9375
20150430,2.9930,2.9936
20150504,3.0748,3.0754
20150505,3.0619,3.0626
20150506,3.0414,3.0420
20150507,3.0415,3.0421
20150508,2.9959,2.9966
20150511,3.0169,3.0175
20150512,3.0382,3.0389
20150513,3.0096,3.0103
20150514,3.0026,3.0032
20150515,2.9887,2.9894
20150518,3.0139,3.0145
20150519,3.0278,3.0284
20150520,3.0340,3.0347
20150521,3.0289,3.0295
20150522,3.0647,3.0653
20150525,3.1206,3.1212
20150526,3.1345,3.1351
20150527,3.1734,3.1740
20150528,3.1741,3.1748
20150529,3.1781,3.1788
20150601,3.1783,3.1789
20150602,3.1437,3.1443
20150603,3.1178,3.1184
20150605,3.1677,3.1684
20150608,3.1184,3.1190
20150609,3.0985,3.0991
20150610,3.0837,3.0843
20150611,3.1508,3.1514
20150612,3.1101,3.1107
20150615,3.1030,3.1036
20150616,3.1076,3.1082
20150617,3.0983,3.0989
20150618,3.0466,3.0472
20150619,3.0782,3.0788
20150622,3.0751,3.0757
20150623,3.1036,3.1042
20150624,3.0846,3.0852
20150625,3.1009,3.1015
20150626,3.1265,3.1271
20150629,3.1383,3.1390
20150630,3.1019,3.1026
20150630,3.1019,3.1026
20150701,3.1185,3.1191
20150702,3.1166,3.1173
20150703,3.1265,3.1271
20150706,3.1425,3.1431
20150707,3.1803,3.1809
20150708,3.2275,3.2282
20150709,3.2152,3.2163
20150710,3.1891,3.1897
20150713,3.1588,3.1594
20150714,3.1224,3.1230
20150715,3.1526,3.1532
20150716,3.1369,3.1375
20150717,3.1826,3.1832
20150720,3.2143,3.2149
20150721,3.1807,3.1813
20150722,3.2088,3.2094
20150723,3.2844,3.2850
20150724,3.3248,3.3254
20150727,3.3551,3.3557
20150728,3.3808,3.3815
20150729,3.3413,3.3419
20150730,3.3646,3.3652
20150731,3.3934,3.3940
20150803,3.4419,3.4425
20150804,3.4669,3.4675
20150805,3.4844,3.4851
20150806,3.5341,3.5347
20150807,3.5175,3.5181
20150810,3.4903,3.4909
20150811,3.4919,3.4925
20150812,3.4820,3.4826
20150813,3.5068,3.5074
20150814,3.4755,3.4761
20150817,3.4739,3.4746
20150818,3.4805,3.4811
20150819,3.4843,3.4849
20150820,3.4745,3.4751
20150821,3.4890,3.4896
20150824,3.5488,3.5494
20150825,3.5339,3.5345
20150826,3.6320,3.6326
20150827,3.5549,3.5555
20150828,3.5784,3.5790
20150831,3.6461,3.6467
20150901,3.6719,3.6725
20150902,3.7307,3.7314
20150903,3.7753,3.7760
20150904,3.7980,3.7986
20150908,3.8021,3.8028
20150909,3.7864,3.7870
20150910,3.8691,3.8698
20150911,3.8692,3.8698
20150914,3.8647,3.8653
20150915,3.8593,3.8599
20150916,3.8361,3.8368
20150917,3.8915,3.8921
20150918,3.9015,3.9021
20150921,3.9815,3.9821
20150922,4.0419,4.0425
20150923,4.1034,4.1041
20150924,4.1942,4.1949
20150925,3.9472,3.9479
20150928,4.0093,4.0099
20150929,4.1165,4.1172
20150930,3.9722,3.9729
20151001,3.9788,3.9794
20151002,4.0003,4.0010
20151005,3.9135,3.9141
20151006,3.8561,3.8567
20151007,3.8053,3.8060
20151008,3.8511,3.8517
20151009,3.7380,3.7386
20151013,3.8243,3.8250
20151014,3.8501,3.8507
20151015,3.8337,3.8344
20151016,3.8432,3.8438
20151019,3.9009,3.9015
20151020,3.8650,3.8656
20151021,3.9380,3.9386
20151022,3.9354,3.9360
20151023,3.8982,3.8988
20151026,3.8575,3.8582
20151027,3.9108,3.9114
20151028,3.8791,3.8797
20151029,3.9321,3.9328
20151030,3.8582,3.8589
20151103,3.8120,3.8126
20151104,3.7680,3.7687
20151105,3.7887,3.7893
20151106,3.8053,3.8059
20151109,3.7922,3.7928
20151110,3.7975,3.7981
20151111,3.7320,3.7327
20151112,3.7990,3.7996
20151113,3.8016,3.8023
20151116,3.8330,3.8336
20151117,3.8045,3.8052
20151118,3.7915,3.7921
20151119,3.7435,3.7442
20151120,3.7000,3.7010
20151123,3.7224,3.7231
20151124,3.7075,3.7081
20151125,3.7682,3.7688
20151126,3.7600,3.7606
20151127,3.7392,3.7399
20151130,3.8499,3.8506
20151201,3.8739,3.8745
20151202,3.8539,3.8545
20151203,3.7964,3.7970
20151204,3.7569,3.7575
20151207,3.7470,3.7476
20151208,3.7915,3.7921
20151209,3.7573,3.7580
20151210,3.7679,3.7685
20151211,3.8541,3.8548
20151214,3.9017,3.9023
20151215,3.8697,3.8703
20151216,3.9351,3.9357
20151217,3.8923,3.8929
20151218,3.9056,3.9062
20151221,3.9825,3.9831
20151222,3.9764,3.9770
20151223,3.9626,3.9632
20151224,3.9511,3.9524
20151228,3.9180,3.9186
20151229,3.8486,3.8492
20151230,3.9042,3.9048
20151231,3.9042,3.9048
20160104,4.0380,4.0387
20160105,4.0108,4.0114
20160106,4.0297,4.0303
20160107,4.0469,4.0475
20160108,4.0244,4.0250
20160111,4.0147,4.0153
20160112,4.0293,4.0299
20160113,3.9857,3.9863
20160114,4.0217,4.0223
20160115,4.0396,4.0402
20160118,4.0358,4.0364
20160119,4.0297,4.0303
20160120,4.0855,4.0861
20160121,4.1552,4.1558
20160122,4.1226,4.1232
20160125,4.0991,4.1002
20160126,4.0961,4.0967
20160127,4.0441,4.0448
20160128,4.0832,4.0838
20160129,4.0422,4.0428
20160201,3.9979,3.9986
20160202,3.9913,3.9919
20160203,3.9552,3.9558
20160204,3.8646,3.8653
20160205,3.8969,3.8975
20160210,3.9406,3.9412
20160211,3.9636,3.9642
20160212,3.9884,3.9891
20160215,3.9879,3.9885
20160216,4.0207,4.0213
20160217,4.0312,4.0318
20160218,4.0084,4.0091
20160219,4.0486,4.0492
20160222,3.9612,3.9618
20160223,3.9678,3.9684
20160224,3.9894,3.9900
20160225,3.9394,3.9400
20160226,3.9571,3.9578
20160229,3.9790,3.9796
20160301,3.9907,3.9913
20160302,3.9110,3.9116
20160303,3.8498,3.8504
20160304,3.7182,3.7188
20160307,3.7708,3.7714
20160308,3.7807,3.7813
20160309,3.7031,3.7037
20160310,3.6694,3.6700
20160311,3.6265,3.6271
20160314,3.6232,3.6239
20160315,3.7110,3.7116
20160316,3.8073,3.8079
20160317,3.6439,3.6445
20160318,3.6140,3.6146
20160321,3.6223,3.6229
20160322,3.6067,3.6073
20160323,3.6525,3.6531
20160324,3.6942,3.6948
20160328,3.6401,3.6408
20160329,3.6681,3.6687
20160330,3.6110,3.6116
20160331,3.5583,3.5589
20160401,3.5793,3.5799
20160404,3.5865,3.5871
20160405,3.6575,3.6581
20160406,3.6743,3.6749
20160407,3.6915,3.6921
20160408,3.6379,3.6385
20160411,3.5278,3.5284
20160412,3.5400,3.5406
20160413,3.5423,3.5429
20160414,3.5120,3.5126
20160415,3.5270,3.5276
20160418,3.5898,3.5904
20160419,3.5532,3.5538
20160420,3.5497,3.5503
20160422,3.5823,3.5829
20160425,3.5466,3.5472
20160426,3.5294,3.5301
20160427,3.5289,3.5295
20160428,3.4986,3.4992
20160429,3.4502,3.4508
20160502,3.4985,3.4991
20160503,3.5544,3.5550
20160504,3.5391,3.5397
20160505,3.5290,3.5296
20160506,3.5356,3.5362
20160509,3.5380,3.5387
20160510,3.4766,3.4772
20160511,3.4639,3.4645
20160512,3.4871,3.4877
20160513,3.5035,3.5041
20160516,3.5029,3.5035
20160517,3.5031,3.5037
20160518,3.5362,3.5368
20160519,3.5997,3.6003
20160520,3.5413,3.5419
20160523,3.5654,3.5660
20160524,3.5485,3.5491
20160525,3.5798,3.5804
20160527,3.6162,3.6168
20160530,3.5991,3.5997
20160531,3.5945,3.5951
20160601,3.6120,3.6126
20160602,3.5955,3.5961
20160603,3.5403,3.5409
20160606,3.5092,3.5098
20160607,3.4739,3.4745
20160608,3.3892,3.3898
20160609,3.3811,3.3817
20160610,3.4255,3.4261
20160613,3.4527,3.4533
20160614,3.4833,3.4839
20160615,3.4762,3.4768
20160616,3.4898,3.4904
20160617,3.4366,3.4372
20160620,3.3829,3.3835
20160621,3.3891,3.3897
20160622,3.3877,3.3883
20160623,3.3527,3.3533
20160624,3.3766,3.3772
20160627,3.3928,3.3934
20160628,3.3261,3.3267
20160629,3.2429,3.2435
20160630,3.2092,3.2098
20160630,3.2092,3.2098
20160701,3.2292,3.2298
20160704,3.2474,3.2480
20160705,3.2898,3.2904
20160706,3.3236,3.3242
20160707,3.3382,3.3388
20160708,3.2962,3.2968
20160711,3.3025,3.3031
20160712,3.2744,3.2750
20160713,3.2890,3.2896
20160714,3.2305,3.2311
20160715,3.2650,3.2656
20160718,3.2628,3.2634
20160719,3.2795,3.2801
20160720,3.2506,3.2512
20160721,3.2579,3.2585
20160722,3.2848,3.2854
20160725,3.2813,3.2819
20160726,3.2784,3.2790
20160727,3.2814,3.2820
20160728,3.2734,3.2740
20160729,3.2384,3.2390
20160801,3.2656,3.2662
20160802,3.2484,3.2490
20160803,3.2727,3.2733
20160804,3.2177,3.2183
20160805,3.1853,3.1859
20160808,3.1765,3.1771
20160809,3.1497,3.1503
20160810,3.1296,3.1302
20160811,3.1358,3.1364
20160812,3.1596,3.1602
20160815,3.1666,3.1672
20160816,3.1743,3.1749
20160817,3.2242,3.2248
20160818,3.2209,3.2215
20160819,3.2261,3.2267
20160822,3.2157,3.2163
20160823,3.2047,3.2054
20160824,3.2366,3.2372
20160825,3.2313,3.2319
20160826,3.2147,3.2153
20160829,3.2607,3.2613
20160830,3.2519,3.2525
20160831,3.2397,3.2403
20160901,3.2466,3.2472
20160902,3.2425,3.2431
20160905,3.2715,3.2721
20160906,3.2446,3.2452
20160908,3.1928,3.1934
20160909,3.2632,3.2638
20160912,3.2848,3.2854
20160913,3.2966,3.2972
20160914,3.3256,3.3262
20160915,3.3320,3.3326
20160916,3.2998,3.3004
20160919,3.2630,3.2636
20160920,3.2534,3.2540
20160921,3.2402,3.2408
20160922,3.2009,3.2015
20160923,3.2236,3.2242
20160926,3.2394,3.2400
20160927,3.2352,3.2358
20160928,3.2470,3.2476
20160929,3.2229,3.2235
20160930,3.2456,3.2462
20161003,3.2332,3.2338
20161004,3.2197,3.2203
20161005,3.2353,3.2359
20161006,3.2304,3.2310
20161007,3.2128,3.2134
20161010,3.2119,3.2125
20161011,3.2130,3.2136
20161013,3.2081,3.2087
20161014,3.1858,3.1864
20161017,3.1957,3.1963
20161018,3.1868,3.1874
20161019,3.1794,3.1800
20161020,3.1599,3.1605
20161021,3.1587,3.1593
20161024,3.1305,3.1311
20161025,3.1187,3.1193
20161026,3.1213,3.1219
20161027,3.1423,3.1429
20161028,3.1809,3.1815
20161031,3.1805,3.1811
20161101,3.2047,3.2053
20161103,3.2304,3.2310
20161104,3.2443,3.2449
20161107,3.2018,3.2024
20161108,3.2018,3.2024
20161109,3.2252,3.2258
20161110,3.3098,3.3104
20161111,3.4371,3.4377
20161114,3.4440,3.4446
20161116,3.4177,3.4183
20161117,3.4046,3.4052
20161118,3.3911,3.3917
20161121,3.3511,3.3517
20161122,3.3470,3.3476
20161123,3.3921,3.3927
20161124,3.3981,3.3987
20161125,3.4273,3.4279
20161128,3.3990,3.3996
20161129,3.4054,3.4060
20161130,3.3961,3.3967
20161201,3.4356,3.4362
20161202,3.4644,3.4650
20161205,3.4592,3.4598
20161206,3.4348,3.4354
20161207,3.3889,3.3895
20161208,3.4002,3.4008
20161209,3.3852,3.3858
20161212,3.3691,3.3697
20161213,3.3334,3.3340
20161214,3.3097,3.3103
20161215,3.3824,3.3830
20161216,3.3706,3.3712
20161219,3.3772,3.3778
20161220,3.3580,3.3586
20161221,3.3291,3.3297
20161222,3.3296,3.3302
20161223,3.2690,3.2696
20161226,3.2695,3.2701
20161227,3.2770,3.2776
20161228,3.2768,3.2774
20161229,3.2585,3.2591
20161230,3.2585,3.2591
20170102,3.2723,3.2729
20170103,3.2626,3.2632
20170104,3.2327,3.2333
20170105,3.2123,3.2129
20170106,3.2051,3.2057
20170109,3.2091,3.2097
20170110,3.1912,3.1918
20170111,3.2148,3.2154
20170112,3.1655,3.1661
20170113,3.2028,3.2034
20170116,3.2228,3.2234
20170117,3.2094,3.2100
20170118,3.2205,3.2211
20170119,3.2107,3.2113
20170120,3.1912,3.1918
20170123,3.1603,3.1609
20170124,3.1643,3.1649
20170125,3.1679,3.1690
20170126,3.1798,3.1804
20170127,3.1590,3.1596
20170130,3.1310,3.1316
20170131,3.1264,3.1270
20170201,3.1473,3.1479
20170202,3.1190,3.1196
20170203,3.1235,3.1241
20170206,3.1173,3.1179
20170207,3.1298,3.1304
20170208,3.1248,3.1255
20170209,3.1179,3.1185
20170210,3.1149,3.1155
20170213,3.1169,3.1175
20170214,3.0998,3.1004
20170215,3.0773,3.0779
20170216,3.0504,3.0510
20170217,3.0944,3.0950
20170220,3.0912,3.0918
20170221,3.0964,3.0970
20170222,3.0818,3.0824
20170223,3.0632,3.0638
20170224,3.0987,3.0993
20170301,3.0970,3.0976
20170302,3.1132,3.1138
20170303,3.1358,3.1364
20170306,3.1105,3.1111
20170307,3.1179,3.1185
20170308,3.1471,3.1477
20170309,3.1729,3.1735
20170310,3.1617,3.1623
20170313,3.1535,3.1541
20170314,3.1633,3.1639
20170315,3.1623,3.1629
20170316,3.1074,3.1080
20170317,3.1069,3.1075
20170320,3.0892,3.0898
20170321,3.0759,3.0765
20170322,3.0933,3.0939
20170323,3.1242,3.1248
20170324,3.1276,3.1282
20170327,3.1250,3.1256
20170328,3.1297,3.1303
20170329,3.1223,3.1229
20170330,3.1241,3.1247
20170331,3.1678,3.1684
20170403,3.1161,3.1167
20170404,3.1225,3.1231
20170405,3.0917,3.0923
20170406,3.1154,3.1160
20170407,3.1296,3.1302
20170410,3.1403,3.1409
20170411,3.1418,3.1424
20170412,3.1457,3.1463
20170413,3.1263,3.1269
20170417,3.1030,3.1036
20170418,3.0952,3.0958
20170419,3.1288,3.1294
20170420,3.1447,3.1453
20170424,3.1245,3.1251
20170425,3.1571,3.1577
20170426,3.1841,3.1847
20170427,3.1757,3.1763
20170428,3.1978,3.1984
20170502,3.1718,3.1724
20170503,3.1483,3.1489
20170504,3.1774,3.1780
20170505,3.1758,3.1764
20170508,3.1932,3.1938
20170509,3.1851,3.1857
20170510,3.1600,3.1606
20170511,3.1553,3.1559
20170512,3.1284,3.1290
20170515,3.1005,3.1011
20170516,3.0918,3.0924
20170517,3.1070,3.1076
20170518,3.3756,3.3807
20170519,3.2872,3.2878
20170522,3.2857,3.2863
20170523,3.2648,3.2654
20170524,3.2623,3.2629
20170525,3.2818,3.2824
20170526,3.2608,3.2614
20170529,3.2703,3.2709
20170530,3.2653,3.2659
20170531,3.2431,3.2437
20170601,3.2301,3.2307
20170602,3.2395,3.2401
20170605,3.2814,3.2820
20170606,3.2811,3.2817
20170607,3.2741,3.2747
20170608,3.2832,3.2838
20170609,3.2734,3.2740
20170612,3.2980,3.2986
20170613,3.3202,3.3208
20170614,3.2830,3.2836
20170616,3.2886,3.2892
20170619,3.2969,3.2975
20170620,3.3139,3.3145
20170621,3.3241,3.3247
20170622,3.3356,3.3362
20170623,3.3336,3.3342
20170626,3.3122,3.3128
20170627,3.3166,3.3172
20170628,3.3024,3.3030
20170629,3.2946,3.2952
20170630,3.3076,3.3082
20170630,3.3076,3.3082
20170703,3.3009,3.3015
20170704,3.3044,3.3050
20170705,3.3187,3.3193
20170706,3.3058,3.3064
20170707,3.2889,3.2895
20170710,3.2644,3.2650
20170711,3.2516,3.2522
20170712,3.2258,3.2264
20170713,3.2102,3.2108
20170714,3.1893,3.1899
20170717,3.1815,3.1821
20170718,3.1662,3.1668
20170719,3.1527,3.1533
20170720,3.1396,3.1402
20170721,3.1250,3.1256
20170724,3.1453,3.1459
20170725,3.1550,3.1556
20170726,3.1651,3.1657
20170727,3.1507,3.1513
20170728,3.1451,3.1457
20170731,3.1301,3.1307
20170801,3.1154,3.1161
20170802,3.1262,3.1268
20170803,3.1188,3.1194
20170804,3.1218,3.1224
20170807,3.1261,3.1267
20170808,3.1314,3.1320
20170809,3.1458,3.1464
20170810,3.1537,3.1543
20170811,3.1689,3.1695
20170814,3.1882,3.1888
20170815,3.1970,3.1976
20170816,3.1664,3.1670
20170817,3.1597,3.1603
20170818,3.1648,3.1654
20170821,3.1437,3.1443
20170822,3.1533,3.1539
20170823,3.1563,3.1569
20170824,3.1398,3.1404
20170825,3.1456,3.1462
20170828,3.1557,3.1563
20170829,3.1689,3.1695
20170830,3.1632,3.1638
20170831,3.1465,3.1471
20170901,3.1327,3.1333
20170904,3.1383,3.1389
20170905,3.1197,3.1203
20170906,3.1127,3.1133
20170908,3.0902,3.0908
20170911,3.0846,3.0852
20170912,3.1138,3.1144
20170913,3.1337,3.1343
20170914,3.1348,3.1354
20170915,3.1249,3.1255
20170918,3.1233,3.1239
20170919,3.1317,3.1323
20170920,3.1275,3.1281
20170921,3.1341,3.1347
20170922,3.1279,3.1285
20170925,3.1406,3.1412
20170926,3.1668,3.1674
20170927,3.1926,3.1932
20170928,3.1865,3.1871
20170929,3.1674,3.1680
20171002,3.1636,3.1642
20171003,3.1496,3.1502
20171004,3.1309,3.1315
20171005,3.1341,3.1347
20171006,3.1642,3.1648
20171009,3.1764,3.1770
20171010,3.1682,3.1688
20171011,3.1633,3.1639
20171013,3.1567,3.1572
20171016,3.1601,3.1607
20171017,3.1763,3.1769
20171018,3.1667,3.1673
20171019,3.1727,3.1732
20171020,3.1827,3.1833
20171023,3.1997,3.2003
20171024,3.2464,3.2470
20171025,3.2381,3.2387
20171026,3.2438,3.2444
20171027,3.2795,3.2801
20171030,3.2541,3.2547
20171031,3.2763,3.2769
20171101,3.2730,3.2736
20171103,3.2914,3.2920
20171106,3.2845,3.2851
20171107,3.2727,3.2733
20171108,3.2503,3.2509
20171109,3.2509,3.2515
20171110,3.2655,3.2661
20171113,3.2867,3.2873
20171114,3.2828,3.2834
20171116,3.2802,3.2808
20171117,3.2782,3.2788
20171120,3.2608,3.2623
20171121,3.2585,3.2591
20171122,3.2555,3.2561
20171123,3.2365,3.2371
20171124,3.2294,3.2300
20171127,3.2212,3.2218
20171128,3.2226,3.2232
20171129,3.2130,3.2136
20171130,3.2610,3.2616
20171201,3.2630,3.2636
20171204,3.2500,3.2506
20171205,3.2316,3.2322
20171206,3.2348,3.2354
20171207,3.2886,3.2892
20171208,3.2805,3.2811
20171211,3.2839,3.2845
20171212,3.3143,3.3149
20171213,3.3030,3.3036
20171214,3.3326,3.3332
20171215,3.3176,3.3182
20171218,3.2875,3.2881
20171219,3.2877,3.2883
20171220,3.2903,3.2909
20171221,3.3039,3.3045
20171222,3.3203,3.3209
20171226,3.3194,3.3200
20171227,3.3024,3.3031
20171228,3.3074,3.3080
20171229,3.3074,3.3080
