data,preabe,premax,premin,premed,preult,preofc,preofv
20130102,43.00,44.76,43.00,44.24,44.10,44.09,44.10
20130103,43.50,44.07,43.35,43.64,43.35,43.34,43.35
20130104,43.34,43.35,42.11,42.58,42.53,42.50,42.53
20130107,42.53,42.88,41.63,42.04,41.84,41.80,41.84
20130108,41.77,42.23,41.46,41.72,41.51,41.51,41.53
20130109,41.71,42.05,41.36,41.73,41.70,41.68,41.70
20130110,41.81,42.21,41.76,42.01,42.14,42.08,42.14
20130111,41.75,42.02,40.93,41.22,41.27,41.24,41.27
20130114,41.60,41.69,41.03,41.33,41.43,41.38,41.43
20130115,41.10,41.47,40.80,41.04,41.16,41.15,41.16
20130116,41.23,41.23,40.31,40.60,40.90,40.83,40.90
20130117,40.61,41.24,40.55,40.91,40.98,40.98,41.05
20130118,41.09,41.30,40.53,40.77,40.61,40.61,40.64
20130121,40.69,40.77,40.29,40.49,40.58,40.41,40.58
20130122,40.69,41.15,40.45,40.88,41.15,40.98,41.15
20130123,41.25,41.33,40.71,40.88,40.85,40.77,40.85
20130124,41.00,41.16,39.73,40.46,40.00,39.92,40.00
20130128,39.88,39.94,38.73,39.05,38.79,38.78,38.79
20130129,39.01,39.35,38.42,38.90,39.24,39.20,39.24
20130130,39.20,39.24,38.70,38.94,38.75,38.71,38.75
20130131,38.79,40.30,38.79,39.68,40.26,40.22,40.27
20130201,40.26,41.11,40.26,40.74,40.85,40.85,40.87
20130204,40.58,40.77,39.92,40.25,40.45,40.45,40.49
20130205,40.41,41.26,39.33,39.87,39.70,39.66,39.70
20130206,39.88,40.41,39.40,40.05,40.15,40.15,40.22
20130207,39.80,40.41,38.93,39.27,39.03,39.03,39.07
20130208,39.26,39.44,38.69,39.11,39.34,39.33,39.34
20130213,39.54,39.54,38.96,39.12,39.11,39.11,39.12
20130214,39.11,39.11,38.34,38.59,38.58,38.58,38.69
20130215,38.50,38.67,38.06,38.34,38.30,38.28,38.30
20130218,38.37,38.37,37.78,38.00,38.04,38.04,38.10
20130219,38.17,38.69,37.65,38.05,37.65,37.65,37.69
20130220,37.64,37.70,36.44,36.99,36.44,36.44,36.45
20130221,36.01,36.70,35.79,36.21,36.70,36.09,36.70
20130222,36.74,36.96,35.61,36.08,35.72,35.72,35.74
20130225,35.82,36.23,35.59,35.87,35.88,35.88,36.00
20130226,35.67,36.75,35.42,36.06,36.60,36.54,36.60
20130227,36.79,37.00,35.94,36.48,37.00,36.92,37.00
20130228,36.38,38.16,36.30,37.62,37.80,37.68,37.80
20130301,37.01,37.44,36.67,36.95,36.75,36.74,36.75
20130304,36.26,36.26,35.32,35.65,35.64,35.63,35.64
20130305,36.00,36.23,35.45,35.77,35.45,35.45,35.58
20130306,35.90,37.63,35.50,36.60,37.40,37.31,37.40
20130307,37.70,38.07,37.05,37.49,37.38,37.30,37.38
20130308,37.03,37.73,35.98,36.64,36.34,36.33,36.34
20130311,36.49,36.81,35.82,36.40,36.67,36.60,36.67
20130312,36.67,37.06,36.24,36.53,36.29,36.29,36.31
20130313,36.25,36.34,34.86,35.39,34.86,34.86,34.95
20130314,35.12,35.30,34.19,34.68,35.00,34.99,35.00
20130315,35.11,35.55,34.73,34.99,34.73,34.73,34.86
20130318,34.45,35.02,34.13,34.61,35.02,35.00,35.02
20130319,34.36,34.51,33.50,33.81,33.58,33.58,33.60
20130320,33.83,34.53,33.59,34.21,34.35,34.32,34.35
20130321,34.27,34.70,33.90,34.37,34.64,34.41,34.64
20130322,34.74,34.85,34.31,34.56,34.71,34.71,34.72
20130325,34.80,34.80,33.83,34.24,34.25,34.20,34.25
20130326,34.50,34.65,34.17,34.43,34.45,34.45,34.53
20130327,34.41,35.13,33.95,34.77,35.13,35.13,35.14
20130328,34.94,35.29,34.62,34.88,34.90,34.76,34.90
20130401,34.81,34.92,33.94,34.18,33.94,33.94,34.00
20130402,34.20,34.26,33.18,33.57,33.20,33.20,33.25
20130403,33.18,35.35,33.06,34.29,35.35,35.10,35.35
20130404,34.95,35.20,34.09,34.40,34.19,34.17,34.19
20130405,33.74,34.83,33.44,34.29,34.56,34.55,34.56
20130408,34.60,34.88,34.08,34.54,34.70,34.70,34.71
20130409,34.99,36.60,34.99,36.11,36.19,36.18,36.26
20130410,36.43,36.81,34.85,35.80,35.00,34.99,35.03
20130411,35.15,35.29,33.89,34.30,34.14,34.14,34.18
20130412,34.12,35.86,33.34,34.15,34.58,34.40,34.58
20130415,33.55,33.86,32.46,32.94,32.46,32.46,32.60
20130416,33.05,33.31,32.69,33.11,33.20,33.00,33.20
20130417,31.70,32.46,31.07,31.69,32.46,32.44,32.46
20130418,32.45,32.78,31.72,32.15,31.90,31.90,31.91
20130419,32.34,32.54,31.54,32.03,32.10,32.10,32.17
20130422,32.14,32.56,31.80,32.26,32.56,32.39,32.56
20130423,32.53,33.54,32.07,33.12,33.40,33.09,33.40
20130424,33.58,34.37,33.42,33.88,33.58,33.58,33.67
20130425,34.54,34.95,34.07,34.41,34.23,34.17,34.23
20130426,34.00,34.19,33.08,33.40,33.13,33.13,33.20
20130429,33.62,34.07,33.21,33.65,33.60,33.59,33.60
20130430,33.84,34.25,33.18,33.86,34.25,34.15,34.25
20130502,33.45,33.85,33.12,33.43,33.49,33.20,33.49
20130503,34.00,34.49,33.57,34.05,33.80,33.69,33.80
20130506,33.91,34.31,33.63,33.90,33.83,33.83,34.01
20130507,34.01,34.85,33.87,34.51,34.85,34.63,34.85
20130508,34.79,35.31,34.74,35.06,34.96,34.96,34.99
20130509,34.66,35.41,34.66,35.10,35.15,35.06,35.15
20130510,34.99,35.20,34.16,34.42,34.24,34.23,34.24
20130513,33.96,34.16,33.44,33.62,33.44,33.44,33.60
20130514,33.57,33.60,32.67,33.00,32.79,32.78,32.79
20130515,32.62,32.75,31.91,32.35,32.10,32.05,32.10
20130516,31.97,32.11,31.24,31.59,31.35,31.35,31.41
20130517,31.96,32.07,31.54,31.74,31.65,31.64,31.65
20130520,31.66,32.89,31.35,32.31,32.89,32.73,32.89
20130521,33.02,33.26,32.62,32.96,33.15,32.99,33.15
20130522,33.20,33.54,32.29,32.76,32.62,32.58,32.62
20130523,31.74,32.01,31.47,31.76,32.01,31.87,32.01
20130524,31.58,31.84,31.51,31.66,31.70,31.70,31.74
20130527,31.70,31.97,31.60,31.83,31.85,31.85,31.87
20130528,32.20,32.21,31.30,31.63,31.30,31.30,31.40
20130529,31.00,31.42,30.87,31.12,31.05,31.05,31.27
20130531,31.55,31.67,30.34,30.82,30.45,30.45,30.48
20130603,30.86,31.64,30.79,31.23,31.60,31.60,31.61
20130604,32.00,32.08,31.13,31.67,32.00,32.00,32.05
20130605,31.65,31.97,30.83,31.26,30.92,30.92,30.94
20130606,30.95,31.28,30.44,30.82,31.28,31.20,31.28
20130607,30.65,31.42,30.64,30.95,30.77,30.77,30.78
20130610,30.59,30.82,30.33,30.52,30.46,30.46,30.48
20130611,29.98,30.13,29.70,29.92,29.71,29.71,29.80
20130612,30.01,30.02,29.09,29.41,29.39,29.30,29.39
20130613,29.32,30.95,29.31,30.49,30.89,30.89,30.92
20130614,30.95,31.32,30.06,30.53,30.08,30.08,30.10
20130617,30.50,30.81,30.30,30.50,30.40,30.39,30.40
20130618,30.20,31.32,30.03,30.82,31.03,31.03,31.10
20130619,30.91,31.24,30.67,30.91,30.71,30.70,30.71
20130620,29.94,31.10,29.66,30.50,30.95,30.84,30.95
20130621,30.35,31.02,30.20,30.59,30.45,30.45,30.47
20130624,29.85,30.06,28.62,29.00,28.89,28.88,28.89
20130625,29.30,29.69,28.99,29.31,29.40,29.40,29.50
20130626,29.50,29.63,28.34,28.83,28.45,28.45,28.56
20130627,28.60,29.03,28.44,28.73,28.45,28.45,28.46
20130628,28.44,29.25,28.23,28.90,29.10,28.82,29.10
20130701,28.91,29.74,28.91,29.41,29.49,29.44,29.49
20130702,29.10,29.58,28.18,28.71,28.50,28.48,28.52
20130703,28.35,28.99,28.02,28.47,28.39,28.39,28.40
20130704,29.05,29.67,29.05,29.40,29.47,29.47,29.51
20130705,28.85,29.15,27.89,28.47,28.70,28.70,28.78
20130708,28.75,28.99,28.17,28.55,28.39,28.35,28.39
20130710,29.02,29.44,28.66,29.13,28.97,28.97,29.05
20130711,29.93,30.45,29.85,30.14,30.32,30.32,30.36
20130712,30.20,30.22,29.77,29.93,29.84,29.81,29.84
20130715,30.35,30.35,29.86,30.04,30.13,29.95,30.13
20130716,30.42,31.28,30.30,30.80,31.23,31.23,31.28
20130717,31.46,32.12,31.40,31.82,31.84,31.73,31.84
20130718,31.65,32.27,31.54,31.79,31.65,31.64,31.65
20130719,31.31,31.64,30.71,30.97,30.90,30.90,30.92
20130722,30.85,31.55,30.81,31.35,31.41,31.41,31.46
20130723,31.75,32.10,31.54,31.91,32.02,31.98,32.02
20130724,32.00,32.24,31.58,31.79,31.91,31.83,31.91
20130725,31.60,32.29,31.55,31.96,32.26,32.08,32.26
20130726,32.11,32.37,31.71,32.07,32.26,32.26,32.27
20130729,31.96,32.27,31.75,31.93,31.84,31.80,31.84
20130730,31.77,32.09,31.06,31.24,31.06,31.06,31.20
20130731,30.99,31.39,30.93,31.13,31.02,31.02,31.08
20130801,31.51,31.75,31.27,31.42,31.33,31.30,31.33
20130802,31.31,31.84,31.10,31.36,31.25,31.18,31.25
20130805,31.25,31.85,31.20,31.54,31.55,31.46,31.55
20130806,31.45,31.58,30.96,31.11,31.31,31.21,31.31
20130807,31.11,32.28,31.07,31.92,32.00,32.00,32.02
20130808,32.32,33.49,32.32,32.95,33.18,33.18,33.23
20130809,33.60,35.19,33.48,34.57,34.75,34.75,34.99
20130812,35.02,35.88,34.96,35.54,35.50,35.45,35.51
20130813,35.97,36.18,35.26,35.67,35.61,35.55,35.61
20130814,35.47,36.28,35.36,35.90,35.78,35.78,35.89
20130815,35.25,36.53,35.22,36.08,36.15,36.15,36.20
20130816,36.21,36.69,36.00,36.38,36.60,36.47,36.60
20130819,36.30,36.86,36.11,36.46,36.41,36.40,36.41
20130820,35.91,36.25,35.38,35.69,35.38,35.30,35.42
20130821,35.10,35.63,34.68,35.20,35.01,35.00,35.01
20130822,35.73,36.41,35.48,36.09,36.26,36.26,36.30
20130823,36.18,36.43,35.71,36.06,36.12,36.01,36.12
20130826,35.77,36.45,35.77,36.14,35.90,35.90,36.05
20130827,35.50,35.82,35.16,35.40,35.27,35.18,35.27
20130828,35.30,35.43,34.25,34.82,34.84,34.77,34.84
20130829,34.80,34.99,33.99,34.28,34.00,34.00,34.03
20130830,34.10,34.42,33.64,34.21,34.42,34.10,34.42
20130902,35.29,35.71,34.91,35.46,35.62,35.62,35.65
20130903,35.55,35.90,35.23,35.60,35.85,35.69,35.85
20130904,35.41,36.00,35.21,35.63,36.00,36.00,36.01
20130905,35.80,36.17,35.42,35.85,35.99,35.86,35.99
20130906,36.28,36.40,35.62,35.90,35.88,35.73,35.88
20130909,35.90,37.20,35.71,36.85,36.95,36.92,36.95
20130910,37.00,38.31,36.98,37.78,37.85,37.85,37.93
20130911,37.83,38.24,36.85,37.52,37.14,37.10,37.14
20130912,37.14,37.24,36.55,36.85,36.95,36.85,36.95
20130913,36.99,36.99,36.26,36.58,36.50,36.40,36.50
20130916,36.70,36.93,36.21,36.48,36.39,36.39,36.43
20130917,36.27,36.54,35.80,36.31,36.49,36.19,36.49
20130918,36.39,36.68,36.08,36.40,36.53,36.53,36.54
20130919,36.83,36.83,36.02,36.31,36.38,36.19,36.38
20130920,36.20,36.36,35.46,35.72,35.67,35.67,35.75
20130923,35.76,36.35,35.61,36.02,36.01,35.93,36.01
20130924,36.09,36.09,35.32,35.47,35.45,35.42,35.47
20130925,35.45,35.91,35.45,35.71,35.75,35.75,35.77
20130926,35.81,36.09,35.53,35.80,36.00,36.00,36.03
20130927,35.78,35.90,35.01,35.27,35.16,35.10,35.16
20130930,34.50,34.95,34.22,34.55,34.46,34.42,34.46
20131001,34.75,34.75,33.82,34.24,34.50,34.40,34.50
20131002,34.25,34.76,34.10,34.45,34.51,34.35,34.51
20131003,34.55,34.85,33.83,34.23,34.04,34.01,34.04
20131004,34.13,34.40,33.56,33.97,34.40,34.40,34.41
20131007,34.09,34.46,33.91,34.14,34.09,34.09,34.12
20131008,34.10,34.10,33.52,33.68,33.61,33.61,33.65
20131009,33.87,33.87,32.82,33.20,33.20,33.04,33.20
20131010,33.44,33.60,32.94,33.25,33.45,33.42,33.45
20131011,33.30,33.91,33.24,33.64,33.77,33.71,33.77
20131014,33.49,35.38,33.36,34.54,35.34,35.20,35.35
20131015,35.32,36.28,35.04,35.68,35.63,35.53,35.63
20131016,35.51,35.79,35.27,35.50,35.44,35.44,35.49
20131017,35.10,36.23,35.10,35.89,35.86,35.86,35.91
20131018,35.19,35.52,34.71,35.00,34.94,34.94,34.99
20131021,35.26,35.49,34.97,35.27,35.38,35.35,35.38
20131022,35.34,36.25,35.15,35.86,35.89,35.87,35.90
20131023,35.60,35.60,34.84,35.11,35.05,34.93,35.05
20131024,35.05,35.37,34.74,34.98,35.05,34.97,35.05
20131025,34.91,35.09,34.51,35.03,35.07,35.03,35.08
20131028,35.10,35.49,34.92,35.28,35.31,35.30,35.39
20131029,35.60,35.60,34.75,35.01,35.14,35.10,35.14
20131030,35.34,35.51,34.79,35.12,35.02,34.96,35.02
20131031,35.14,35.75,34.89,35.45,35.75,35.66,35.75
20131101,35.82,36.90,35.76,36.57,36.90,36.77,36.90
20131104,36.79,37.90,36.79,37.60,37.90,37.69,37.90
20131105,38.05,38.46,37.81,38.12,37.83,37.83,37.90
20131106,38.20,38.59,38.02,38.34,38.47,38.33,38.47
20131107,38.62,38.93,36.98,37.65,37.23,37.23,37.25
20131108,36.90,37.23,36.53,36.81,36.75,36.75,36.80
20131111,36.75,37.28,36.53,36.98,36.95,36.95,37.05
20131112,37.00,37.10,35.59,36.03,35.79,35.70,35.79
20131113,35.30,35.74,34.70,35.40,35.53,35.53,35.55
20131114,35.87,36.22,35.54,35.88,35.88,35.88,35.89
20131118,36.15,36.63,35.93,36.25,36.25,36.25,36.26
20131119,36.06,36.23,35.47,35.86,35.60,35.60,35.64
20131121,35.03,35.56,34.91,35.20,35.02,35.02,35.17
20131122,34.73,35.49,34.70,35.22,35.33,35.26,35.33
20131125,35.48,35.51,34.55,34.92,34.65,34.65,34.67
20131126,34.50,34.69,33.54,33.91,33.54,33.54,33.76
20131127,33.90,34.68,33.70,34.31,34.24,34.16,34.24
20131128,35.54,35.55,34.97,35.26,35.20,35.01,35.20
20131129,35.35,35.87,35.17,35.56,35.87,35.71,35.87
20131202,35.31,35.68,35.04,35.37,35.41,35.41,35.50
20131203,35.05,35.61,34.98,35.21,35.08,35.00,35.08
20131204,35.38,35.56,35.07,35.31,35.22,35.22,35.40
20131205,35.23,36.05,35.23,35.77,35.63,35.63,35.69
20131206,36.00,36.07,35.49,35.75,35.56,35.56,35.65
20131209,35.53,35.95,35.47,35.80,35.90,35.87,35.90
20131210,35.79,36.20,35.35,35.59,35.42,35.42,35.43
20131211,35.43,35.48,34.70,35.08,34.70,34.70,34.74
20131212,35.00,35.00,34.27,34.52,34.55,34.55,34.56
20131213,35.00,35.00,34.12,34.36,34.33,34.33,34.38
20131216,34.33,34.68,34.27,34.43,34.39,34.30,34.39
20131217,34.17,34.81,34.13,34.37,34.27,34.20,34.27
20131218,34.57,34.57,34.15,34.36,34.37,34.30,34.37
20131219,34.80,35.11,34.42,34.69,35.11,35.00,35.11
20131220,34.75,35.08,34.25,34.54,34.45,34.38,34.45
20131223,34.45,34.72,34.27,34.55,34.56,34.45,34.56
20131226,34.83,34.90,34.53,34.67,34.71,34.60,34.71
20131227,34.89,35.68,34.76,35.33,35.50,35.41,35.50
20131230,35.88,36.11,35.51,35.82,35.71,35.71,35.89
20140102,35.91,36.05,34.57,35.10,34.81,34.67,34.81
20140103,34.81,34.81,33.81,33.98,33.81,33.81,33.84
20140106,33.63,34.09,33.39,33.80,34.09,34.01,34.09
20140107,34.01,34.35,33.12,33.61,33.25,33.21,33.25
20140108,33.49,33.64,33.27,33.46,33.48,33.40,33.48
20140109,33.48,33.48,32.15,32.74,32.29,32.24,32.29
20140110,32.26,32.86,32.17,32.48,32.25,32.20,32.25
20140113,32.06,32.45,31.87,32.10,32.04,31.96,32.04
20140114,31.96,32.26,31.73,31.96,32.02,31.83,32.02
20140115,32.10,32.52,31.83,32.25,32.45,32.45,32.51
20140116,32.98,33.36,32.59,32.95,32.83,32.71,32.83
20140117,32.81,32.96,32.37,32.55,32.49,32.43,32.49
20140120,32.16,32.44,31.56,32.03,31.79,31.70,31.79
20140121,31.86,31.89,31.03,31.38,31.08,31.04,31.08
20140122,31.33,32.01,31.11,31.67,31.81,31.81,31.84
20140123,31.30,31.80,30.92,31.26,30.93,30.93,30.94
20140124,30.81,31.40,30.75,31.12,31.25,31.24,31.25
20140127,31.34,31.46,30.70,31.06,31.12,31.12,31.20
20140128,31.78,32.06,31.65,31.82,31.75,31.75,31.87
20140129,31.75,33.57,31.48,32.65,33.10,33.10,33.18
20140130,33.12,33.38,32.41,32.80,32.50,32.50,32.52
20140131,32.18,33.16,32.04,32.77,33.05,33.04,33.05
20140203,32.97,33.00,32.09,32.40,32.13,32.13,32.25
20140204,32.52,32.95,31.97,32.56,32.67,32.67,32.73
20140205,32.75,33.61,32.66,33.33,33.50,33.50,33.52
20140206,34.00,34.78,33.69,34.39,34.26,34.26,34.30
20140207,34.28,34.63,33.79,34.16,34.05,34.05,34.12
20140210,33.93,34.43,33.57,33.85,33.64,33.63,33.64
20140211,34.00,34.63,33.60,34.31,34.49,34.35,34.50
20140212,34.65,34.87,34.30,34.51,34.46,34.46,34.53
20140213,34.25,34.45,33.81,34.11,34.32,34.32,34.42
20140214,34.50,34.95,34.25,34.73,34.84,34.82,34.84
20140217,34.96,35.09,34.49,34.77,34.49,34.49,34.64
20140218,34.65,35.19,34.50,34.90,34.57,34.57,34.60
20140219,34.55,35.09,34.37,34.79,34.92,34.92,34.98
20140220,34.73,34.91,34.50,34.67,34.52,34.52,34.55
20140221,34.75,34.88,34.40,34.60,34.61,34.61,34.62
20140224,34.57,34.57,33.66,33.93,33.67,33.67,33.77
20140225,33.20,33.24,32.39,32.69,32.51,32.51,32.59
20140226,32.57,32.96,32.18,32.61,32.52,32.52,32.71
20140227,33.10,33.55,32.66,33.18,33.01,33.01,33.19
20140228,33.04,33.20,32.57,32.99,33.00,32.99,33.00
20140305,32.35,32.74,31.76,32.08,31.85,31.85,31.90
20140306,32.11,32.18,31.74,31.83,31.75,31.75,31.89
20140307,31.50,31.68,30.44,30.86,30.55,30.55,30.60
20140310,30.01,30.19,29.50,29.82,30.04,30.04,30.05
20140311,30.30,30.49,29.48,29.77,29.55,29.55,29.63
20140312,29.50,30.32,29.31,30.07,30.11,30.11,30.16
20140313,30.25,30.56,29.22,29.67,29.30,29.30,29.46
20140314,29.34,29.66,29.08,29.35,29.26,29.26,29.28
20140317,29.27,30.05,29.25,29.57,29.31,29.31,29.49
20140318,29.53,29.98,29.27,29.70,29.81,29.81,29.90
20140319,29.80,30.21,29.48,29.79,29.61,29.61,29.69
20140320,29.49,30.13,29.26,29.82,29.88,29.73,29.88
20140321,29.70,30.77,29.65,30.43,30.43,30.31,30.43
20140324,30.60,30.78,30.28,30.53,30.58,30.58,30.75
20140325,31.00,31.21,30.69,30.92,30.82,30.76,30.82
20140326,31.25,31.31,30.46,30.73,30.47,30.47,30.59
20140327,30.91,31.19,30.64,31.00,31.11,31.03,31.11
20140328,31.30,31.51,30.71,31.05,31.01,31.01,31.17
20140331,31.30,32.00,31.30,31.57,31.42,31.42,31.46
20140401,31.70,31.84,31.05,31.32,31.36,31.36,31.39
20140402,31.36,33.02,31.34,32.38,32.53,32.53,32.60
20140403,32.40,33.06,32.12,32.69,32.91,32.86,32.94
20140404,33.15,33.35,32.48,32.77,32.48,32.48,32.65
20140407,32.99,33.43,32.69,33.15,33.34,33.20,33.34
20140408,33.66,34.44,33.13,33.81,33.26,33.26,33.37
20140409,33.20,33.46,32.74,33.08,32.98,32.98,33.00
20140410,32.90,33.09,32.50,32.76,32.80,32.60,32.80
20140411,32.62,32.97,32.15,32.64,32.97,32.90,32.97
20140414,33.02,33.24,32.76,32.98,32.89,32.89,33.03
20140415,31.80,32.25,30.25,30.88,30.94,30.94,31.01
20140416,31.15,31.42,30.92,31.13,31.08,31.08,31.20
20140417,31.15,31.91,31.05,31.49,31.65,31.54,31.67
20140422,31.37,31.37,30.71,30.91,30.71,30.71,30.74
20140423,30.70,30.80,30.21,30.36,30.29,30.29,30.37
20140424,30.50,31.15,30.27,30.66,30.79,30.75,30.79
20140425,30.60,30.70,30.08,30.24,30.32,30.30,30.32
20140428,29.91,30.00,29.14,29.57,29.59,29.59,29.69
20140429,29.88,29.96,29.62,29.79,29.78,29.77,29.85
20140430,29.38,29.67,28.72,29.36,29.40,29.40,29.45
20140502,29.61,30.39,29.38,30.13,30.20,30.15,30.20
20140505,30.29,30.44,29.77,30.05,30.11,30.01,30.11
20140506,29.90,30.42,29.78,30.03,29.82,29.82,29.85
20140507,29.89,30.24,29.67,29.96,29.97,29.97,30.09
20140508,30.14,30.20,29.22,29.52,29.47,29.47,29.51
20140509,29.52,29.67,29.22,29.44,29.22,29.22,29.32
20140512,29.90,30.70,29.69,30.34,30.60,30.55,30.60
20140513,30.55,30.93,30.40,30.69,30.65,30.65,30.74
20140514,30.74,31.48,30.72,31.27,31.39,31.34,31.39
20140515,31.25,31.43,30.82,31.08,31.10,31.03,31.10
20140516,30.85,30.86,30.18,30.49,30.40,30.40,30.44
20140519,30.10,30.10,29.45,29.62,29.47,29.46,29.54
20140520,29.45,29.65,28.85,29.08,28.86,28.86,28.99
20140521,29.20,29.39,28.89,29.05,28.89,28.89,28.94
20140522,29.18,29.81,29.17,29.40,29.34,29.34,29.45
20140523,29.49,29.58,29.12,29.29,29.26,29.26,29.30
20140526,29.45,29.77,29.39,29.53,29.60,29.51,29.60
20140527,29.45,29.70,29.09,29.29,29.09,29.09,29.15
20140528,29.06,29.25,28.86,29.05,29.09,29.09,29.16
20140529,29.25,29.34,28.85,29.16,29.34,29.18,29.34
20140530,28.65,28.94,28.29,28.47,28.40,28.40,28.45
20140602,28.77,29.37,28.65,29.17,29.14,29.10,29.14
20140603,29.14,29.20,28.68,28.84,28.85,28.85,28.94
20140604,28.80,29.24,28.76,28.94,28.92,28.82,28.92
20140605,28.92,29.23,28.75,29.00,28.78,28.77,28.78
20140606,29.40,29.60,29.14,29.40,29.37,29.37,29.44
20140609,29.41,29.80,29.36,29.59,29.63,29.63,29.70
20140610,29.68,29.75,29.08,29.36,29.44,29.40,29.44
20140611,29.90,29.93,29.31,29.60,29.64,29.46,29.65
20140613,28.75,29.04,28.48,28.58,28.60,28.60,28.62
20140616,28.75,28.75,28.21,28.43,28.42,28.42,28.57
20140617,28.41,28.48,28.26,28.36,28.45,28.45,28.47
20140618,28.50,28.96,28.43,28.76,28.85,28.82,28.85
20140620,28.80,28.99,28.50,28.76,28.77,28.63,28.77
20140623,29.10,29.38,28.91,29.14,29.11,29.11,29.19
20140624,29.10,29.29,28.64,28.99,28.71,28.71,28.80
20140625,28.59,29.07,28.47,28.75,28.66,28.66,28.85
20140626,28.99,29.75,28.99,29.43,29.34,29.34,29.51
20140627,29.29,29.54,29.00,29.17,29.06,29.06,29.12
20140630,29.01,29.32,28.81,29.07,29.24,29.20,29.24
20140701,29.50,29.97,29.50,29.73,29.65,29.65,29.70
20140702,29.80,30.53,29.73,30.27,30.44,30.37,30.44
20140703,30.56,31.38,30.56,30.99,31.04,31.04,31.05
20140704,31.17,31.25,31.00,31.14,31.22,31.22,31.24
20140707,31.00,31.21,30.61,30.78,30.80,30.80,30.90
20140708,30.95,31.02,30.57,30.75,30.81,30.64,30.81
20140710,30.82,30.98,30.51,30.74,30.80,30.68,30.80
20140711,30.80,31.00,30.40,30.72,30.70,30.70,30.77
20140714,30.95,31.20,30.80,30.98,30.86,30.86,30.94
20140715,30.90,31.29,30.90,31.08,31.06,31.06,31.19
20140716,31.37,32.08,31.37,31.91,31.92,31.92,31.94
20140717,31.80,31.93,31.44,31.66,31.48,31.48,31.56
20140718,32.00,32.00,31.40,31.70,31.45,31.42,31.45
20140721,31.49,31.72,31.23,31.46,31.56,31.56,31.69
20140722,31.80,32.14,31.80,31.99,31.87,31.87,32.10
20140723,31.80,32.21,31.72,31.89,31.73,31.73,31.83
20140724,32.06,32.60,31.99,32.33,32.34,32.34,32.37
20140725,32.30,32.50,32.25,32.39,32.38,32.38,32.41
20140728,32.57,33.05,32.57,32.89,32.82,32.82,32.91
20140729,33.00,33.25,32.82,32.99,32.92,32.92,33.00
20140730,32.95,32.99,32.15,32.42,32.22,32.22,32.35
20140731,32.09,32.95,32.03,32.47,32.55,32.55,32.62
20140801,32.45,32.55,31.65,31.97,31.77,31.77,31.82
20140804,31.86,32.14,31.55,31.87,32.14,31.98,32.14
20140805,32.00,32.00,31.56,31.72,31.62,31.60,31.62
20140806,31.63,32.07,31.55,31.87,31.80,31.80,31.98
20140807,32.05,32.14,31.54,31.68,31.60,31.60,31.70
20140808,31.50,31.91,31.36,31.67,31.61,31.61,31.69
20140811,32.00,32.31,31.84,32.03,31.84,31.84,31.97
20140812,31.85,32.05,31.72,31.88,32.01,31.90,32.01
20140813,31.75,31.82,31.00,31.37,31.34,31.34,31.35
20140814,31.10,31.25,30.27,30.63,30.59,30.59,30.64
20140815,30.90,31.10,30.66,30.93,31.00,30.95,31.00
20140818,31.20,31.30,30.80,31.13,31.24,31.20,31.24
20140819,31.05,31.53,30.91,31.27,31.25,31.25,31.30
20140820,31.39,31.90,31.25,31.59,31.77,31.77,31.87
20140821,31.70,31.96,31.43,31.60,31.56,31.56,31.57
20140822,31.44,31.45,31.16,31.30,31.37,31.26,31.37
20140825,31.53,31.53,31.13,31.22,31.17,31.17,31.30
20140826,31.05,31.38,30.82,31.12,31.02,31.02,31.20
20140827,31.20,31.22,30.68,30.90,30.68,30.68,30.79
20140828,30.07,30.23,29.11,29.44,29.33,29.33,29.35
20140829,29.50,29.65,28.81,29.11,29.12,29.12,29.13
20140901,29.45,29.50,28.88,29.06,28.95,28.95,29.00
20140902,29.12,29.30,28.70,28.95,28.75,28.75,28.76
20140903,28.86,29.50,28.76,29.12,29.00,29.00,29.12
20140904,28.98,29.06,28.68,28.83,28.68,28.68,28.70
20140905,28.49,28.68,27.87,28.17,28.25,28.25,28.30
20140908,28.29,28.35,27.80,28.09,28.10,28.10,28.25
20140909,28.05,28.89,28.05,28.57,28.61,28.61,28.64
20140910,28.49,28.77,28.10,28.25,28.40,28.23,28.40
20140911,28.49,28.55,28.19,28.40,28.36,28.36,28.44
20140912,28.17,28.75,28.00,28.46,28.62,28.62,28.65
20140915,28.89,29.24,28.78,29.03,29.11,29.10,29.11
20140916,28.98,29.57,28.81,29.22,29.15,29.15,29.34
20140917,29.45,29.50,28.89,29.13,29.06,29.06,29.19
20140918,28.95,29.51,28.85,29.18,29.09,29.09,29.12
20140919,28.83,29.07,28.32,28.52,28.32,28.32,28.38
20140922,27.85,27.85,26.96,27.38,27.28,27.28,27.39
20140923,27.33,27.71,27.29,27.48,27.55,27.53,27.56
20140924,27.55,28.05,27.55,27.82,27.64,27.64,27.70
20140925,27.60,27.60,27.04,27.30,27.35,27.34,27.35
20140926,27.41,27.56,26.97,27.19,26.97,26.97,27.09
20140929,26.25,26.99,26.14,26.66,26.54,26.54,26.61
20140930,26.68,27.47,26.25,26.69,26.85,26.85,26.87
20141001,26.65,27.51,26.60,27.08,26.83,26.83,26.89
20141002,26.90,27.84,26.62,27.35,27.61,27.58,27.62
20141003,27.45,27.66,26.86,27.19,27.20,27.20,27.24
20141006,27.95,28.14,27.22,27.54,27.34,27.33,27.34
20141007,27.80,27.83,27.26,27.55,27.40,27.40,27.56
20141008,27.75,27.79,27.13,27.38,27.37,27.37,27.53
20141009,27.73,27.73,26.75,27.09,26.90,26.88,26.90
20141010,26.75,26.91,26.25,26.48,26.25,26.25,26.44
20141013,27.15,28.12,27.04,27.66,27.49,27.49,27.57
20141014,27.75,28.74,27.59,28.34,28.31,28.31,28.32
20141015,27.85,28.37,27.44,27.89,28.30,28.24,28.30
20141016,27.60,27.81,26.69,27.54,27.38,27.38,27.40
20141017,26.70,27.08,26.18,26.63,26.62,26.62,26.65
20141020,26.50,26.63,26.07,26.29,26.35,26.34,26.38
20141021,26.11,26.94,25.92,26.61,26.76,26.76,26.79
20141022,26.76,27.03,26.41,26.75,26.76,26.76,26.81
20141023,26.41,27.59,26.30,27.10,27.25,27.24,27.25
20141024,26.89,28.08,26.89,27.59,27.45,27.45,27.58
20141027,26.68,27.00,26.19,26.50,26.35,26.35,26.36
20141028,26.75,26.77,25.93,26.19,26.14,26.14,26.19
20141029,25.99,26.32,24.76,25.16,24.76,24.75,24.80
20141030,23.81,24.10,23.50,23.77,23.70,23.70,23.72
20141031,23.95,25.00,23.81,24.55,25.00,24.82,25.00
20141103,24.70,24.90,24.31,24.70,24.90,24.69,24.90
20141104,24.78,24.83,23.80,24.12,24.11,24.10,24.11
20141105,23.75,24.28,23.46,23.92,24.00,24.00,24.04
20141106,23.54,23.88,23.31,23.63,23.65,23.65,23.81
20141107,23.66,24.35,23.66,24.05,24.02,24.02,24.15
20141110,24.50,24.50,23.30,23.71,23.30,23.30,23.43
20141111,22.94,23.05,22.28,22.57,22.57,22.57,22.72
20141112,22.59,23.05,22.50,22.65,22.52,22.52,22.60
20141113,22.52,22.84,22.45,22.61,22.46,22.46,22.53
20141114,22.29,23.10,22.06,22.81,23.00,23.00,23.04
20141117,22.93,23.18,22.75,22.93,22.93,22.93,23.07
20141118,22.88,22.89,22.01,22.23,22.03,22.03,22.13
20141119,21.85,22.25,21.67,22.01,22.16,22.16,22.17
20141121,23.19,24.10,22.76,23.49,23.59,23.55,23.59
20141124,24.00,24.13,23.47,23.77,23.70,23.70,23.74
20141125,23.79,23.96,23.56,23.79,23.96,23.90,23.96
20141126,24.01,24.05,23.04,23.42,23.04,23.04,23.11
20141127,23.26,23.74,22.98,23.26,22.98,22.98,23.16
20141128,23.24,23.65,23.04,23.31,23.30,23.30,23.33
20141201,22.84,23.03,22.09,22.45,22.22,22.22,22.30
20141202,22.45,22.74,21.65,22.20,21.65,21.65,21.80
20141203,21.83,22.20,21.62,21.88,21.95,21.86,21.95
20141204,22.01,22.01,21.41,21.70,21.67,21.67,21.75
20141205,21.65,22.04,21.40,21.72,21.88,21.88,21.98
20141208,21.79,21.86,21.01,21.30,21.18,21.18,21.19
20141209,20.41,21.08,20.29,20.68,20.70,20.69,20.71
20141210,20.64,20.82,19.93,20.26,19.93,19.93,20.02
20141211,19.92,19.94,19.13,19.44,19.37,19.37,19.47
20141212,19.27,19.69,18.91,19.16,18.91,18.91,19.05
20141215,19.05,19.36,18.54,18.77,18.69,18.66,18.74
20141216,18.33,19.62,18.20,19.22,19.35,19.19,19.35
20141217,19.55,19.85,19.34,19.67,19.71,19.71,19.72
20141218,20.00,20.03,19.45,19.78,19.96,19.90,19.96
20141219,20.30,21.57,20.03,21.08,21.57,21.53,21.57
20141222,21.89,22.01,21.15,21.44,21.37,21.36,21.37
20141223,21.15,22.30,21.05,21.89,22.22,22.21,22.22
20141226,22.22,22.41,21.68,21.98,21.68,21.68,21.80
20141229,21.70,22.25,21.70,22.10,22.11,22.00,22.11
20141230,22.38,22.61,21.88,22.07,21.91,21.91,22.05
20150102,21.70,21.95,21.06,21.32,21.28,21.28,21.30
20150105,20.76,21.13,20.51,20.90,20.96,20.85,20.96
20150106,21.27,22.13,21.07,21.71,21.80,21.74,21.80
20150107,22.32,22.81,21.97,22.43,22.60,22.60,22.64
20150108,22.77,22.88,22.11,22.65,22.84,22.78,22.85
20150109,22.59,22.85,22.29,22.51,22.35,22.35,22.53
20150112,22.11,22.65,21.93,22.28,22.64,22.59,22.64
20150113,22.70,23.13,22.51,22.82,22.51,22.51,22.59
20150114,21.80,22.00,20.69,21.28,20.70,20.70,20.82
20150115,20.80,21.26,20.45,20.95,20.94,20.94,20.97
20150116,21.05,22.22,20.85,21.71,21.88,21.73,21.88
20150119,21.45,21.68,21.30,21.52,21.65,21.56,21.66
20150120,22.08,22.08,21.52,21.76,21.74,21.65,21.74
20150121,21.87,22.28,21.51,21.99,22.08,21.96,22.08
20150122,22.35,22.87,21.76,22.18,21.91,21.91,21.95
20150123,21.50,21.60,20.47,20.81,20.52,20.52,20.59
20150126,20.01,20.11,19.57,19.80,19.58,19.57,19.60
20150127,19.37,19.54,18.58,18.95,19.00,18.91,19.00
20150128,18.72,19.35,18.65,18.99,18.95,18.92,18.97
20150129,19.00,19.21,17.91,18.40,18.05,18.04,18.05
20150130,17.70,18.68,17.65,18.33,18.61,18.47,18.61
20150202,18.95,19.82,18.65,19.45,19.74,19.74,19.80
20150203,20.34,21.22,20.13,20.74,20.87,20.87,20.89
20150204,20.88,21.17,20.16,20.57,20.55,20.55,20.63
20150205,20.56,21.17,20.43,20.69,20.45,20.45,20.60
20150206,20.21,20.63,19.96,20.29,20.42,20.41,20.42
20150209,20.25,21.86,20.21,21.36,21.59,21.59,21.60
20150210,21.28,21.61,20.40,20.82,20.40,20.40,20.50
20150211,20.33,21.18,20.33,20.82,21.10,21.08,21.10
20150212,21.70,21.87,21.27,21.63,21.58,21.58,21.60
20150213,21.89,22.70,21.81,22.47,22.48,22.48,22.52
20150218,22.70,23.00,22.68,22.79,22.71,22.71,22.72
20150219,22.88,22.88,22.04,22.21,22.10,22.10,22.18
20150220,22.21,22.71,21.95,22.37,22.62,22.62,22.63
20150223,22.10,22.28,21.38,21.60,21.62,21.50,21.62
20150224,21.65,22.29,21.59,22.04,22.04,22.00,22.04
20150225,21.83,22.26,21.80,22.07,22.14,22.11,22.14
20150226,21.87,21.94,20.88,21.26,21.25,21.24,21.25
20150227,21.35,21.63,21.11,21.34,21.25,21.24,21.52
20150302,21.16,21.25,20.39,20.66,20.56,20.51,20.56
20150303,20.71,21.12,20.62,20.84,20.79,20.79,20.88
20150304,20.48,20.67,20.09,20.33,20.39,20.34,20.39
20150305,20.38,20.38,19.39,19.73,19.50,19.42,19.50
20150306,19.45,19.87,19.07,19.48,19.59,19.58,19.60
20150309,19.43,19.77,19.15,19.49,19.54,19.54,19.58
20150310,19.13,19.53,19.04,19.25,19.10,19.04,19.10
20150311,19.13,19.18,18.78,18.92,18.86,18.86,18.90
20150312,19.12,19.56,18.86,19.15,18.86,18.86,18.88
20150313,18.60,19.13,18.15,18.64,18.88,18.85,18.92
20150316,19.07,19.33,18.53,18.88,18.90,18.90,19.01
20150317,18.98,20.00,18.97,19.59,19.88,19.87,19.88
20150318,19.55,19.71,19.13,19.42,19.59,19.47,19.59
20150319,19.65,19.67,19.15,19.29,19.15,19.15,19.24
20150320,19.47,20.25,19.09,19.92,20.25,20.02,20.25
20150323,20.33,20.46,19.88,20.27,20.38,20.34,20.38
20150324,20.20,20.43,19.41,19.81,19.58,19.58,19.60
20150325,19.74,19.94,19.28,19.65,19.76,19.76,19.78
20150326,19.60,19.81,18.92,19.24,18.92,18.92,19.00
20150327,18.83,18.88,18.17,18.36,18.35,18.34,18.35
20150330,18.62,18.73,18.23,18.50,18.62,18.62,18.65
20150331,18.31,18.37,17.83,17.98,17.94,17.94,18.00
20150401,17.78,17.81,17.37,17.54,17.54,17.54,17.59
20150402,17.46,18.14,17.17,17.82,18.00,17.99,18.00
20150406,18.24,18.50,17.88,18.22,18.13,18.13,18.14
20150407,18.35,19.20,18.27,18.89,19.00,18.99,19.00
20150408,19.45,19.55,18.63,18.99,18.75,18.69,18.75
20150409,18.45,18.93,18.19,18.74,18.80,18.79,18.80
20150410,18.80,18.93,18.42,18.65,18.42,18.42,18.44
20150413,18.40,18.87,18.04,18.40,18.24,18.24,18.30
20150414,18.55,19.25,18.55,18.86,18.75,18.75,18.76
20150415,18.45,18.71,18.10,18.40,18.60,18.56,18.60
20150416,18.46,18.72,18.01,18.36,18.06,18.06,18.08
20150417,17.91,18.12,17.76,17.90,17.80,17.80,17.98
20150420,17.86,18.12,17.71,17.86,17.73,17.72,17.73
20150422,18.27,19.56,18.21,19.13,19.45,19.41,19.45
20150423,19.26,21.25,19.26,20.61,21.09,21.09,21.13
20150424,21.95,23.55,21.90,23.08,23.20,23.20,23.21
20150427,23.35,24.81,23.04,23.83,23.46,23.46,23.50
20150428,23.73,24.14,22.07,22.57,22.55,22.47,22.55
20150429,21.65,21.87,21.09,21.36,21.11,21.11,21.17
20150430,20.60,22.76,20.37,21.55,22.65,22.65,22.73
20150504,24.10,24.78,23.72,24.51,24.78,24.60,24.78
20150505,24.88,27.11,24.76,26.27,27.06,27.05,27.06
20150506,27.50,27.89,24.88,26.32,24.93,24.93,25.05
20150507,25.00,25.40,23.57,24.02,23.88,23.88,23.90
20150508,24.45,24.70,22.71,23.54,22.75,22.75,22.80
20150511,23.26,23.94,23.07,23.38,23.28,23.26,23.28
20150512,23.20,23.59,22.26,22.71,22.33,22.30,22.33
20150513,22.15,22.38,21.52,21.79,21.60,21.60,21.70
20150514,21.55,22.05,21.14,21.48,21.33,21.33,21.35
20150515,21.35,21.65,21.19,21.34,21.28,21.28,21.34
20150518,21.21,21.50,20.24,20.74,20.24,20.24,20.25
20150519,20.00,20.23,19.83,20.07,20.12,20.11,20.12
20150520,20.01,20.48,19.80,20.02,19.85,19.85,19.90
20150521,19.78,20.50,19.78,20.15,20.25,20.20,20.25
20150522,20.50,20.69,20.16,20.37,20.26,20.26,20.35
20150525,20.11,20.86,20.11,20.64,20.57,20.57,20.68
20150526,20.64,21.18,20.50,20.92,20.79,20.65,20.79
20150527,20.80,21.01,20.26,20.66,20.95,20.86,20.95
20150528,20.52,20.75,20.28,20.48,20.54,20.54,20.62
20150529,20.49,20.69,20.05,20.32,20.05,20.05,20.07
20150601,20.07,20.39,19.79,20.04,20.04,19.95,20.04
20150602,20.10,21.40,20.10,20.94,21.35,21.32,21.35
20150603,21.36,21.54,20.75,21.13,20.89,20.89,20.90
20150605,20.50,20.99,20.32,20.63,20.60,20.52,20.60
20150608,20.53,20.65,20.09,20.24,20.10,20.09,20.21
20150609,19.95,20.62,19.90,20.17,19.98,19.91,19.98
20150610,20.55,21.35,20.39,21.05,21.21,21.15,21.21
20150611,21.44,21.72,21.07,21.33,21.33,21.33,21.36
20150612,21.12,21.31,20.94,21.12,21.16,21.16,21.28
20150615,20.88,21.03,20.25,20.50,20.34,20.25,20.34
20150616,20.15,20.18,19.69,19.84,19.75,19.75,19.76
20150617,19.75,19.83,19.30,19.48,19.47,19.47,19.48
20150618,19.65,20.40,19.49,19.88,20.40,20.30,20.40
20150619,20.14,20.35,19.85,20.22,20.32,20.31,20.32
20150622,20.50,20.53,19.69,19.93,19.69,19.69,19.75
20150623,20.17,20.17,19.81,19.95,19.81,19.81,19.95
20150624,20.08,20.18,19.71,19.93,19.80,19.80,19.91
20150625,19.85,19.88,19.13,19.32,19.32,19.32,19.33
20150626,19.39,19.63,19.06,19.43,19.62,19.54,19.62
20150629,19.18,19.49,19.01,19.23,19.20,19.20,19.29
20150630,19.04,19.20,18.16,18.44,18.29,18.28,18.29
20150701,18.32,18.61,17.97,18.24,18.11,18.11,18.15
20150702,17.89,18.36,17.75,18.08,18.07,18.07,18.10
20150703,17.90,18.08,17.56,17.70,17.68,17.62,17.68
20150706,17.45,17.68,17.24,17.55,17.65,17.63,17.65
20150707,17.50,18.05,16.64,17.34,17.93,17.93,17.97
20150708,17.35,17.82,17.03,17.42,17.16,17.16,17.20
20150710,17.99,18.05,17.11,17.56,17.11,17.11,17.20
20150713,17.40,18.52,16.94,17.96,18.50,18.44,18.50
20150714,18.17,18.21,17.66,17.84,17.82,17.82,17.85
20150715,18.08,18.19,17.11,17.46,17.11,17.11,17.18
20150716,17.32,17.69,17.28,17.47,17.64,17.64,17.66
20150717,17.73,17.74,17.28,17.47,17.45,17.45,17.59
20150720,17.40,17.92,17.30,17.60,17.31,17.31,17.41
20150721,17.41,18.03,17.20,17.67,17.55,17.55,17.57
20150722,17.25,17.46,16.84,17.26,17.29,17.28,17.29
20150723,17.31,17.93,17.28,17.45,17.32,17.32,17.34
20150724,17.32,17.55,16.54,16.87,16.79,16.79,16.82
20150727,16.75,17.55,16.41,17.03,16.76,16.76,16.85
20150728,17.17,18.20,17.06,17.83,18.09,18.09,18.14
20150729,18.40,18.70,18.20,18.45,18.35,18.35,18.38
20150730,19.10,19.81,17.39,18.39,17.45,17.45,17.56
20150731,17.53,18.04,17.13,17.68,17.87,17.87,17.90
20150803,17.81,17.94,17.30,17.65,17.59,17.59,17.60
20150804,17.92,18.31,17.92,18.10,18.10,18.09,18.10
20150805,18.65,19.28,18.65,18.95,19.01,18.96,19.01
20150806,18.76,19.79,18.67,19.39,19.58,19.58,19.64
20150807,19.45,19.49,18.42,18.90,18.42,18.42,18.50
20150810,18.55,19.56,18.33,19.18,19.35,19.34,19.35
20150811,18.85,19.04,18.11,18.46,18.60,18.56,18.60
20150812,18.40,19.13,18.15,18.71,18.92,18.92,19.05
20150813,19.00,19.50,18.44,18.70,18.48,18.48,18.60
20150814,18.50,18.75,18.20,18.39,18.20,18.20,18.22
20150817,18.10,18.33,17.97,18.09,18.01,18.01,18.07
20150818,18.05,18.05,17.42,17.61,17.42,17.42,17.56
20150819,17.40,17.49,16.68,16.98,16.84,16.84,16.89
20150820,16.91,17.34,16.73,17.07,17.17,17.17,17.18
20150821,16.95,17.16,16.70,16.92,16.70,16.70,16.73
20150824,15.14,16.40,14.77,15.58,15.40,15.40,15.43
20150825,16.14,16.28,15.35,15.74,15.35,15.35,15.50
20150826,15.73,15.95,15.28,15.57,15.90,15.90,15.98
20150827,16.20,17.69,16.18,17.10,17.69,17.51,17.69
20150828,17.45,18.39,17.21,17.65,17.31,17.31,17.33
20150831,17.02,18.09,16.96,17.66,17.92,17.92,18.06
20150901,17.31,17.96,17.10,17.43,17.10,17.05,17.10
20150902,17.52,18.20,17.26,17.80,18.11,18.11,18.12
20150903,18.18,19.37,18.10,18.89,18.73,18.73,18.85
20150904,18.35,18.60,18.05,18.26,18.24,18.24,18.30
20150908,18.97,19.20,18.63,18.92,18.93,18.93,19.00
20150909,19.40,19.94,18.94,19.34,19.06,19.06,19.12
20150910,18.70,20.06,18.66,19.72,19.94,19.94,20.00
20150911,20.23,20.56,19.17,19.63,19.45,19.35,19.45
20150914,19.32,19.59,18.80,19.09,19.15,19.14,19.15
20150915,19.10,19.26,18.52,18.76,18.60,18.60,18.66
20150916,18.82,19.27,18.63,18.93,19.04,19.04,19.25
20150917,18.88,20.28,18.88,19.73,19.49,19.49,19.86
20150918,19.46,20.41,19.39,19.95,19.91,19.83,19.91
20150921,20.01,20.28,19.63,20.02,19.93,19.93,19.94
20150922,19.45,19.71,18.84,19.27,19.46,19.46,19.49
20150923,19.46,19.65,18.90,19.17,18.90,18.90,18.93
20150924,18.35,18.99,18.35,18.68,18.45,18.45,18.54
20150925,18.66,18.92,17.82,18.12,17.93,17.93,17.98
20150928,17.70,17.70,16.57,16.75,16.59,16.59,16.64
20150929,16.80,17.18,16.43,16.76,16.48,16.48,16.52
20150930,16.96,17.05,16.33,16.61,16.58,16.57,16.58
20151001,16.81,17.51,16.71,17.20,17.22,17.21,17.22
20151002,17.08,17.93,16.87,17.44,17.82,17.82,17.95
20151005,18.10,18.39,18.00,18.16,18.14,18.14,18.21
20151006,18.35,18.55,18.00,18.33,18.31,18.31,18.32
20151007,19.30,20.30,19.30,19.86,20.15,20.03,20.15
20151008,20.07,20.18,19.68,19.96,20.06,19.96,20.06
20151009,20.53,20.83,20.20,20.66,20.79,20.72,20.79
20151013,19.97,20.00,18.55,19.05,18.58,18.58,18.68
20151014,18.70,19.17,18.60,18.80,18.70,18.70,18.79
20151015,18.86,19.05,18.43,18.78,18.97,18.97,19.05
20151016,18.86,18.86,18.20,18.49,18.42,18.42,18.75
20151019,18.41,18.55,17.71,18.00,17.80,17.77,17.88
20151020,17.90,17.97,17.35,17.55,17.61,17.52,17.61
20151021,17.60,18.28,17.59,17.97,18.09,18.03,18.09
20151022,18.20,19.00,18.17,18.57,18.51,18.42,18.51
20151023,19.25,19.33,18.35,18.88,18.60,18.60,18.61
20151026,18.55,18.65,17.83,18.02,17.86,17.86,17.88
20151027,17.81,17.91,16.95,17.24,17.03,17.02,17.03
20151028,16.86,16.92,16.40,16.63,16.57,16.50,16.57
20151029,16.21,16.50,16.14,16.29,16.14,16.13,16.15
20151030,16.31,17.06,16.30,16.73,17.06,17.00,17.06
20151103,17.25,17.75,16.84,17.45,17.75,17.64,17.75
20151104,18.17,18.35,17.07,17.71,17.40,17.31,17.40
20151105,17.41,17.41,16.64,16.91,16.95,16.93,16.95
20151106,16.16,16.36,15.59,15.88,15.67,15.67,15.68
20151109,15.64,15.84,15.36,15.53,15.44,15.43,15.44
20151110,15.35,15.43,15.13,15.30,15.38,15.33,15.38
20151111,15.51,15.84,15.06,15.34,15.32,15.27,15.32
20151112,15.15,15.32,15.00,15.15,15.05,15.05,15.12
20151113,15.09,15.39,15.00,15.24,15.37,15.29,15.37
20151116,15.38,15.53,14.99,15.16,15.05,15.05,15.09
20151117,15.10,15.10,14.49,14.64,14.52,14.52,14.55
20151118,14.45,14.94,14.35,14.71,14.59,14.53,14.59
20151119,14.88,15.00,14.50,14.70,14.64,14.64,14.65
20151123,14.34,14.48,14.06,14.19,14.25,14.18,14.25
20151124,14.11,14.64,13.88,14.33,14.47,14.46,14.47
20151125,14.22,14.51,14.06,14.25,14.06,14.06,14.10
20151126,14.12,14.27,14.09,14.16,14.19,14.14,14.19
20151127,14.08,14.08,13.30,13.62,13.30,13.29,13.30
20151130,13.04,13.39,12.60,13.11,13.17,13.15,13.17
20151201,13.00,13.32,12.59,12.90,12.84,12.82,12.84
20151202,12.84,13.03,12.25,12.68,12.94,12.94,12.96
20151203,12.85,13.20,12.74,12.98,12.87,12.87,12.94
20151204,12.84,12.90,12.16,12.36,12.35,12.34,12.38
20151207,12.35,12.45,12.06,12.26,12.21,12.21,12.23
20151208,11.94,11.94,11.25,11.61,11.65,11.65,11.70
20151209,11.95,12.42,11.79,12.15,12.08,12.08,12.10
20151210,12.10,12.68,12.05,12.47,12.67,12.65,12.67
20151211,12.19,12.42,11.91,12.20,12.21,12.21,12.27
20151214,12.18,12.55,12.18,12.38,12.46,12.46,12.48
20151215,12.60,13.12,12.60,12.95,12.88,12.88,12.94
20151216,12.71,13.47,12.71,13.20,13.25,13.25,13.28
20151217,13.50,13.60,12.74,13.03,12.74,12.74,12.80
20151218,12.32,12.96,12.32,12.83,12.89,12.85,12.89
20151221,13.10,13.36,12.29,12.63,12.29,12.29,12.42
20151222,12.38,12.63,12.24,12.47,12.55,12.55,12.62
20151223,13.12,13.57,12.92,13.32,13.22,13.22,13.24
20151228,13.00,13.17,12.56,12.73,12.64,12.64,12.65
20151229,12.61,12.81,12.30,12.70,12.72,12.72,12.74
20151230,12.88,13.14,12.63,13.00,13.03,12.98,13.03
20160104,12.49,12.98,12.48,12.74,12.69,12.67,12.69
20160105,12.67,12.84,12.41,12.58,12.52,12.50,12.52
20160106,12.08,12.11,11.59,11.86,11.60,11.59,11.60
20160107,11.26,11.37,10.88,11.05,10.91,10.91,10.96
20160108,11.07,11.25,10.54,10.82,10.54,10.54,10.57
20160111,10.50,10.76,10.14,10.34,10.24,10.23,10.24
20160112,10.46,10.46,09.38,09.64,09.41,09.41,09.45
20160113,09.61,09.85,08.80,09.19,09.00,09.00,09.07
20160114,09.15,09.73,08.94,09.45,09.65,09.64,09.65
20160115,09.17,09.51,08.99,09.26,09.37,09.37,09.38
20160118,09.31,09.71,08.89,09.24,08.89,08.89,08.90
20160119,09.51,09.62,09.18,09.39,09.18,09.16,09.20
20160120,08.97,09.31,08.71,09.08,09.21,09.21,09.25
20160121,09.21,09.80,09.14,09.49,09.14,09.14,09.26
20160122,09.45,09.75,08.98,09.31,09.03,09.03,09.14
20160126,08.79,09.06,08.63,08.84,08.95,08.95,08.99
20160127,08.95,09.63,08.86,09.27,09.41,09.41,09.45
20160128,09.41,09.91,09.19,09.38,09.33,09.33,09.35
20160129,09.32,09.82,09.04,09.54,09.72,09.71,09.79
20160201,09.63,09.74,09.35,09.51,09.50,09.50,09.57
20160202,09.19,09.31,08.60,08.94,08.60,08.60,08.68
20160203,08.75,09.18,08.70,08.94,09.01,09.00,09.06
20160204,09.58,10.60,09.36,10.14,10.34,10.34,10.35
20160205,10.29,10.79,10.13,10.44,10.23,10.23,10.25
20160210,10.00,10.42,09.85,10.19,10.20,10.20,10.29
20160211,09.95,10.06,09.61,09.83,09.87,09.87,09.95
20160212,10.05,10.47,10.05,10.28,10.25,10.25,10.30
20160215,10.68,10.80,10.51,10.66,10.51,10.51,10.79
20160216,10.52,11.38,10.52,11.05,11.29,11.29,11.35
20160217,11.69,12.70,11.51,12.11,11.91,11.91,11.98
20160218,11.92,12.17,11.49,11.67,11.51,11.51,11.59
20160219,11.41,12.11,11.37,11.79,11.83,11.83,11.92
20160222,12.50,13.17,12.43,12.94,13.14,13.10,13.14
20160223,12.98,13.44,12.32,12.57,12.38,12.38,12.42
20160224,11.77,11.95,11.49,11.71,11.71,11.71,11.95
20160225,11.17,11.62,10.91,11.16,11.02,11.02,11.09
20160226,11.39,11.54,10.89,11.17,11.00,10.96,11.00
20160229,11.23,12.02,11.19,11.72,11.81,11.81,11.87
20160301,12.20,12.96,12.14,12.65,12.81,12.81,12.85
20160302,12.81,14.22,12.74,13.51,14.22,14.11,14.22
20160303,14.48,16.09,13.92,14.98,15.62,15.62,15.68
20160304,16.72,18.33,16.03,17.18,16.55,16.55,16.70
20160307,17.75,18.60,16.68,17.87,17.58,17.58,17.64
20160308,16.81,17.09,15.03,15.60,15.03,15.03,15.10
20160309,15.33,15.53,14.04,14.66,14.50,14.50,14.55
20160310,15.00,15.00,13.28,14.01,14.00,13.99,14.00
20160311,14.07,14.65,13.74,14.12,13.87,13.86,13.87
20160314,13.90,14.15,13.28,13.69,13.44,13.44,13.50
20160315,12.99,13.51,12.81,13.20,13.48,13.37,13.48
20160316,13.52,14.87,13.41,14.15,14.82,14.79,14.82
20160317,15.62,16.01,14.78,15.57,15.50,15.49,15.50
20160318,15.89,16.10,14.94,15.34,15.33,15.17,15.33
20160321,15.49,15.88,14.87,15.25,15.15,15.15,15.20
20160322,14.99,15.60,14.95,15.38,15.43,15.42,15.43
20160323,15.29,15.37,14.05,14.44,14.12,14.12,14.15
20160324,13.99,15.21,13.68,14.63,15.05,15.05,15.12
20160328,15.72,15.72,14.78,15.25,15.17,15.17,15.23
20160329,15.10,15.40,14.44,15.03,15.09,15.05,15.09
20160330,15.38,16.36,15.32,15.81,15.54,15.51,15.54
20160331,15.20,15.56,14.85,15.11,15.15,15.13,15.16
20160401,14.89,15.92,14.65,15.54,15.51,15.51,15.55
20160404,15.61,15.91,14.75,15.15,14.79,14.79,14.84
20160405,14.50,15.52,14.46,15.16,15.29,15.27,15.31
20160406,15.08,15.49,14.91,15.18,15.07,15.04,15.07
20160407,15.42,15.47,14.85,15.05,15.01,14.99,15.01
20160408,15.50,16.34,15.36,16.05,16.24,16.15,16.24
20160411,16.46,17.34,16.45,16.93,16.97,16.96,16.97
20160412,17.50,19.10,17.38,18.38,18.74,18.74,18.77
20160413,19.76,20.59,19.30,19.92,19.57,19.57,19.77
20160414,19.91,20.04,18.02,18.48,18.20,18.19,18.20
20160415,18.40,18.95,17.76,18.55,18.60,18.60,18.62
20160418,18.70,19.47,18.56,19.04,19.05,19.01,19.05
20160419,19.75,20.91,19.62,20.30,20.46,20.46,20.50
20160420,20.57,22.19,20.53,21.41,21.76,21.65,21.76
20160422,20.01,20.57,19.19,19.83,19.33,19.33,19.39
20160425,19.20,19.20,18.02,18.25,18.06,18.06,18.10
20160426,18.12,19.01,17.35,18.33,18.69,18.69,18.70
20160427,18.71,19.63,18.18,18.99,19.45,19.42,19.45
20160428,20.47,20.88,19.45,20.27,19.79,19.76,19.79
20160429,20.26,20.93,19.69,20.03,19.69,19.69,19.75
20160502,20.14,20.31,19.10,19.80,19.87,19.84,19.87
20160503,19.14,19.40,18.46,18.74,18.66,18.65,18.66
20160504,17.60,18.17,17.20,17.50,17.40,17.39,17.40
20160505,17.80,17.83,16.30,16.94,16.66,16.66,16.68
20160506,16.37,17.43,16.17,16.95,16.88,16.88,16.90
20160509,16.10,16.34,15.05,15.40,15.23,15.23,15.25
20160510,15.60,15.96,15.13,15.59,15.87,15.84,15.87
20160511,16.23,16.45,15.58,16.09,15.94,15.94,15.99
20160512,16.06,16.25,15.22,15.62,15.44,15.44,15.51
20160513,15.41,15.88,14.60,15.07,14.68,14.68,14.74
20160516,14.60,15.66,14.60,15.11,14.93,14.76,14.93
20160517,15.18,15.74,14.61,15.24,15.13,15.13,15.24
20160518,14.82,15.31,14.69,14.95,14.71,14.70,14.71
20160519,14.34,14.92,14.07,14.58,14.89,14.85,14.89
20160520,15.25,15.39,13.95,14.42,14.13,14.13,14.15
20160523,13.66,14.68,13.66,14.35,14.44,14.42,14.44
20160524,14.61,14.79,13.95,14.17,14.02,14.02,14.05
20160525,14.10,14.72,13.99,14.52,14.62,14.62,14.64
20160527,14.70,14.91,14.29,14.52,14.29,14.28,14.29
20160530,14.39,14.47,14.12,14.31,14.28,14.27,14.28
20160531,14.07,14.93,13.94,14.38,14.22,14.22,14.28
20160601,14.09,14.50,13.80,14.22,14.43,14.42,14.43
20160602,14.37,14.95,14.21,14.76,14.95,14.85,14.95
20160603,15.26,16.32,15.11,15.87,16.24,16.21,16.24
20160606,16.61,16.93,16.25,16.64,16.89,16.89,16.90
20160607,16.84,17.35,16.48,16.80,16.57,16.57,16.61
20160608,16.78,17.16,16.58,16.92,17.00,16.96,17.00
20160609,16.80,16.80,15.49,15.83,15.70,15.70,15.72
20160610,15.14,15.32,14.82,15.11,14.95,14.94,14.95
20160613,14.66,15.49,14.50,15.19,15.20,15.20,15.23
20160614,15.11,15.39,14.42,14.76,14.63,14.62,14.63
20160615,14.80,15.51,14.76,15.15,15.00,14.94,15.00
20160616,14.79,15.40,14.64,15.05,15.23,15.12,15.23
20160617,15.64,15.93,15.08,15.37,15.28,15.16,15.28
20160620,15.77,16.00,15.51,15.78,15.57,15.52,15.57
20160621,15.62,15.67,15.11,15.41,15.60,15.59,15.60
20160622,15.81,16.24,15.80,16.03,15.85,15.85,15.90
20160623,16.26,16.64,15.95,16.35,16.59,16.55,16.59
20160624,15.48,15.83,15.10,15.38,15.21,15.20,15.21
20160627,15.31,15.45,14.61,14.93,14.80,14.70,14.80
20160628,15.20,15.69,15.17,15.48,15.46,15.46,15.50
20160629,15.88,16.04,15.65,15.84,15.71,15.71,15.77
20160630,15.89,16.34,15.72,16.10,16.27,16.25,16.27
20160701,16.31,16.82,15.96,16.49,16.62,16.62,16.68
20160704,16.86,17.15,16.86,17.01,16.97,16.97,17.00
20160705,16.61,17.03,15.94,16.25,16.06,16.06,16.08
20160706,15.84,16.33,15.51,15.96,16.29,16.23,16.29
20160707,16.35,16.74,15.73,16.11,16.02,16.00,16.02
20160708,16.26,16.65,16.12,16.28,16.19,16.19,16.22
20160711,16.55,16.95,16.47,16.79,16.86,16.86,16.89
20160712,17.44,17.92,17.37,17.69,17.69,17.66,17.69
20160713,17.75,17.92,17.07,17.59,17.82,17.81,17.82
20160714,18.10,18.10,17.05,17.38,17.35,17.33,17.36
20160715,17.36,17.67,17.13,17.39,17.34,17.34,17.40
20160718,17.35,17.60,17.03,17.37,17.58,17.57,17.58
20160719,17.24,17.33,16.51,16.76,16.84,16.83,16.84
20160720,16.83,17.03,16.40,16.63,16.51,16.50,16.51
20160721,16.89,17.54,16.84,17.26,17.40,17.32,17.40
20160722,17.28,17.36,16.75,17.02,17.15,17.08,17.15
20160725,17.34,17.45,16.94,17.29,17.42,17.36,17.42
20160726,17.46,18.60,17.39,18.17,18.42,18.42,18.46
20160727,18.60,19.09,18.60,18.86,18.92,18.80,18.92
20160728,19.06,19.20,18.38,18.89,19.04,19.04,19.05
20160729,18.90,18.90,18.11,18.42,18.50,18.50,18.56
20160801,18.80,19.08,17.90,18.37,17.90,17.90,17.91
20160802,18.01,18.48,17.65,18.00,17.99,17.98,17.99
20160803,17.91,18.92,17.65,18.42,18.82,18.73,18.82
20160804,18.58,19.09,18.37,18.79,18.76,18.76,18.80
20160805,19.11,19.22,18.73,19.01,18.97,18.97,19.00
20160808,19.05,19.38,18.76,19.08,18.98,18.92,18.98
20160809,19.05,19.39,18.91,19.10,18.99,18.99,19.10
20160810,19.19,19.22,18.09,18.32,18.09,18.09,18.18
20160811,18.15,18.44,17.90,18.24,18.41,18.40,18.41
20160812,18.34,18.38,17.77,18.01,17.96,17.96,17.97
20160815,18.08,18.49,18.01,18.35,18.43,18.43,18.48
20160816,18.58,19.25,18.55,19.01,18.98,18.97,18.98
20160817,18.80,19.18,18.42,18.86,19.12,19.10,19.12
20160818,19.14,19.34,18.67,18.94,18.92,18.92,19.00
20160819,18.90,19.29,18.68,19.04,19.08,19.00,19.08
20160822,18.94,18.94,18.28,18.53,18.38,18.38,18.45
20160823,18.75,19.20,18.70,18.97,18.75,18.75,18.81
20160824,18.60,18.80,18.02,18.43,18.15,18.10,18.15
20160825,18.20,18.54,18.09,18.25,18.18,18.18,18.22
20160826,18.31,18.60,17.55,18.09,17.71,17.70,17.71
20160829,17.85,18.30,17.75,18.09,18.10,18.10,18.11
20160830,18.11,18.19,17.61,17.85,17.65,17.65,17.70
20160831,17.65,17.70,16.84,17.13,16.94,16.94,16.97
20160901,17.05,17.53,17.02,17.35,17.44,17.44,17.46
20160902,17.70,18.37,17.65,18.06,18.24,18.23,18.24
20160905,18.39,18.39,17.85,17.95,17.90,17.90,17.96
20160906,17.99,18.32,17.69,18.04,18.27,18.20,18.27
20160908,18.01,18.17,17.66,17.78,17.79,17.79,17.80
20160909,17.66,17.71,16.86,17.16,16.86,16.86,16.94
20160912,16.84,17.55,16.58,17.28,17.49,17.46,17.49
20160913,17.08,17.14,16.16,16.49,16.27,16.27,16.30
20160914,16.50,16.86,16.36,16.68,16.64,16.64,16.70
20160915,16.78,17.00,16.45,16.76,16.64,16.63,16.64
20160916,16.58,16.60,16.22,16.42,16.41,16.40,16.41
20160919,16.75,16.92,16.49,16.72,16.66,16.65,16.66
20160920,16.72,16.80,16.38,16.56,16.70,16.65,16.70
20160921,17.21,17.65,17.10,17.34,17.65,17.60,17.65
20160922,17.86,17.96,17.32,17.58,17.55,17.47,17.55
20160923,17.47,17.84,17.31,17.61,17.65,17.60,17.65
20160926,17.39,17.68,17.38,17.51,17.44,17.43,17.44
20160927,17.35,17.63,17.10,17.42,17.60,17.50,17.60
20160928,17.68,18.22,17.65,18.00,18.19,18.19,18.20
20160929,18.21,18.42,17.87,18.14,17.99,17.98,17.99
20160930,18.02,18.08,17.66,17.88,17.81,17.81,17.83
20161003,17.85,18.27,17.75,18.08,18.10,18.10,18.20
20161004,18.20,18.30,17.56,17.86,17.65,17.65,17.66
20161005,17.88,18.01,17.71,17.86,17.86,17.80,17.86
20161006,17.84,17.95,17.70,17.80,17.80,17.77,17.80
20161007,17.97,18.28,17.72,18.02,18.00,18.00,18.02
20161010,18.24,19.09,18.16,18.78,19.05,19.00,19.05
20161011,18.88,19.10,18.40,18.61,18.60,18.59,18.60
20161013,18.25,18.25,17.70,17.87,17.75,17.75,17.76
20161014,18.10,18.33,17.97,18.10,18.02,18.01,18.02
20161017,18.09,18.45,17.98,18.25,18.24,18.21,18.24
20161018,18.50,18.88,18.34,18.63,18.77,18.72,18.77
20161019,18.76,18.92,18.51,18.70,18.62,18.62,18.69
20161020,18.67,19.17,18.65,18.93,19.10,19.10,19.11
20161021,19.15,20.20,18.88,19.76,19.91,19.90,19.91
20161024,20.30,20.61,20.02,20.31,20.30,20.30,20.35
20161025,20.83,21.35,20.62,21.07,21.35,21.30,21.35
20161026,21.10,21.86,20.82,21.37,21.77,21.77,21.80
20161027,22.10,22.31,21.66,22.02,22.00,21.99,22.00
20161028,21.85,22.47,21.83,22.20,22.14,22.05,22.14
20161031,22.15,22.34,21.66,21.99,22.08,22.07,22.08
20161101,22.37,22.65,21.57,22.09,22.30,22.23,22.30
20161103,22.05,22.66,21.88,22.23,21.96,21.90,21.96
20161104,21.81,22.12,21.44,21.70,21.61,21.61,21.63
20161107,22.39,23.21,22.20,22.81,23.13,23.13,23.20
20161108,23.01,24.30,22.98,23.69,23.97,23.93,23.97
20161109,23.60,25.89,23.32,24.95,25.00,25.00,25.10
20161110,25.96,27.41,25.80,26.65,26.87,26.86,26.87
20161111,27.69,28.01,25.80,26.62,25.98,25.89,25.98
20161114,25.82,26.74,25.56,26.24,26.46,26.46,26.48
20161116,25.09,25.32,24.17,24.78,25.15,25.07,25.15
20161117,25.49,25.60,24.74,25.15,24.74,24.74,24.89
20161118,24.60,24.87,23.72,24.19,24.57,24.57,24.61
20161121,24.75,25.90,24.65,25.45,25.83,25.83,25.85
20161122,27.07,27.88,26.90,27.44,27.77,27.73,27.77
20161123,27.75,28.37,27.34,28.06,28.17,28.14,28.19
20161124,28.29,28.53,27.59,27.93,27.59,27.59,27.67
20161125,27.53,28.90,27.51,28.44,28.90,28.81,28.90
20161128,29.00,31.01,28.59,29.99,31.01,31.00,31.02
20161129,30.43,30.45,28.86,29.55,29.18,29.15,29.18
20161130,28.98,29.55,27.92,28.43,28.06,28.06,28.75
20161201,29.07,30.25,27.91,29.26,28.47,28.47,28.52
20161202,27.81,29.49,27.45,28.71,29.49,29.43,29.49
20161205,29.77,30.15,29.21,29.71,29.60,29.60,29.73
20161206,29.32,30.00,29.13,29.65,30.00,29.80,30.00
20161207,30.88,31.48,30.43,30.94,31.03,31.03,31.10
20161208,31.30,31.65,30.00,30.62,30.13,30.03,30.13
20161209,30.28,30.40,29.46,29.89,29.61,29.61,29.69
20161212,29.79,30.05,29.19,29.55,29.49,29.37,29.49
20161213,28.95,29.51,28.06,28.54,28.33,28.31,28.33
20161214,28.15,28.67,27.50,28.10,27.88,27.88,28.00
20161215,27.80,28.63,27.34,28.03,28.23,27.87,28.00
20161216,28.28,28.59,27.75,27.95,27.75,27.75,27.83
20161219,27.70,27.94,25.99,26.70,26.05,26.05,26.10
20161220,26.21,26.64,25.92,26.36,26.58,26.57,26.58
20161221,26.71,26.94,26.22,26.47,26.48,26.48,26.49
20161222,25.90,26.03,25.21,25.57,25.38,25.36,25.38
20161223,25.46,25.72,25.18,25.33,25.19,25.19,25.25
20161226,25.33,26.07,25.14,25.82,25.99,25.99,26.03
20161227,26.23,26.39,25.83,26.02,25.86,25.86,25.92
20161228,26.21,26.92,26.21,26.69,26.68,26.68,26.75
20161229,26.68,26.85,25.50,25.86,25.68,25.68,25.69
20170102,25.28,25.49,25.05,25.26,25.06,25.06,25.13
20170103,25.51,26.17,25.40,25.85,26.17,26.03,26.17
20170104,26.06,26.23,25.36,25.73,25.70,25.70,25.71
20170105,25.98,26.90,25.78,26.56,26.68,26.68,26.69
20170106,26.29,26.59,25.86,26.06,25.97,25.93,25.97
20170109,26.30,26.85,26.27,26.64,26.50,26.50,26.67
20170110,27.42,28.54,27.42,28.05,28.54,28.50,28.54
20170111,28.81,29.19,28.33,28.86,29.13,29.13,29.14
20170112,30.08,30.42,29.71,30.05,30.07,30.07,30.09
20170113,29.89,31.20,29.70,30.78,30.99,30.99,31.03
20170116,31.20,32.11,31.20,31.82,31.82,31.82,31.83
20170117,31.23,31.30,30.49,30.84,30.57,30.57,30.64
20170118,30.35,32.69,30.35,31.71,32.11,32.10,32.11
20170119,32.00,32.02,31.03,31.47,31.47,31.46,31.47
20170120,30.99,32.43,30.95,31.67,32.10,32.10,32.22
20170123,32.21,33.48,32.19,32.99,33.31,33.28,33.31
20170124,34.07,34.72,33.27,34.08,34.13,34.07,34.14
20170126,34.42,34.63,33.60,33.99,33.60,33.60,33.63
20170127,33.48,34.20,33.41,33.73,33.70,33.70,33.72
20170130,33.22,33.49,32.14,32.53,32.25,32.21,32.25
20170131,32.70,32.95,32.11,32.32,32.18,32.18,32.21
20170201,32.70,33.51,32.68,32.97,32.89,32.88,32.89
20170202,32.41,33.44,32.41,32.83,32.66,32.64,32.66
20170203,32.00,32.00,30.39,31.03,30.61,30.60,30.62
20170206,30.66,30.77,29.87,30.25,29.92,29.92,29.94
20170207,30.64,31.33,30.08,30.61,30.24,30.20,30.24
20170208,30.79,30.82,30.04,30.35,30.59,30.47,30.59
20170209,30.52,31.35,30.26,30.96,31.08,31.08,31.10
20170210,32.16,32.80,32.10,32.52,32.80,32.79,32.80
20170213,34.21,35.85,34.02,35.11,35.81,35.78,35.81
20170214,35.53,35.56,34.03,34.71,34.40,34.40,34.60
20170215,34.70,34.75,33.69,34.13,33.82,33.76,33.82
20170216,33.78,34.44,33.62,34.06,33.77,33.75,33.77
20170217,33.61,34.30,33.39,34.01,34.07,34.07,34.11
20170220,35.89,36.56,35.78,36.17,36.43,36.39,36.43
20170221,36.84,37.28,35.28,35.84,35.54,35.53,35.54
20170222,35.33,35.33,34.03,34.42,34.69,34.67,34.69
20170223,35.19,35.25,32.80,33.57,33.17,33.16,33.17
20170224,32.15,33.91,32.00,32.91,32.72,32.72,32.75
20170301,33.05,33.38,32.85,33.18,33.17,33.16,33.17
20170302,33.30,33.60,31.35,31.87,31.46,31.45,31.46
20170303,31.89,32.29,31.36,31.71,31.82,31.76,31.82
20170306,31.40,31.61,30.68,31.07,31.10,31.10,31.19
20170307,31.19,31.87,30.80,31.13,30.92,30.90,30.92
20170308,31.22,31.35,29.83,30.38,30.12,30.04,30.12
20170309,29.45,30.58,29.07,29.91,30.18,30.18,30.20
20170310,30.66,31.02,29.65,30.12,29.65,29.65,29.72
20170313,30.74,31.38,30.70,31.03,31.01,31.01,31.03
20170314,30.75,31.50,30.29,31.02,31.17,31.17,31.19
20170315,31.91,33.32,31.57,32.63,33.32,33.27,33.32
20170316,33.62,33.84,32.28,32.65,32.53,32.46,32.53
20170317,32.69,32.77,31.30,31.53,31.30,31.30,31.46
20170320,31.15,31.89,30.90,31.48,31.63,31.54,31.63
20170321,30.89,30.97,28.95,29.59,29.04,29.04,29.06
20170322,28.45,30.08,28.29,29.36,29.40,29.40,29.49
20170323,29.04,29.63,28.43,29.07,29.24,29.16,29.24
20170324,29.50,29.51,28.55,28.92,29.00,28.90,29.00
20170327,27.99,29.62,27.25,28.61,29.39,29.38,29.39
20170328,29.67,30.00,29.36,29.73,29.81,29.81,29.82
20170329,30.08,30.52,29.55,30.18,30.11,30.11,30.12
20170330,30.00,30.39,29.75,30.14,30.10,30.10,30.13
20170331,29.53,30.35,29.29,29.95,29.79,29.79,29.86
20170403,29.81,30.00,29.09,29.40,29.51,29.50,29.51
20170404,29.56,30.71,29.30,30.30,30.65,30.60,30.65
20170405,31.00,31.48,29.27,30.27,29.45,29.45,29.46
20170406,29.73,29.89,28.65,29.07,28.91,28.83,28.91
20170407,28.20,29.54,27.93,28.84,29.15,29.11,29.15
20170410,29.14,29.27,28.38,28.81,29.03,28.90,29.03
20170411,29.08,29.29,27.82,28.52,28.66,28.66,28.71
20170412,27.60,28.00,27.28,27.52,27.42,27.40,27.42
20170413,27.38,27.90,27.28,27.55,27.42,27.42,27.51
20170417,27.25,27.47,26.68,27.11,27.43,27.43,27.44
20170418,26.55,26.76,26.15,26.50,26.61,26.61,26.65
20170419,26.90,27.44,26.54,27.03,26.67,26.67,26.71
20170420,27.29,28.10,27.12,27.74,28.05,28.04,28.05
20170424,27.95,27.96,27.09,27.41,27.45,27.44,27.45
20170425,27.32,28.35,27.12,27.98,28.35,28.32,28.35
20170426,28.29,28.59,27.73,28.12,27.73,27.73,27.79
20170427,27.89,28.16,26.42,26.88,26.83,26.80,26.84
20170428,27.14,27.71,27.07,27.43,27.47,27.33,27.47
20170502,27.70,28.18,27.60,27.92,28.06,27.89,28.07
20170503,27.60,27.71,26.31,26.75,26.32,26.30,26.32
20170504,25.95,25.95,25.06,25.31,25.35,25.35,25.36
20170505,25.20,26.40,25.20,25.99,26.05,26.04,26.07
20170508,26.00,26.15,25.43,25.84,26.03,26.00,26.03
20170509,26.40,26.82,26.18,26.52,26.50,26.48,26.50
20170510,26.88,27.05,26.18,26.61,26.56,26.50,26.56
20170511,26.62,26.71,26.18,26.36,26.32,26.31,26.32
20170512,26.68,26.70,25.74,26.07,25.91,25.91,25.92
20170515,26.07,26.65,25.92,26.26,26.65,26.61,26.65
20170516,26.82,27.42,26.68,27.06,27.26,27.25,27.26
20170517,27.33,27.48,26.63,26.91,26.84,26.84,26.85
20170518,25.00,27.40,25.00,26.80,26.86,26.86,26.87
20170519,27.15,27.97,27.00,27.46,27.25,27.24,27.28
20170522,27.25,28.17,26.92,27.69,27.92,27.80,27.93
20170523,27.75,28.36,27.16,28.05,28.26,28.23,28.26
20170524,28.13,28.13,27.27,27.54,27.52,27.51,27.52
20170525,27.51,27.94,27.15,27.55,27.70,27.70,27.76
20170526,27.49,27.92,27.33,27.76,27.86,27.74,27.86
20170529,27.58,28.75,27.58,28.33,28.06,28.06,28.11
20170530,28.15,28.90,27.92,28.61,28.60,28.60,28.63
20170531,28.20,28.27,26.87,27.20,27.17,27.05,27.17
20170601,27.15,27.37,26.49,26.79,26.67,26.65,26.70
20170602,26.90,26.99,26.39,26.66,26.78,26.76,26.78
20170605,26.35,26.65,26.22,26.44,26.49,26.49,26.54
20170606,26.31,27.16,26.31,26.86,26.58,26.57,26.69
20170607,26.90,27.04,26.33,26.50,26.45,26.43,26.45
20170608,26.35,27.28,26.32,26.89,27.02,27.02,27.17
20170609,27.16,27.54,26.93,27.32,27.30,27.30,27.34
20170612,27.39,27.51,26.53,26.95,26.84,26.84,26.90
20170613,26.65,26.89,26.15,26.37,26.37,26.32,26.37
20170614,26.64,26.73,25.81,26.19,26.10,26.02,26.10
20170616,25.81,26.01,25.40,25.61,25.56,25.56,25.64
20170619,25.99,26.89,25.90,26.49,26.39,26.38,26.39
20170620,26.12,26.14,25.52,25.76,25.71,25.71,25.80
20170621,25.90,26.78,25.80,26.41,26.47,26.47,26.51
20170622,26.45,27.51,26.32,27.15,27.02,27.01,27.02
20170623,27.02,27.49,26.77,27.28,27.24,27.24,27.34
20170626,27.34,27.67,27.30,27.51,27.47,27.47,27.50
20170627,28.35,28.95,27.89,28.46,27.92,27.92,28.00
20170628,28.51,28.88,28.34,28.62,28.79,28.79,28.80
20170629,29.12,29.37,28.51,28.96,28.90,28.85,28.90
20170630,28.95,29.19,28.66,28.94,29.00,29.00,29.04
20170703,29.26,29.71,29.10,29.53,29.65,29.61,29.66
20170704,29.46,29.62,29.36,29.51,29.62,29.60,29.62
20170705,29.63,29.85,28.72,29.04,28.93,28.93,28.94
20170706,28.84,28.98,28.44,28.72,28.92,28.92,28.93
20170707,29.12,29.38,28.43,28.81,28.89,28.88,28.89
20170710,28.90,29.75,28.62,29.40,29.71,29.65,29.71
20170711,29.83,30.09,29.64,29.93,30.04,30.01,30.04
20170712,30.20,30.29,29.47,29.82,29.90,29.90,29.97
20170713,30.11,30.24,29.02,29.35,29.18,29.18,29.19
20170714,29.45,29.71,29.30,29.55,29.52,29.52,29.55
20170717,29.85,30.27,29.64,29.93,29.72,29.72,29.76
20170718,29.90,30.04,29.52,29.75,29.90,29.83,29.90
20170719,30.01,30.17,29.73,29.93,29.90,29.86,29.90
20170720,29.83,29.83,28.65,28.93,28.72,28.70,28.72
20170721,28.70,29.04,28.32,28.63,28.50,28.50,28.52
20170724,28.62,29.16,28.50,28.99,29.13,29.12,29.13
20170725,29.56,30.65,29.56,30.33,30.61,30.57,30.61
20170726,30.90,30.90,29.65,30.07,29.66,29.66,29.70
20170727,29.66,30.21,29.27,29.78,29.70,29.70,29.72
20170728,29.53,30.35,29.33,30.06,30.34,30.30,30.34
20170731,31.50,31.52,31.04,31.30,31.30,31.29,31.32
20170801,31.25,31.25,30.70,30.96,31.06,31.01,31.06
20170802,30.70,31.27,30.54,31.00,31.11,31.11,31.12
20170803,31.14,31.23,30.64,30.82,30.68,30.68,30.70
20170804,30.96,31.49,30.74,31.20,31.23,31.23,31.29
20170807,31.60,32.43,31.59,32.18,32.42,32.33,32.42
20170808,32.09,32.62,31.56,32.05,32.05,32.05,32.16
20170809,32.00,32.25,31.70,31.88,31.92,31.89,31.92
20170810,31.79,32.03,31.39,31.64,31.50,31.47,31.50
20170811,31.27,31.27,30.56,30.85,30.80,30.80,30.81
20170814,30.78,31.47,30.54,31.26,31.30,31.29,31.30
20170815,31.30,31.45,30.69,31.06,31.12,31.11,31.12
20170816,31.40,32.07,31.32,31.75,31.73,31.73,31.87
20170817,31.89,32.04,31.11,31.52,31.20,31.19,31.20
20170818,31.80,32.05,31.41,31.75,31.55,31.55,31.65
20170821,31.99,32.24,31.71,31.97,31.75,31.74,31.75
20170822,32.35,32.39,31.71,32.05,31.86,31.86,31.88
20170823,31.74,32.55,31.60,32.33,32.54,32.53,32.54
20170824,32.56,34.00,32.33,33.43,33.88,33.85,33.88
20170825,34.12,34.33,33.42,33.87,33.83,33.83,33.84
20170828,33.70,34.49,33.65,34.22,34.36,34.35,34.36
20170829,34.00,34.66,33.91,34.32,34.44,34.40,34.44
20170830,34.50,34.71,34.24,34.42,34.34,34.34,34.35
20170831,34.92,35.18,34.45,34.99,35.08,35.00,35.08
20170901,35.50,35.98,35.26,35.65,35.67,35.67,35.78
20170904,35.38,36.19,35.31,35.82,36.10,36.10,36.12
20170905,36.50,36.69,35.18,35.84,35.60,35.58,35.60
20170906,35.82,36.09,35.47,35.77,35.80,35.80,35.87
20170908,35.69,36.11,34.47,34.90,34.48,34.48,34.49
20170911,34.80,35.21,34.73,35.02,35.09,35.09,35.10
20170912,35.37,35.73,35.23,35.51,35.26,35.26,35.28
20170913,35.05,35.13,34.39,34.70,34.77,34.76,34.77
20170914,34.00,34.10,33.35,33.64,33.62,33.62,33.65
20170915,33.36,34.14,33.30,33.84,33.80,33.80,33.89
20170918,33.81,34.31,33.78,34.15,34.25,34.24,34.25
20170919,33.80,33.99,33.33,33.69,33.92,33.92,33.93
20170920,33.88,34.15,32.77,33.37,33.17,33.16,33.20
20170921,32.65,32.77,32.16,32.45,32.51,32.51,32.53
20170922,32.15,32.38,31.85,32.02,31.91,31.90,31.91
20170925,31.80,32.29,31.00,31.42,31.09,31.08,31.10
20170926,31.47,31.93,31.41,31.68,31.50,31.50,31.51
20170927,31.98,32.25,31.03,31.65,31.93,31.92,31.94
20170928,31.51,31.85,31.28,31.56,31.75,31.72,31.75
20170929,32.14,32.40,31.61,31.94,31.87,31.87,31.90
20171002,32.25,32.43,31.87,32.09,31.90,31.90,31.91
20171003,32.09,32.68,31.76,32.27,32.68,32.64,32.68
20171004,32.88,33.07,32.61,32.79,32.61,32.61,32.63
20171005,33.00,33.19,32.24,32.74,32.27,32.25,32.27
20171006,32.07,32.15,31.83,32.00,32.14,32.11,32.15
20171009,32.05,32.10,31.26,31.55,31.50,31.49,31.50
20171010,31.65,31.70,30.94,31.29,31.32,31.31,31.32
20171011,30.94,31.49,30.73,31.10,31.10,31.09,31.10
20171013,32.10,33.10,32.00,32.55,32.91,32.91,32.96
20171016,33.38,33.64,32.83,33.36,33.35,33.34,33.35
20171017,33.11,33.32,32.58,32.82,32.58,32.58,32.68
20171018,32.76,32.95,31.79,32.28,32.27,32.27,32.28
20171019,31.75,33.07,31.71,32.37,33.00,32.99,33.00
20171020,33.75,33.78,32.95,33.41,32.95,32.95,33.00
20171023,33.00,33.20,32.64,32.87,32.71,32.71,32.76
20171024,32.88,33.83,32.55,33.39,33.83,33.76,33.83
20171025,33.63,33.86,33.07,33.43,33.55,33.55,33.58
20171026,33.87,33.90,32.67,33.07,32.67,32.66,32.67
20171027,32.29,32.87,32.03,32.49,32.55,32.54,32.55
20171030,32.19,32.93,31.84,32.39,32.35,32.34,32.35
20171031,32.42,32.69,32.01,32.33,32.10,32.10,32.20
20171101,32.80,33.28,32.69,32.97,32.82,32.81,32.82
20171103,33.20,33.54,33.00,33.35,33.54,33.53,33.54
20171106,33.89,34.34,33.83,34.18,34.34,34.31,34.34
20171107,34.24,34.24,33.52,33.87,33.52,33.52,33.60
20171108,33.81,33.95,33.45,33.75,33.94,33.93,33.94
20171109,33.70,33.71,32.80,33.12,32.80,32.80,32.81
20171110,32.78,33.03,32.50,32.77,32.77,32.76,32.78
20171113,32.84,33.44,32.59,33.06,33.14,33.14,33.15
20171114,33.02,33.10,31.94,32.44,32.16,32.15,32.17
20171116,32.46,32.79,32.03,32.50,32.60,32.60,32.70
20171117,32.59,33.17,32.32,32.78,32.92,32.92,32.94
20171121,33.29,34.05,33.15,33.74,34.05,34.00,34.05
20171122,34.40,34.97,34.28,34.70,34.74,34.72,34.74
20171123,34.83,35.35,34.57,35.03,35.20,35.20,35.21
20171124,35.18,35.85,35.11,35.64,35.79,35.60,35.79
20171127,35.46,35.78,35.08,35.36,35.41,35.40,35.41
20171128,35.45,36.65,35.25,36.07,36.25,36.25,36.26
20171129,36.28,36.58,35.63,35.98,35.70,35.70,35.77
20171130,35.70,36.08,34.93,35.29,35.14,35.09,35.14
20171201,35.20,35.97,34.89,35.44,35.48,35.48,35.49
20171204,35.96,36.98,35.85,36.54,36.83,36.83,36.85
20171205,36.81,37.40,36.02,36.63,36.02,36.02,36.05
20171206,35.58,35.99,35.36,35.65,35.76,35.76,35.79
20171207,35.05,35.50,34.90,35.22,35.34,35.30,35.34
20171208,35.81,35.95,35.46,35.58,35.48,35.47,35.48
20171211,35.83,36.00,35.48,35.82,35.76,35.76,35.83
20171212,35.63,36.18,35.22,35.78,36.18,36.16,36.18
20171213,36.43,36.48,36.05,36.23,36.11,36.11,36.14
20171214,35.91,36.58,35.79,36.25,36.24,36.24,36.26
20171215,36.51,37.28,36.36,36.89,36.89,36.89,36.90
20171218,37.49,38.02,37.34,37.69,37.84,37.83,37.84
20171219,37.71,38.10,37.64,37.87,37.85,37.85,37.95
20171220,37.97,39.21,37.97,38.81,39.15,39.12,39.15
20171221,39.10,39.73,39.08,39.49,39.73,39.70,39.74
20171222,39.34,39.83,39.22,39.65,39.79,39.78,39.79
20171226,39.61,40.00,39.02,39.61,39.85,39.84,39.85
20171227,39.80,40.21,39.63,39.88,39.86,39.86,39.88
20171228,40.01,40.26,39.93,40.14,40.26,40.24,40.26
